label,message_length_chars,word_count,url_count,attachment_count,subject_has_urgent,subject_has_account,body_has_urgent,body_has_verify,body_has_winner,body_has_password,sender_is_noreply,sender_domain_has_digit,has_html,subject_length_chars,uppercase_ratio,source_archive,message_id
1,1533.0,172.0,0.0,0.0,0.0,0.0,0.0,0.0,0.0,0.0,0.0,0.0,1.0,30.0,0.1329032258064516,20030228_spam.tar.bz2,bb9b2ee480076ceb
1,781.0,144.0,7.0,0.0,0.0,0.0,0.0,0.0,0.0,0.0,0.0,1.0,0.0,53.0,0.07984790874524715,20030228_spam.tar.bz2,b184009ede9141f8
1,636.0,122.0,6.0,0.0,0.0,0.0,0.0,0.0,0.0,0.0,0.0,1.0,0.0,71.0,0.0889423076923077,20030228_spam.tar.bz2,8f6272eaef144851
1,2915.0,436.0,6.0,0.0,0.0,0.0,0.0,0.0,0.0,1.0,0.0,0.0,0.0,87.0,0.11123787792355962,20030228_spam.tar.bz2,5772655fb6526b06
1,659.0,113.0,5.0,0.0,0.0,0.0,0.0,0.0,0.0,0.0,0.0,1.0,0.0,64.0,0.06479481641468683,20030228_spam.tar.bz2,d205eb9c8a237301
1,2411.0,413.0,0.0,0.0,0.0,1.0,1.0,0.0,0.0,0.0,0.0,0.0,0.0,34.0,0.24920331421287445,20030228_spam.tar.bz2,4fa513529d9b2b9b
1,692.0,118.0,2.0,0.0,0.0,0.0,0.0,0.0,0.0,0.0,0.0,0.0,0.0,41.0,0.04669260700389105,20030228_spam.tar.bz2,5587807b85eebb8d
1,13580.0,503.0,1.0,0.0,0.0,0.0,0.0,0.0,0.0,0.0,0.0,0.0,1.0,25.0,0.13613323678493844,20030228_spam.tar.bz2,8a24017293ad63aa
1,2849.0,505.0,0.0,0.0,0.0,1.0,1.0,0.0,0.0,0.0,0.0,0.0,0.0,55.0,0.2515625,20030228_spam.tar.bz2,10a438810dd133f4
1,1557.0,86.0,0.0,0.0,0.0,0.0,0.0,0.0,0.0,0.0,0.0,0.0,1.0,28.0,0.3659217877094972,20030228_spam.tar.bz2,e3b1d98f7326578e
1,760.0,124.0,3.0,0.0,0.0,0.0,0.0,0.0,0.0,0.0,0.0,0.0,0.0,70.0,0.2605932203389831,20030228_spam.tar.bz2,6d8b3789ffad5343
1,244.0,31.0,0.0,0.0,0.0,0.0,0.0,0.0,0.0,0.0,0.0,1.0,1.0,50.0,0.11688311688311688,20030228_spam.tar.bz2,cf86e010ed847b3f
1,636.0,122.0,6.0,0.0,0.0,0.0,0.0,0.0,0.0,0.0,0.0,1.0,0.0,67.0,0.0889423076923077,20030228_spam.tar.bz2,d9dc4b72081e36e4
1,1267.0,157.0,1.0,0.0,0.0,0.0,0.0,0.0,0.0,0.0,0.0,0.0,1.0,32.0,0.12231182795698925,20030228_spam.tar.bz2,a3ae48dc957aa58b
1,1323.0,100.0,0.0,0.0,0.0,0.0,0.0,0.0,0.0,0.0,0.0,0.0,1.0,46.0,0.10655737704918032,20030228_spam.tar.bz2,57728cd5dca9663c
1,2488.0,429.0,0.0,0.0,0.0,0.0,1.0,0.0,0.0,0.0,0.0,0.0,0.0,15.0,0.36904761904761907,20030228_spam.tar.bz2,99b2f848bbd9be72
1,703.0,118.0,2.0,0.0,0.0,0.0,0.0,0.0,0.0,0.0,0.0,0.0,0.0,34.0,0.03861003861003861,20030228_spam.tar.bz2,78e10f85100979f1
1,2532.0,432.0,0.0,0.0,0.0,0.0,0.0,0.0,0.0,0.0,0.0,0.0,0.0,14.0,1.0,20030228_spam.tar.bz2,1b5d3beaac72beba
1,498.0,65.0,2.0,0.0,0.0,0.0,1.0,0.0,0.0,0.0,0.0,1.0,0.0,99.0,0.025396825396825397,20030228_spam.tar.bz2,6db9f789892cdf1b
1,780.0,144.0,7.0,0.0,0.0,0.0,0.0,0.0,0.0,0.0,0.0,1.0,0.0,67.0,0.07984790874524715,20030228_spam.tar.bz2,7386a92addb9a57d
1,2619.0,421.0,1.0,0.0,0.0,0.0,1.0,0.0,0.0,0.0,0.0,0.0,0.0,15.0,0.08760890609874153,20030228_spam.tar.bz2,d6ed0847b83dfc6f
1,2711.0,456.0,0.0,1.0,0.0,0.0,1.0,0.0,0.0,0.0,0.0,0.0,0.0,12.0,0.05558150397010743,20030228_spam.tar.bz2,854f6c13a3d87ada
1,1400.0,228.0,0.0,0.0,0.0,0.0,0.0,0.0,0.0,0.0,0.0,0.0,1.0,40.0,0.1476833976833977,20030228_spam.tar.bz2,aa822cc2114325f5
1,3712.0,170.0,2.0,0.0,0.0,0.0,0.0,0.0,0.0,0.0,0.0,0.0,1.0,22.0,0.16054421768707483,20030228_spam.tar.bz2,8530937a306f235e
1,202.0,30.0,0.0,0.0,0.0,0.0,0.0,0.0,0.0,0.0,0.0,0.0,1.0,43.0,0.022900763358778626,20030228_spam.tar.bz2,54edf63702438ae2
1,2533.0,432.0,0.0,0.0,0.0,0.0,0.0,0.0,0.0,0.0,0.0,0.0,0.0,14.0,1.0,20030228_spam.tar.bz2,9d1ae43722f582c7
1,635.0,122.0,6.0,0.0,0.0,0.0,0.0,0.0,0.0,0.0,0.0,1.0,0.0,76.0,0.0889423076923077,20030228_spam.tar.bz2,4b2309ed0a3ce5c8
1,1460.0,33.0,0.0,0.0,0.0,0.0,0.0,0.0,0.0,0.0,0.0,0.0,1.0,24.0,0.547945205479452,20030228_spam.tar.bz2,4f4ed5aa31512975
1,784.0,115.0,0.0,0.0,0.0,0.0,0.0,0.0,0.0,0.0,0.0,0.0,1.0,68.0,0.10687022900763359,20030228_spam.tar.bz2,3d0f12118e0c1925
1,2071.0,189.0,0.0,0.0,0.0,0.0,0.0,0.0,0.0,0.0,0.0,0.0,1.0,56.0,0.12660944206008584,20030228_spam.tar.bz2,d09fc16cb47c7f4f
1,3443.0,511.0,1.0,0.0,0.0,0.0,0.0,0.0,0.0,0.0,0.0,0.0,0.0,19.0,0.24683247301736275,20030228_spam.tar.bz2,33592bd3e301eeee
1,780.0,144.0,7.0,0.0,0.0,0.0,0.0,0.0,0.0,0.0,0.0,1.0,0.0,61.0,0.07984790874524715,20030228_spam.tar.bz2,823f83cb0071a066
1,1762.0,316.0,0.0,0.0,0.0,0.0,0.0,0.0,0.0,0.0,0.0,0.0,0.0,42.0,0.16732128829536527,20030228_spam.tar.bz2,860c1f30f670e797
1,1062.0,144.0,1.0,0.0,0.0,0.0,0.0,0.0,0.0,0.0,0.0,0.0,0.0,23.0,0.08498583569405099,20030228_spam.tar.bz2,658e2c14d66f0b18
1,2322.0,432.0,0.0,0.0,0.0,0.0,0.0,0.0,0.0,0.0,0.0,0.0,1.0,44.0,0.027835768963117607,20030228_spam.tar.bz2,198d315edc16c359
1,0.0,0.0,0.0,1.0,0.0,1.0,0.0,0.0,0.0,0.0,0.0,0.0,0.0,21.0,0.0,20030228_spam.tar.bz2,17e5b6067fd3732e
1,710.0,89.0,1.0,0.0,0.0,0.0,0.0,0.0,0.0,0.0,0.0,0.0,1.0,51.0,0.20374707259953162,20030228_spam.tar.bz2,71dafad6915087dc
1,2484.0,285.0,4.0,0.0,0.0,0.0,0.0,0.0,0.0,0.0,0.0,0.0,1.0,32.0,0.12240663900414937,20030228_spam.tar.bz2,2746c5c37251d446
1,21733.0,2680.0,0.0,0.0,0.0,0.0,1.0,1.0,0.0,0.0,0.0,0.0,1.0,62.0,0.1306499505113824,20030228_spam.tar.bz2,679d696dc9a9ba32
1,1030.0,148.0,2.0,0.0,0.0,0.0,0.0,0.0,0.0,0.0,0.0,0.0,0.0,27.0,0.08795180722891566,20030228_spam.tar.bz2,3cad3aee42df5b21
1,872.0,125.0,1.0,0.0,0.0,0.0,0.0,0.0,0.0,0.0,0.0,0.0,0.0,20.0,0.09618104667609619,20030228_spam.tar.bz2,4179433e9468bb71
1,336.0,7.0,0.0,0.0,0.0,0.0,0.0,0.0,0.0,0.0,0.0,0.0,1.0,22.0,0.1724137931034483,20030228_spam.tar.bz2,6b3720c97ca73646
1,720.0,118.0,2.0,0.0,0.0,0.0,0.0,0.0,0.0,0.0,0.0,0.0,0.0,41.0,0.04752851711026616,20030228_spam.tar.bz2,c2bcdfedb0639763
1,935.0,147.0,0.0,0.0,0.0,0.0,0.0,0.0,0.0,0.0,0.0,0.0,1.0,27.0,0.09720176730486009,20030228_spam.tar.bz2,e43e765979503ae7
1,633.0,122.0,6.0,0.0,0.0,0.0,0.0,0.0,0.0,0.0,0.0,1.0,0.0,73.0,0.0889423076923077,20030228_spam.tar.bz2,a4a5008e36f9c3f8
1,1822.0,148.0,0.0,0.0,0.0,0.0,0.0,0.0,0.0,0.0,0.0,0.0,1.0,74.0,0.15838926174496645,20030228_spam.tar.bz2,b65407c2ad46c6b3
1,564.0,73.0,2.0,0.0,0.0,0.0,0.0,0.0,0.0,0.0,0.0,1.0,0.0,96.0,0.12058823529411765,20030228_spam.tar.bz2,a7a8770bbb282a9d
1,166.0,27.0,1.0,0.0,0.0,0.0,0.0,0.0,0.0,0.0,0.0,0.0,0.0,18.0,0.816793893129771,20030228_spam.tar.bz2,41b25884de78552f
1,523.0,88.0,0.0,0.0,0.0,0.0,0.0,0.0,0.0,0.0,0.0,0.0,1.0,6.0,0.08184143222506395,20030228_spam.tar.bz2,df381126df564f9e
1,789.0,115.0,0.0,0.0,0.0,0.0,0.0,0.0,0.0,0.0,0.0,0.0,1.0,51.0,0.10606060606060606,20030228_spam.tar.bz2,189d7c0c64700736
1,709.0,118.0,2.0,0.0,0.0,0.0,0.0,0.0,0.0,0.0,0.0,0.0,0.0,41.0,0.038314176245210725,20030228_spam.tar.bz2,1450bf8fc3843f68
1,839.0,120.0,0.0,0.0,0.0,0.0,0.0,1.0,0.0,0.0,0.0,0.0,1.0,26.0,0.19349005424954793,20030228_spam.tar.bz2,de7a6a7fee398d01
1,918.0,149.0,0.0,0.0,0.0,0.0,0.0,0.0,0.0,0.0,0.0,0.0,1.0,20.0,0.10303030303030303,20030228_spam.tar.bz2,fe1a254adbc6318a
1,1044.0,151.0,3.0,0.0,0.0,0.0,0.0,0.0,0.0,0.0,0.0,1.0,0.0,91.0,0.09735744089012517,20030228_spam.tar.bz2,a5b936f7cceacf10
1,651.0,78.0,1.0,0.0,0.0,0.0,0.0,0.0,0.0,0.0,0.0,0.0,1.0,36.0,0.1863013698630137,20030228_spam.tar.bz2,52295885547f521a
1,3833.0,563.0,2.0,0.0,0.0,0.0,0.0,0.0,0.0,0.0,0.0,0.0,0.0,42.0,0.08887141171844279,20030228_spam.tar.bz2,fd88ed38f0e624ac
1,498.0,65.0,2.0,0.0,0.0,0.0,1.0,0.0,0.0,0.0,0.0,1.0,0.0,99.0,0.025396825396825397,20030228_spam.tar.bz2,3b5a840ee22e89b2
1,785.0,115.0,0.0,0.0,0.0,0.0,0.0,0.0,0.0,0.0,0.0,0.0,1.0,61.0,0.10707456978967496,20030228_spam.tar.bz2,b8eb3f9b9c13bb24
1,251.0,37.0,0.0,0.0,0.0,0.0,0.0,0.0,0.0,0.0,0.0,0.0,1.0,95.0,0.07741935483870968,20030228_spam.tar.bz2,07d19eaeaafd8ca2
1,219.0,31.0,1.0,0.0,0.0,0.0,0.0,0.0,0.0,0.0,0.0,0.0,0.0,46.0,0.15384615384615385,20030228_spam.tar.bz2,7c8ca5de8c51178f
1,348.0,31.0,0.0,0.0,0.0,0.0,0.0,0.0,0.0,0.0,0.0,0.0,1.0,17.0,0.058394160583941604,20030228_spam.tar.bz2,4d822bf8bde580d0
1,491.0,85.0,1.0,0.0,0.0,0.0,0.0,0.0,0.0,0.0,0.0,0.0,0.0,10.0,0.04657534246575343,20030228_spam.tar.bz2,8dddefb85b45950c
1,632.0,112.0,2.0,0.0,0.0,0.0,0.0,0.0,0.0,0.0,0.0,0.0,0.0,57.0,0.30246913580246915,20030228_spam.tar.bz2,e65301025bd2fd9d
1,218.0,31.0,1.0,0.0,0.0,0.0,0.0,0.0,0.0,0.0,0.0,0.0,0.0,46.0,0.13286713286713286,20030228_spam.tar.bz2,50f819ac0a342946
1,1136.0,170.0,3.0,0.0,0.0,0.0,0.0,0.0,0.0,0.0,0.0,0.0,0.0,31.0,0.08342989571263036,20030228_spam.tar.bz2,a90db4915d3f3754
1,540.0,81.0,1.0,0.0,0.0,0.0,0.0,0.0,0.0,0.0,0.0,0.0,1.0,73.0,0.18997361477572558,20030228_spam.tar.bz2,0b127fd85b4f7433
1,1781.0,209.0,0.0,0.0,0.0,0.0,0.0,0.0,0.0,0.0,0.0,0.0,1.0,54.0,0.3384146341463415,20030228_spam.tar.bz2,8652ffbb2f2e06cd
1,593.0,97.0,2.0,0.0,0.0,0.0,0.0,0.0,0.0,0.0,0.0,0.0,0.0,29.0,0.04460093896713615,20030228_spam.tar.bz2,f9ebfe25c28a01bf
1,3226.0,489.0,4.0,0.0,0.0,1.0,0.0,0.0,0.0,1.0,0.0,0.0,1.0,75.0,0.10714285714285714,20030228_spam.tar.bz2,49b0a7de89983d47
1,851.0,146.0,3.0,0.0,0.0,0.0,0.0,0.0,0.0,0.0,0.0,1.0,0.0,64.0,0.027303754266211604,20030228_spam.tar.bz2,81bdcbe9c3695722
1,1581.0,251.0,3.0,0.0,0.0,0.0,0.0,0.0,0.0,0.0,0.0,0.0,0.0,22.0,0.05132450331125828,20030228_spam.tar.bz2,939017f0782a8899
1,527.0,22.0,3.0,0.0,0.0,0.0,0.0,0.0,0.0,0.0,0.0,0.0,0.0,24.0,0.04854368932038835,20030228_spam.tar.bz2,df1cff8780176b77
1,649.0,108.0,2.0,0.0,0.0,0.0,0.0,0.0,0.0,0.0,0.0,0.0,0.0,20.0,0.045081967213114756,20030228_spam.tar.bz2,a91a908116d4a824
1,1609.0,78.0,0.0,0.0,0.0,0.0,0.0,0.0,0.0,0.0,0.0,0.0,1.0,21.0,0.030226700251889168,20030228_spam.tar.bz2,4aa8be8e0dd762a4
1,491.0,85.0,1.0,0.0,0.0,0.0,0.0,0.0,0.0,0.0,0.0,0.0,0.0,16.0,0.04657534246575343,20030228_spam.tar.bz2,c69499c749040caa
1,491.0,85.0,1.0,0.0,0.0,0.0,0.0,0.0,0.0,0.0,0.0,0.0,0.0,17.0,0.04657534246575343,20030228_spam.tar.bz2,f8dcb2a85959caf0
1,2626.0,426.0,2.0,0.0,0.0,0.0,0.0,0.0,0.0,0.0,0.0,0.0,0.0,43.0,0.07958984375,20030228_spam.tar.bz2,203bcd9b751eef95
1,255.0,25.0,0.0,0.0,0.0,0.0,0.0,0.0,0.0,0.0,0.0,0.0,1.0,21.0,0.09352517985611511,20030228_spam.tar.bz2,e8d10b6dbfeb46a0
1,491.0,85.0,1.0,0.0,0.0,0.0,0.0,0.0,0.0,0.0,0.0,0.0,0.0,15.0,0.04657534246575343,20030228_spam.tar.bz2,27bcc632c0a2fc78
1,3777.0,287.0,2.0,0.0,0.0,0.0,0.0,0.0,0.0,0.0,0.0,0.0,1.0,31.0,0.1282245827010622,20030228_spam.tar.bz2,207c3195e372dcdc
1,925.0,144.0,3.0,0.0,0.0,0.0,0.0,0.0,0.0,0.0,0.0,0.0,0.0,58.0,0.09380234505862646,20030228_spam.tar.bz2,c7a4390cb674606c
1,1451.0,243.0,1.0,0.0,0.0,0.0,1.0,0.0,0.0,0.0,0.0,0.0,0.0,10.0,0.034703196347031964,20030228_spam.tar.bz2,b985da1764220861
1,1323.0,100.0,0.0,0.0,0.0,0.0,0.0,0.0,0.0,0.0,0.0,0.0,1.0,33.0,0.10655737704918032,20030228_spam.tar.bz2,f7525aeebc9cfafb
1,3042.0,520.0,0.0,0.0,0.0,0.0,0.0,0.0,0.0,0.0,0.0,0.0,0.0,22.0,0.021048287247214196,20030228_spam.tar.bz2,68d3f3093cd2b671
1,40500.0,2500.0,0.0,0.0,0.0,0.0,0.0,0.0,0.0,0.0,0.0,0.0,0.0,0.0,0.0,20030228_spam.tar.bz2,4eaa430ef6cde488
1,15812.0,2836.0,0.0,0.0,0.0,0.0,0.0,0.0,0.0,0.0,0.0,0.0,0.0,66.0,0.11992177082407325,20030228_spam.tar.bz2,1e7b901a63477d06
1,713.0,103.0,0.0,0.0,0.0,0.0,0.0,0.0,0.0,0.0,0.0,0.0,1.0,26.0,0.3818984547461369,20030228_spam.tar.bz2,1e6223e0ea3c8fb4
1,1134.0,170.0,3.0,0.0,0.0,0.0,0.0,0.0,0.0,0.0,0.0,0.0,0.0,32.0,0.08624708624708624,20030228_spam.tar.bz2,28962639409768c5
1,1485.0,125.0,2.0,0.0,0.0,0.0,0.0,0.0,0.0,0.0,0.0,0.0,1.0,26.0,0.44042232277526394,20030228_spam.tar.bz2,532b51d8949fef36
1,553.0,99.0,1.0,0.0,0.0,0.0,0.0,0.0,0.0,0.0,0.0,0.0,0.0,15.0,0.023809523809523808,20030228_spam.tar.bz2,f66f6b59f54d71d5
1,3216.0,291.0,2.0,0.0,1.0,0.0,1.0,0.0,0.0,0.0,0.0,0.0,1.0,58.0,0.08300079808459697,20030228_spam.tar.bz2,65d3a61cc2f4baf0
1,200.0,30.0,0.0,0.0,0.0,0.0,0.0,0.0,0.0,0.0,0.0,0.0,1.0,54.0,0.022900763358778626,20030228_spam.tar.bz2,2dfc559ac2d4d149
1,1630.0,78.0,0.0,0.0,0.0,0.0,0.0,0.0,0.0,0.0,0.0,0.0,1.0,25.0,0.03940886699507389,20030228_spam.tar.bz2,3360622a42656b97
1,1056.0,158.0,3.0,0.0,0.0,0.0,0.0,0.0,0.0,0.0,0.0,0.0,0.0,44.0,0.06701708278580815,20030228_spam.tar.bz2,b937f40358552406
1,935.0,147.0,0.0,0.0,0.0,0.0,0.0,0.0,0.0,0.0,0.0,0.0,1.0,27.0,0.09720176730486009,20030228_spam.tar.bz2,25b9931eefee07ea
1,919.0,113.0,0.0,0.0,0.0,0.0,1.0,0.0,0.0,0.0,0.0,0.0,1.0,38.0,0.2859848484848485,20030228_spam.tar.bz2,3570dd10ef902211
1,2408.0,390.0,2.0,0.0,0.0,0.0,0.0,0.0,0.0,0.0,0.0,0.0,1.0,28.0,0.04983012457531144,20030228_spam.tar.bz2,bec877c43a030814
1,773.0,122.0,2.0,0.0,0.0,0.0,0.0,0.0,0.0,0.0,0.0,0.0,0.0,42.0,0.10647181628392484,20030228_spam.tar.bz2,6aefbd0a04c67923
1,675.0,128.0,6.0,0.0,0.0,0.0,0.0,0.0,0.0,0.0,0.0,0.0,0.0,61.0,0.09619686800894854,20030228_spam.tar.bz2,fe959102cf3e0016
1,782.0,122.0,2.0,0.0,0.0,0.0,0.0,0.0,0.0,0.0,0.0,0.0,0.0,32.0,0.10537190082644628,20030228_spam.tar.bz2,7d58cf873eb85c6a
1,2776.0,443.0,6.0,0.0,0.0,0.0,0.0,1.0,0.0,1.0,0.0,0.0,0.0,17.0,0.12452625879805089,20030228_spam.tar.bz2,91b37038b2ed2b60
1,1374.0,176.0,0.0,0.0,0.0,0.0,0.0,0.0,0.0,0.0,0.0,0.0,1.0,37.0,0.20777777777777778,20030228_spam.tar.bz2,4d6412aea0dd528f
1,669.0,77.0,2.0,0.0,0.0,0.0,0.0,0.0,0.0,0.0,0.0,0.0,0.0,43.0,0.12531969309462915,20030228_spam.tar.bz2,3d510681714a5bcf
1,1044.0,151.0,3.0,0.0,0.0,0.0,0.0,0.0,0.0,0.0,0.0,1.0,0.0,90.0,0.09735744089012517,20030228_spam.tar.bz2,0165f1ed6dee605f
1,1557.0,86.0,0.0,0.0,0.0,0.0,0.0,0.0,0.0,0.0,0.0,0.0,1.0,28.0,0.3659217877094972,20030228_spam.tar.bz2,debb8e1cfa1aa003
1,6237.0,580.0,2.0,0.0,0.0,0.0,0.0,0.0,0.0,0.0,0.0,0.0,1.0,35.0,0.04409171075837742,20030228_spam.tar.bz2,5f8422ba715f261b
1,2858.0,450.0,0.0,0.0,0.0,0.0,1.0,0.0,0.0,0.0,0.0,0.0,0.0,15.0,0.3604531410916581,20030228_spam.tar.bz2,ca1392ac4b53091d
1,146.0,16.0,0.0,0.0,0.0,0.0,0.0,0.0,0.0,0.0,0.0,0.0,1.0,25.0,0.07692307692307693,20030228_spam.tar.bz2,fd0bf0d1a64fe284
1,498.0,65.0,2.0,0.0,0.0,0.0,1.0,0.0,0.0,0.0,0.0,1.0,0.0,109.0,0.025396825396825397,20030228_spam.tar.bz2,46a3712fcae9cf32
1,2205.0,190.0,0.0,0.0,0.0,0.0,0.0,0.0,0.0,0.0,0.0,0.0,1.0,46.0,0.08969696969696969,20030228_spam.tar.bz2,4715bf9d394aceae
1,349.0,51.0,1.0,0.0,0.0,0.0,0.0,0.0,0.0,0.0,0.0,0.0,0.0,29.0,0.007936507936507936,20030228_spam.tar.bz2,20798f3717d4804d
1,758.0,116.0,3.0,0.0,0.0,0.0,0.0,0.0,0.0,0.0,0.0,1.0,0.0,98.0,0.015594541910331383,20030228_spam.tar.bz2,64329ea8627bc9d2
1,3924.0,590.0,0.0,0.0,0.0,0.0,0.0,0.0,0.0,0.0,0.0,0.0,0.0,13.0,0.042446524064171126,20030228_spam.tar.bz2,1538a13ca53ce49e
1,545.0,97.0,2.0,0.0,0.0,1.0,0.0,0.0,0.0,0.0,0.0,0.0,0.0,54.0,0.1712846347607053,20030228_spam.tar.bz2,672f2bce8a3f95fb
1,1498.0,154.0,1.0,0.0,0.0,0.0,0.0,0.0,0.0,0.0,0.0,0.0,1.0,51.0,0.0963855421686747,20030228_spam.tar.bz2,30f91f7455f031e7
1,670.0,118.0,2.0,0.0,0.0,0.0,0.0,0.0,0.0,0.0,0.0,0.0,0.0,34.0,0.02028397565922921,20030228_spam.tar.bz2,5ecffad7f569d30d
1,616.0,87.0,1.0,0.0,0.0,0.0,0.0,0.0,0.0,0.0,0.0,0.0,0.0,21.0,0.15807560137457044,20030228_spam.tar.bz2,04d3be46b72c12e0
1,1279.0,186.0,5.0,0.0,0.0,0.0,1.0,0.0,0.0,0.0,0.0,0.0,1.0,31.0,0.08,20030228_spam.tar.bz2,da32333482ad02f0
1,1304.0,225.0,6.0,0.0,0.0,0.0,0.0,0.0,0.0,0.0,0.0,0.0,0.0,76.0,0.25203252032520324,20030228_spam.tar.bz2,8f5bc2c5f34682eb
1,1576.0,175.0,0.0,0.0,0.0,0.0,0.0,0.0,0.0,0.0,0.0,0.0,1.0,32.0,0.2376237623762376,20030228_spam.tar.bz2,7c105c22552704ad
1,570.0,84.0,0.0,0.0,0.0,0.0,0.0,0.0,0.0,0.0,0.0,1.0,1.0,76.0,0.1676300578034682,20030228_spam.tar.bz2,b7539eeae9c8253e
1,1782.0,209.0,0.0,0.0,0.0,0.0,0.0,0.0,0.0,0.0,0.0,0.0,1.0,56.0,0.3384146341463415,20030228_spam.tar.bz2,faf5143daa17db59
1,532.0,75.0,0.0,0.0,0.0,0.0,0.0,0.0,0.0,0.0,0.0,0.0,1.0,19.0,0.07865168539325842,20030228_spam.tar.bz2,e93c9679f1750720
1,935.0,147.0,0.0,0.0,0.0,0.0,0.0,0.0,0.0,0.0,0.0,0.0,1.0,27.0,0.09720176730486009,20030228_spam.tar.bz2,fbfab97bf1aa017a
1,570.0,84.0,0.0,0.0,0.0,0.0,0.0,0.0,0.0,0.0,0.0,1.0,1.0,80.0,0.1676300578034682,20030228_spam.tar.bz2,7ccacbfa9842c031
1,1460.0,33.0,0.0,0.0,0.0,0.0,0.0,0.0,0.0,0.0,0.0,0.0,1.0,24.0,0.547945205479452,20030228_spam.tar.bz2,446d6d3058a62073
1,2128.0,241.0,2.0,0.0,0.0,0.0,0.0,0.0,0.0,0.0,0.0,0.0,1.0,12.0,0.05175438596491228,20030228_spam.tar.bz2,4c5bc2e2aaf771ca
1,775.0,121.0,2.0,0.0,0.0,0.0,0.0,0.0,0.0,0.0,0.0,0.0,0.0,32.0,0.10580912863070539,20030228_spam.tar.bz2,5d68e15980b474ac
1,676.0,119.0,2.0,0.0,0.0,0.0,0.0,0.0,0.0,0.0,0.0,0.0,0.0,35.0,0.02028397565922921,20030228_spam.tar.bz2,99f9998cd0f8d744
1,500.0,85.0,0.0,0.0,0.0,0.0,0.0,0.0,0.0,0.0,0.0,0.0,0.0,26.0,0.03142857142857143,20030228_spam.tar.bz2,c1ecf98b48b5c72d
1,1040.0,134.0,0.0,0.0,0.0,0.0,0.0,0.0,1.0,0.0,0.0,0.0,1.0,29.0,0.16639477977161501,20030228_spam.tar.bz2,849a8f29e01541e8
1,666.0,81.0,2.0,0.0,0.0,0.0,0.0,0.0,0.0,0.0,0.0,0.0,0.0,43.0,0.1388101983002833,20030228_spam.tar.bz2,a48a93d75918eeab
1,1045.0,148.0,2.0,0.0,0.0,0.0,0.0,0.0,0.0,0.0,0.0,0.0,0.0,80.0,0.07563025210084033,20030228_spam.tar.bz2,229ec2c1ab1a9a42
1,751.0,116.0,0.0,0.0,0.0,0.0,0.0,0.0,0.0,0.0,0.0,0.0,1.0,46.0,0.08847736625514403,20030228_spam.tar.bz2,70f176d3279c61aa
1,1494.0,152.0,1.0,0.0,0.0,0.0,0.0,0.0,0.0,0.0,0.0,0.0,1.0,20.0,0.21364985163204747,20030228_spam.tar.bz2,1fb29b01f638710d
1,992.0,134.0,0.0,0.0,0.0,0.0,1.0,0.0,0.0,0.0,0.0,0.0,1.0,58.0,0.11507293354943274,20030228_spam.tar.bz2,917e7d7e34ae1575
1,410.0,49.0,2.0,0.0,0.0,0.0,0.0,0.0,0.0,0.0,0.0,0.0,0.0,0.0,0.18045112781954886,20030228_spam.tar.bz2,0bc2e0b5fbe0e2b8
1,6124.0,366.0,2.0,0.0,0.0,0.0,0.0,0.0,0.0,0.0,0.0,0.0,1.0,46.0,0.11009174311926606,20030228_spam.tar.bz2,22e1783eea37119f
1,1444.0,221.0,0.0,0.0,0.0,0.0,0.0,0.0,0.0,0.0,0.0,0.0,0.0,19.0,0.042222222222222223,20030228_spam.tar.bz2,2196c37edef37ff3
1,62.0,0.0,0.0,0.0,0.0,0.0,0.0,0.0,0.0,0.0,0.0,0.0,1.0,58.0,0.0,20030228_spam.tar.bz2,7c5525d2911fd8c0
1,698.0,117.0,2.0,0.0,0.0,0.0,0.0,0.0,0.0,0.0,0.0,0.0,0.0,35.0,0.04431599229287091,20030228_spam.tar.bz2,87fd410b22b2a704
1,1068.0,168.0,3.0,0.0,0.0,0.0,0.0,0.0,0.0,0.0,0.0,0.0,0.0,34.0,0.06896551724137931,20030228_spam.tar.bz2,32c76e97826fbe67
1,2782.0,443.0,6.0,0.0,0.0,0.0,0.0,1.0,0.0,1.0,0.0,0.0,0.0,28.0,0.124123043712898,20030228_spam.tar.bz2,3b72fc89f045b050
1,974.0,130.0,0.0,0.0,0.0,0.0,0.0,0.0,0.0,0.0,0.0,0.0,1.0,60.0,0.08503937007874016,20030228_spam.tar.bz2,15fb5f2928834e18
1,723.0,120.0,2.0,0.0,0.0,0.0,0.0,0.0,0.0,0.0,0.0,0.0,0.0,30.0,0.05363984674329502,20030228_spam.tar.bz2,5e5ac3c905f94527
1,272.0,37.0,1.0,0.0,0.0,0.0,0.0,0.0,0.0,0.0,0.0,0.0,0.0,35.0,0.010526315789473684,20030228_spam.tar.bz2,6fffecfd934db99a
1,1508.0,213.0,1.0,0.0,0.0,0.0,0.0,0.0,0.0,0.0,0.0,0.0,1.0,45.0,0.10590631364562118,20030228_spam.tar.bz2,1a804b5b4f678e77
1,1435.0,33.0,0.0,0.0,0.0,0.0,0.0,0.0,0.0,0.0,0.0,0.0,1.0,17.0,0.5277777777777778,20030228_spam.tar.bz2,358b6fbe1f818446
1,1621.0,263.0,1.0,0.0,0.0,0.0,1.0,0.0,0.0,0.0,0.0,0.0,1.0,20.0,0.12805391743892164,20030228_spam.tar.bz2,54edded01d6f97d4
1,1855.0,172.0,0.0,0.0,0.0,0.0,0.0,0.0,0.0,0.0,0.0,0.0,1.0,42.0,0.07938257993384785,20030228_spam.tar.bz2,7b6411b915b9bf4f
1,4082.0,341.0,2.0,0.0,0.0,0.0,0.0,0.0,0.0,0.0,0.0,0.0,1.0,25.0,0.09540846750149076,20030228_spam.tar.bz2,e501012001f9c56c
1,64.0,10.0,1.0,0.0,0.0,0.0,0.0,0.0,0.0,0.0,0.0,0.0,0.0,28.0,0.04,20030228_spam.tar.bz2,1c6bda7e479fd5f2
1,512.0,80.0,0.0,0.0,0.0,0.0,0.0,0.0,0.0,0.0,0.0,0.0,1.0,42.0,0.06963788300835655,20030228_spam.tar.bz2,e9bea14f7045abfc
1,688.0,105.0,1.0,0.0,0.0,0.0,0.0,0.0,0.0,0.0,0.0,0.0,1.0,56.0,0.0642570281124498,20030228_spam.tar.bz2,bebdc935b8187ba0
1,978.0,168.0,3.0,0.0,0.0,0.0,0.0,0.0,0.0,0.0,0.0,0.0,0.0,30.0,0.07084468664850137,20030228_spam.tar.bz2,e39985a0c2e15a19
1,3525.0,593.0,1.0,0.0,0.0,0.0,0.0,0.0,0.0,0.0,0.0,0.0,0.0,17.0,0.09316770186335403,20030228_spam.tar.bz2,e74e812874795bda
1,1893.0,222.0,0.0,0.0,0.0,0.0,0.0,0.0,0.0,0.0,0.0,0.0,1.0,65.0,0.33204259438528555,20030228_spam.tar.bz2,1ccd28ec1c6bbdb7
1,2517.0,430.0,0.0,0.0,0.0,0.0,1.0,0.0,0.0,0.0,0.0,0.0,0.0,39.0,0.08287568647029456,20030228_spam.tar.bz2,b47be20474a53a7a
1,64.0,10.0,1.0,0.0,0.0,0.0,0.0,0.0,0.0,0.0,0.0,0.0,0.0,28.0,0.04,20030228_spam.tar.bz2,ccae19543026e9a7
1,6652.0,971.0,0.0,0.0,0.0,0.0,1.0,0.0,0.0,0.0,0.0,0.0,0.0,27.0,0.22060957910014514,20030228_spam.tar.bz2,f50ca53652ab448a
1,860.0,139.0,2.0,0.0,0.0,0.0,0.0,0.0,0.0,0.0,0.0,0.0,1.0,58.0,0.15030060120240482,20030228_spam.tar.bz2,e55cd58102e4aa11
1,472.0,33.0,0.0,0.0,0.0,0.0,1.0,0.0,0.0,0.0,0.0,0.0,1.0,38.0,0.08235294117647059,20030228_spam.tar.bz2,56f8b6ca6c7cf0b9
1,2920.0,339.0,0.0,0.0,0.0,0.0,1.0,0.0,0.0,0.0,0.0,0.0,1.0,40.0,0.08538083538083538,20030228_spam.tar.bz2,31b55d43188e537e
1,1080.0,172.0,0.0,0.0,0.0,0.0,0.0,0.0,0.0,0.0,0.0,0.0,0.0,37.0,0.05456852791878172,20030228_spam.tar.bz2,d15c0db5fe2016c5
1,657.0,119.0,2.0,0.0,0.0,0.0,0.0,0.0,0.0,0.0,0.0,0.0,0.0,41.0,0.02028397565922921,20030228_spam.tar.bz2,1530e1884f340c97
1,1107.0,178.0,0.0,0.0,0.0,0.0,0.0,0.0,0.0,0.0,0.0,0.0,1.0,31.0,0.10526315789473684,20030228_spam.tar.bz2,a54dcae913da2597
1,1503.0,152.0,0.0,0.0,0.0,0.0,0.0,1.0,0.0,0.0,0.0,0.0,1.0,60.0,0.15223880597014924,20030228_spam.tar.bz2,f0576a5dcb7f1ee7
1,3349.0,504.0,0.0,0.0,0.0,0.0,1.0,0.0,1.0,0.0,0.0,0.0,1.0,24.0,0.13234111021721642,20030228_spam.tar.bz2,7bc67481c4efd773
1,433.0,60.0,0.0,0.0,0.0,0.0,0.0,0.0,0.0,0.0,0.0,0.0,1.0,38.0,0.29411764705882354,20030228_spam.tar.bz2,1cf79b9be6bb13db
1,2828.0,471.0,4.0,0.0,0.0,0.0,0.0,0.0,0.0,0.0,0.0,0.0,0.0,50.0,0.07628361858190709,20030228_spam.tar.bz2,43def6e05deeb0e3
1,564.0,73.0,2.0,0.0,0.0,0.0,0.0,0.0,0.0,0.0,0.0,1.0,0.0,96.0,0.12058823529411765,20030228_spam.tar.bz2,76dac3d8c0d9bf92
1,498.0,65.0,2.0,0.0,0.0,0.0,1.0,0.0,0.0,0.0,0.0,1.0,0.0,99.0,0.025396825396825397,20030228_spam.tar.bz2,9bb02f8a22b63b60
1,1893.0,222.0,0.0,0.0,0.0,0.0,0.0,0.0,0.0,0.0,0.0,0.0,1.0,60.0,0.33204259438528555,20030228_spam.tar.bz2,66af7f7458c34025
1,1029.0,196.0,0.0,0.0,0.0,0.0,0.0,0.0,0.0,0.0,0.0,0.0,1.0,22.0,0.14738292011019283,20030228_spam.tar.bz2,d4b33f775b07e1df
1,1043.0,124.0,0.0,0.0,0.0,0.0,0.0,0.0,0.0,0.0,0.0,0.0,1.0,24.0,0.03197158081705151,20030228_spam.tar.bz2,1be79f9e63f784ea
1,862.0,146.0,1.0,0.0,0.0,0.0,0.0,0.0,0.0,0.0,0.0,0.0,1.0,55.0,0.023890784982935155,20030228_spam.tar.bz2,a9e7ef4f3e4c4034
1,504.0,65.0,0.0,0.0,0.0,0.0,0.0,0.0,0.0,0.0,0.0,0.0,1.0,50.0,0.08823529411764706,20030228_spam.tar.bz2,698f308f05569052
1,2188.0,210.0,0.0,0.0,0.0,0.0,0.0,0.0,0.0,0.0,0.0,0.0,1.0,64.0,0.12944664031620554,20030228_spam.tar.bz2,45bf041434eb6309
1,1044.0,151.0,3.0,0.0,0.0,0.0,0.0,0.0,0.0,0.0,0.0,1.0,0.0,90.0,0.09735744089012517,20030228_spam.tar.bz2,950fd48fef302d89
1,1577.0,185.0,0.0,0.0,0.0,0.0,0.0,0.0,0.0,0.0,0.0,0.0,1.0,53.0,0.13171355498721227,20030228_spam.tar.bz2,f30c802df89257d4
1,816.0,94.0,0.0,0.0,0.0,0.0,0.0,0.0,0.0,0.0,0.0,0.0,1.0,81.0,0.13861386138613863,20030228_spam.tar.bz2,b60dabe808a5affb
1,722.0,112.0,0.0,0.0,0.0,0.0,0.0,0.0,0.0,0.0,0.0,0.0,1.0,56.0,0.2581967213114754,20030228_spam.tar.bz2,5a94c3a71f883574
1,18553.0,3252.0,1.0,0.0,0.0,0.0,1.0,0.0,0.0,0.0,0.0,0.0,0.0,42.0,0.12265446224256293,20030228_spam.tar.bz2,f302d95ad8980744
1,2188.0,210.0,0.0,0.0,0.0,0.0,0.0,0.0,0.0,0.0,0.0,0.0,1.0,71.0,0.12944664031620554,20030228_spam.tar.bz2,814da93467ce15be
1,1504.0,221.0,0.0,0.0,0.0,0.0,0.0,0.0,0.0,0.0,0.0,0.0,0.0,19.0,0.0550755939524838,20030228_spam.tar.bz2,9df2c54672a20e3e
1,310.0,52.0,1.0,0.0,0.0,0.0,0.0,0.0,0.0,0.0,0.0,0.0,0.0,26.0,0.05416666666666667,20030228_spam.tar.bz2,494fd98871ec1369
1,4476.0,353.0,3.0,0.0,0.0,0.0,0.0,0.0,0.0,0.0,0.0,0.0,1.0,41.0,0.11177644710578842,20030228_spam.tar.bz2,2b1a28539be2208a
1,1093.0,150.0,2.0,0.0,0.0,0.0,0.0,0.0,0.0,0.0,0.0,0.0,0.0,58.0,0.20266272189349113,20030228_spam.tar.bz2,d72309de41a847a3
1,1374.0,176.0,0.0,0.0,0.0,0.0,0.0,0.0,0.0,0.0,0.0,0.0,1.0,33.0,0.20777777777777778,20030228_spam.tar.bz2,fa598efe73983044
1,3342.0,504.0,0.0,0.0,0.0,0.0,1.0,0.0,1.0,0.0,0.0,0.0,1.0,19.0,0.13234111021721642,20030228_spam.tar.bz2,d8f382f3c03010a3
1,363.0,38.0,0.0,0.0,0.0,0.0,0.0,0.0,0.0,0.0,0.0,0.0,1.0,56.0,0.11885245901639344,20030228_spam.tar.bz2,65f7de04baf7962c
1,2297.0,351.0,5.0,0.0,0.0,0.0,0.0,0.0,0.0,0.0,0.0,0.0,1.0,9.0,0.04164152082076041,20030228_spam.tar.bz2,9e0fad2a5d6ad9a3
1,6086.0,365.0,2.0,0.0,0.0,0.0,0.0,0.0,0.0,0.0,0.0,0.0,1.0,38.0,0.1038961038961039,20030228_spam.tar.bz2,fe37f035ef8535b3
1,2268.0,393.0,1.0,0.0,0.0,0.0,0.0,0.0,0.0,0.0,0.0,0.0,0.0,28.0,0.10249150622876557,20030228_spam.tar.bz2,d52481af2cae9d6f
1,267.0,43.0,0.0,0.0,0.0,0.0,0.0,0.0,0.0,0.0,0.0,0.0,0.0,31.0,0.015228426395939087,20030228_spam.tar.bz2,8384d443274e932c
1,2881.0,185.0,0.0,0.0,0.0,0.0,0.0,0.0,0.0,0.0,0.0,0.0,1.0,66.0,0.07627118644067797,20030228_spam.tar.bz2,3989e4799ee1a205
1,2234.0,214.0,0.0,0.0,0.0,0.0,0.0,0.0,0.0,0.0,0.0,0.0,1.0,56.0,0.13060428849902533,20030228_spam.tar.bz2,79c971d7e8e4e251
1,20411.0,3414.0,0.0,0.0,0.0,0.0,1.0,0.0,0.0,0.0,0.0,0.0,0.0,53.0,0.1489813864868826,20030228_spam.tar.bz2,7d0f07f6ae9ca012
1,233.0,25.0,0.0,0.0,0.0,0.0,0.0,0.0,0.0,0.0,0.0,0.0,1.0,22.0,0.08130081300813008,20030228_spam.tar.bz2,9d5b6ab815a6c162
1,2196.0,210.0,0.0,0.0,0.0,0.0,0.0,0.0,0.0,0.0,0.0,0.0,1.0,58.0,0.12944664031620554,20030228_spam.tar.bz2,6d10f20a9ff64bd1
1,3162.0,392.0,2.0,0.0,0.0,0.0,0.0,1.0,0.0,0.0,0.0,0.0,1.0,48.0,0.05561613958560523,20030228_spam.tar.bz2,c38ebed2aa057535
1,1736.0,224.0,0.0,0.0,0.0,0.0,0.0,0.0,0.0,0.0,0.0,0.0,1.0,49.0,0.09240246406570841,20030228_spam.tar.bz2,b250dee2e0956de3
1,537.0,88.0,0.0,0.0,0.0,0.0,0.0,0.0,0.0,0.0,0.0,0.0,1.0,16.0,0.07901234567901234,20030228_spam.tar.bz2,4e020582fe8deb83
1,3853.0,289.0,2.0,0.0,0.0,0.0,0.0,0.0,0.0,0.0,0.0,0.0,1.0,31.0,0.07394366197183098,20030228_spam.tar.bz2,5c96698d87a0c174
1,537.0,88.0,0.0,0.0,0.0,0.0,0.0,0.0,0.0,0.0,0.0,0.0,1.0,16.0,0.07901234567901234,20030228_spam.tar.bz2,4c6cb644128b30e8
1,553.0,87.0,0.0,0.0,0.0,0.0,0.0,0.0,0.0,0.0,0.0,0.0,1.0,39.0,0.05463182897862233,20030228_spam.tar.bz2,9e514c329b2832df
1,810.0,94.0,0.0,0.0,0.0,0.0,0.0,0.0,0.0,0.0,0.0,0.0,1.0,50.0,0.12974051896207583,20030228_spam.tar.bz2,e7206dfd52dfd3ce
1,3061.0,507.0,1.0,0.0,0.0,0.0,0.0,0.0,0.0,0.0,0.0,1.0,0.0,42.0,0.13878842676311032,20030228_spam.tar.bz2,dd29df0848ae7b9c
1,4823.0,844.0,0.0,0.0,1.0,0.0,0.0,0.0,0.0,0.0,0.0,0.0,1.0,27.0,0.056353591160221,20030228_spam.tar.bz2,f928d5545c9c964b
1,4938.0,357.0,2.0,0.0,0.0,0.0,0.0,0.0,0.0,0.0,0.0,0.0,1.0,33.0,0.05309734513274336,20030228_spam.tar.bz2,ae4887e0cb241fd2
1,1118.0,170.0,3.0,0.0,0.0,0.0,0.0,0.0,0.0,0.0,0.0,0.0,0.0,52.0,0.08304093567251462,20030228_spam.tar.bz2,7d7bd4edce7d8c3f
1,5692.0,637.0,0.0,0.0,0.0,0.0,1.0,0.0,0.0,0.0,0.0,0.0,1.0,53.0,0.12554112554112554,20030228_spam.tar.bz2,14bc7bde0d808ee0
1,202.0,30.0,0.0,0.0,0.0,0.0,0.0,0.0,0.0,0.0,0.0,0.0,1.0,20.0,0.022900763358778626,20030228_spam.tar.bz2,3ac07218795fa060
1,1263.0,200.0,3.0,0.0,0.0,0.0,0.0,0.0,0.0,0.0,0.0,0.0,1.0,65.0,0.11324786324786325,20030228_spam.tar.bz2,ef8e58c5da17579f
1,2605.0,212.0,2.0,0.0,0.0,0.0,0.0,0.0,0.0,0.0,0.0,0.0,1.0,36.0,0.07508532423208192,20030228_spam.tar.bz2,b39891f4ed06078c
1,1509.0,213.0,1.0,0.0,0.0,0.0,0.0,0.0,0.0,0.0,0.0,0.0,1.0,32.0,0.10590631364562118,20030228_spam.tar.bz2,088531b4c7bc9c2f
1,4694.0,777.0,0.0,0.0,0.0,0.0,0.0,0.0,0.0,0.0,0.0,0.0,1.0,18.0,0.08632707774798927,20030228_spam.tar.bz2,b63357f66167da58
1,3101.0,381.0,0.0,0.0,0.0,0.0,0.0,0.0,0.0,0.0,0.0,0.0,1.0,82.0,0.21473951715374842,20030228_spam.tar.bz2,f50c6780b1fd4a1f
1,2997.0,509.0,0.0,0.0,0.0,0.0,0.0,0.0,0.0,0.0,0.0,0.0,0.0,24.0,0.049500831946755405,20030228_spam.tar.bz2,0ed19e04c69885eb
1,2002.0,319.0,0.0,1.0,0.0,0.0,0.0,0.0,0.0,0.0,0.0,0.0,1.0,20.0,0.08857808857808858,20030228_spam.tar.bz2,9c81b0121faa3d47
1,2949.0,526.0,1.0,0.0,0.0,0.0,1.0,0.0,0.0,0.0,0.0,0.0,0.0,24.0,0.05852199914566424,20030228_spam.tar.bz2,71674d972dbd6bd4
1,204.0,30.0,0.0,0.0,0.0,0.0,0.0,0.0,0.0,0.0,0.0,0.0,1.0,61.0,0.022900763358778626,20030228_spam.tar.bz2,4199b73d6eb19623
1,2246.0,190.0,0.0,0.0,0.0,0.0,0.0,0.0,0.0,0.0,0.0,0.0,1.0,67.0,0.0995260663507109,20030228_spam.tar.bz2,9ebcd2efa5c877eb
1,5582.0,211.0,2.0,0.0,0.0,0.0,0.0,0.0,0.0,0.0,0.0,0.0,1.0,49.0,0.17672047578589634,20030228_spam.tar.bz2,9463c9ab38f532ac
1,2744.0,469.0,1.0,0.0,1.0,0.0,1.0,0.0,0.0,0.0,0.0,0.0,0.0,31.0,0.0533774208786018,20030228_spam.tar.bz2,dd06f71ba26a8ad6
1,750.0,122.0,2.0,0.0,0.0,0.0,0.0,0.0,0.0,0.0,0.0,0.0,0.0,41.0,0.058823529411764705,20030228_spam.tar.bz2,612426eed887e2cf
1,1161.0,179.0,3.0,0.0,0.0,0.0,0.0,0.0,0.0,0.0,0.0,0.0,0.0,21.0,0.08062709966405375,20030228_spam.tar.bz2,28cbcfda0da7f55f
1,2715.0,459.0,1.0,0.0,1.0,0.0,0.0,0.0,0.0,0.0,0.0,1.0,0.0,37.0,0.03824884792626728,20030228_spam.tar.bz2,03d402d1641ab499
1,2892.0,483.0,1.0,0.0,0.0,0.0,1.0,0.0,0.0,0.0,0.0,0.0,0.0,42.0,0.08500222518914108,20030228_spam.tar.bz2,fbafb6868ba99464
1,1886.0,303.0,3.0,0.0,0.0,0.0,0.0,0.0,0.0,0.0,0.0,0.0,0.0,41.0,0.033584647018505824,20030228_spam.tar.bz2,e37aa29ae4267989
1,498.0,84.0,1.0,0.0,0.0,0.0,0.0,0.0,0.0,0.0,0.0,0.0,0.0,29.0,0.034482758620689655,20030228_spam.tar.bz2,4774fb17daea774c
1,1268.0,199.0,2.0,0.0,0.0,0.0,0.0,0.0,0.0,0.0,0.0,0.0,1.0,65.0,0.1248688352570829,20030228_spam.tar.bz2,cc095f605ac2f489
1,5186.0,367.0,2.0,0.0,0.0,0.0,0.0,0.0,0.0,0.0,0.0,0.0,1.0,30.0,0.05666486778197517,20030228_spam.tar.bz2,d24ba5917e9cd11b
1,3343.0,504.0,0.0,0.0,0.0,0.0,1.0,0.0,1.0,0.0,0.0,0.0,1.0,33.0,0.13234111021721642,20030228_spam.tar.bz2,eef10c07d1be5cf5
1,2874.0,481.0,1.0,0.0,0.0,0.0,1.0,0.0,0.0,0.0,0.0,0.0,0.0,35.0,0.08471537427162708,20030228_spam.tar.bz2,e83ce314732fda07
1,1888.0,311.0,1.0,0.0,0.0,0.0,0.0,0.0,0.0,0.0,0.0,0.0,0.0,38.0,0.0937062937062937,20030228_spam.tar.bz2,63544863d4743ef9
1,2460.0,443.0,2.0,0.0,0.0,0.0,0.0,0.0,0.0,0.0,0.0,0.0,0.0,69.0,0.020755721128259713,20030228_spam.tar.bz2,6c95b20ac24fd89d
1,7223.0,1131.0,3.0,0.0,0.0,0.0,0.0,0.0,0.0,0.0,0.0,0.0,1.0,19.0,0.09486166007905138,20030228_spam.tar.bz2,b9553a8acd438e07
1,3622.0,333.0,4.0,0.0,0.0,0.0,0.0,0.0,0.0,0.0,0.0,0.0,1.0,26.0,0.06713109563014566,20030228_spam.tar.bz2,ad95f57f5400fdcb
1,6947.0,401.0,1.0,0.0,0.0,0.0,0.0,0.0,0.0,0.0,0.0,0.0,1.0,61.0,0.13212180746561886,20030228_spam.tar.bz2,b9dbc19b779ac4b6
1,904.0,162.0,2.0,0.0,0.0,0.0,0.0,0.0,0.0,0.0,0.0,0.0,0.0,33.0,0.03070175438596491,20030228_spam.tar.bz2,5f26e940f227c24d
1,1129.0,170.0,3.0,0.0,0.0,0.0,0.0,0.0,0.0,0.0,0.0,0.0,0.0,48.0,0.08741258741258741,20030228_spam.tar.bz2,ba39af4388ec0d8f
1,904.0,162.0,2.0,0.0,0.0,0.0,0.0,0.0,0.0,0.0,0.0,0.0,0.0,33.0,0.03070175438596491,20030228_spam.tar.bz2,daacb19058d3418d
1,1510.0,198.0,1.0,0.0,0.0,0.0,0.0,0.0,0.0,0.0,0.0,0.0,0.0,18.0,0.42105263157894735,20030228_spam.tar.bz2,11d2edd0dc57c860
1,510.0,60.0,3.0,0.0,0.0,0.0,0.0,0.0,0.0,0.0,0.0,0.0,1.0,36.0,0.07773851590106007,20030228_spam.tar.bz2,ec10459a00d47fc5
1,71613.0,11535.0,7.0,0.0,0.0,0.0,1.0,1.0,0.0,0.0,0.0,0.0,0.0,32.0,0.0581260945709282,20030228_spam.tar.bz2,207c6a729a528d63
1,797.0,104.0,0.0,0.0,0.0,0.0,0.0,0.0,0.0,0.0,0.0,0.0,1.0,54.0,0.02178649237472767,20030228_spam.tar.bz2,c7699e3af6ad2f23
1,4486.0,758.0,1.0,0.0,1.0,0.0,1.0,0.0,0.0,0.0,0.0,0.0,0.0,53.0,0.06782608695652174,20030228_spam.tar.bz2,fe23f6b5df2572ca
1,5164.0,337.0,4.0,0.0,0.0,0.0,0.0,0.0,0.0,0.0,0.0,0.0,1.0,42.0,0.11210762331838565,20030228_spam.tar.bz2,bfb3f69f4085fd2b
1,583.0,97.0,2.0,0.0,0.0,0.0,0.0,0.0,0.0,0.0,0.0,0.0,0.0,55.0,0.06265060240963856,20030228_spam.tar.bz2,1c0c307bc78acb0d
1,9595.0,1663.0,1.0,0.0,0.0,0.0,0.0,0.0,0.0,0.0,0.0,0.0,0.0,37.0,0.04111498257839721,20030228_spam.tar.bz2,acaa248fa67ff6dd
1,2234.0,214.0,0.0,0.0,0.0,0.0,0.0,0.0,0.0,0.0,0.0,0.0,1.0,64.0,0.13060428849902533,20030228_spam.tar.bz2,39f17efda159e12e
1,693.0,54.0,1.0,0.0,0.0,0.0,0.0,0.0,0.0,0.0,0.0,0.0,1.0,5.0,0.0,20030228_spam.tar.bz2,5211487708e04251
1,3164.0,384.0,0.0,0.0,0.0,0.0,0.0,0.0,0.0,0.0,0.0,0.0,0.0,56.0,0.14072372199885125,20030228_spam.tar.bz2,1da83c0135362ab3
1,9605.0,1663.0,1.0,0.0,0.0,0.0,0.0,0.0,0.0,0.0,0.0,0.0,0.0,37.0,0.04052924791086351,20030228_spam.tar.bz2,96aa3c148532df62
1,9581.0,1663.0,1.0,0.0,0.0,0.0,0.0,0.0,0.0,0.0,0.0,0.0,0.0,37.0,0.039341517857142856,20030228_spam.tar.bz2,7802c15f35017424
1,940.0,139.0,4.0,1.0,0.0,0.0,0.0,0.0,0.0,0.0,0.0,1.0,0.0,31.0,0.21793103448275863,20030228_spam.tar.bz2,b92e362b0ba03117
1,11161.0,1680.0,13.0,0.0,0.0,0.0,0.0,0.0,0.0,0.0,0.0,0.0,0.0,40.0,0.08831678596167167,20030228_spam.tar.bz2,017f0817d4c92951
1,11167.0,1680.0,13.0,0.0,0.0,0.0,0.0,0.0,0.0,0.0,0.0,0.0,0.0,40.0,0.0882251182101257,20030228_spam.tar.bz2,c0cb7c9d44062cad
1,5106.0,673.0,2.0,0.0,0.0,0.0,0.0,0.0,0.0,0.0,0.0,0.0,1.0,51.0,0.07311258278145695,20030228_spam.tar.bz2,09e20e9947e208de
1,550.0,88.0,2.0,1.0,0.0,0.0,0.0,0.0,0.0,0.0,0.0,1.0,0.0,28.0,0.08557457212713937,20030228_spam.tar.bz2,de0e8acf802aaeb9
1,4089.0,560.0,7.0,0.0,0.0,0.0,0.0,0.0,0.0,0.0,0.0,0.0,1.0,39.0,0.14115011202389843,20030228_spam.tar.bz2,f0f5b1a47571a6b2
1,4103.0,562.0,7.0,0.0,0.0,0.0,0.0,0.0,0.0,0.0,0.0,0.0,1.0,39.0,0.13982893268873187,20030228_spam.tar.bz2,39a10a9baecf9eef
1,381.0,45.0,1.0,0.0,0.0,0.0,0.0,0.0,0.0,0.0,0.0,0.0,0.0,15.0,0.11764705882352941,20030228_spam.tar.bz2,71f76c86afaf6f21
1,2257.0,354.0,5.0,0.0,0.0,0.0,0.0,0.0,0.0,0.0,0.0,0.0,1.0,13.0,0.04420921544209216,20030228_spam.tar.bz2,bcb956f8e49c987f
1,4696.0,326.0,4.0,0.0,0.0,0.0,0.0,0.0,0.0,0.0,0.0,0.0,1.0,21.0,0.08792497069167643,20030228_spam.tar.bz2,244a54d77f1eca8b
1,1036.0,78.0,0.0,0.0,0.0,0.0,0.0,0.0,0.0,0.0,0.0,0.0,1.0,43.0,0.4012158054711246,20030228_spam.tar.bz2,13fdef0c20a6224d
1,3080.0,547.0,1.0,0.0,1.0,0.0,1.0,0.0,0.0,0.0,0.0,0.0,0.0,31.0,0.053147996729354045,20030228_spam.tar.bz2,5c24d6e1923ba464
1,1470.0,125.0,2.0,0.0,0.0,0.0,0.0,0.0,0.0,0.0,0.0,0.0,1.0,23.0,0.4482225656877898,20030228_spam.tar.bz2,6c41d698fd4e752f
1,2692.0,309.0,0.0,0.0,0.0,0.0,0.0,0.0,0.0,0.0,0.0,0.0,1.0,43.0,0.16945288753799392,20030228_spam.tar.bz2,c4229736a915438f
1,3146.0,529.0,1.0,0.0,0.0,0.0,0.0,1.0,0.0,0.0,0.0,0.0,0.0,31.0,0.049206349206349205,20030228_spam.tar.bz2,eec728149e9886d7
1,1948.0,318.0,0.0,1.0,0.0,0.0,0.0,0.0,0.0,0.0,0.0,0.0,1.0,16.0,0.08056872037914692,20030228_spam.tar.bz2,04f1b94652c43e8d
1,406.0,69.0,1.0,0.0,0.0,0.0,0.0,0.0,0.0,0.0,0.0,0.0,1.0,37.0,0.14634146341463414,20030228_spam.tar.bz2,e100b62d660d4ff0
1,11323.0,1129.0,2.0,0.0,0.0,0.0,0.0,0.0,0.0,0.0,0.0,0.0,1.0,29.0,0.08526187576126674,20030228_spam.tar.bz2,94ba1a6a841d9650
1,1375.0,176.0,0.0,0.0,0.0,0.0,0.0,0.0,0.0,0.0,0.0,0.0,1.0,36.0,0.20777777777777778,20030228_spam.tar.bz2,988db190eb6112b9
1,1292.0,163.0,2.0,0.0,0.0,0.0,0.0,0.0,0.0,0.0,0.0,0.0,1.0,53.0,0.12135922330097088,20030228_spam.tar.bz2,598ceceaaf1396dc
1,203.0,27.0,0.0,0.0,0.0,0.0,0.0,0.0,0.0,0.0,0.0,0.0,1.0,43.0,0.16071428571428573,20030228_spam.tar.bz2,d078aa5aae026cb8
1,1901.0,298.0,1.0,0.0,0.0,0.0,0.0,0.0,0.0,0.0,0.0,0.0,0.0,38.0,0.07568653717347622,20030228_spam.tar.bz2,14a2ee36c5c27425
1,2218.0,354.0,2.0,0.0,1.0,0.0,1.0,0.0,0.0,0.0,0.0,0.0,0.0,30.0,0.07739183424741011,20030228_spam.tar.bz2,3b1d3b85b4640cd2
1,1944.0,333.0,0.0,0.0,1.0,0.0,1.0,0.0,0.0,0.0,0.0,0.0,0.0,21.0,0.0825016633399867,20030228_spam.tar.bz2,e9efcb9d4200fab7
1,1257.0,181.0,4.0,0.0,0.0,0.0,0.0,0.0,0.0,0.0,0.0,0.0,0.0,51.0,0.06651884700665188,20030228_spam.tar.bz2,df3b67e11dfbf53c
1,729.0,116.0,0.0,0.0,0.0,0.0,0.0,0.0,0.0,0.0,0.0,0.0,1.0,19.0,0.09732360097323602,20030228_spam.tar.bz2,86f6abc236aa147d
1,17429.0,2745.0,0.0,0.0,0.0,0.0,0.0,0.0,0.0,0.0,0.0,0.0,1.0,16.0,0.056123238891469265,20030228_spam.tar.bz2,09f60abf810d6b4a
1,8594.0,782.0,2.0,0.0,0.0,0.0,0.0,0.0,0.0,0.0,0.0,0.0,1.0,22.0,0.037037037037037035,20030228_spam.tar.bz2,00492b768a186d17
1,2423.0,181.0,0.0,0.0,0.0,0.0,0.0,0.0,0.0,0.0,0.0,0.0,1.0,54.0,0.11013215859030837,20030228_spam.tar.bz2,e8a57bf93f6a1bc4
1,2267.0,219.0,0.0,0.0,0.0,0.0,0.0,0.0,0.0,0.0,0.0,0.0,1.0,59.0,0.12903225806451613,20030228_spam.tar.bz2,716f23a4d1b9bded
1,4933.0,453.0,0.0,0.0,0.0,0.0,0.0,0.0,0.0,0.0,0.0,0.0,1.0,18.0,0.1346153846153846,20030228_spam.tar.bz2,84fbea5d542acba3
1,6022.0,644.0,0.0,0.0,0.0,0.0,1.0,0.0,0.0,0.0,0.0,0.0,1.0,30.0,0.054280510018214934,20030228_spam.tar.bz2,95b87543849b52fe
1,36.0,3.0,0.0,0.0,0.0,0.0,0.0,0.0,0.0,0.0,0.0,0.0,1.0,26.0,0.07407407407407407,20030228_spam.tar.bz2,57b1d76d23178599
1,647.0,111.0,2.0,0.0,0.0,0.0,0.0,0.0,0.0,0.0,0.0,0.0,0.0,76.0,0.05918367346938776,20030228_spam.tar.bz2,1161b7ecff00c841
1,6213.0,842.0,2.0,0.0,0.0,0.0,1.0,0.0,0.0,0.0,0.0,0.0,1.0,58.0,0.03179463024022609,20030228_spam.tar.bz2,a5d68daa6951c660
1,4476.0,353.0,3.0,0.0,0.0,0.0,0.0,0.0,0.0,0.0,0.0,0.0,1.0,41.0,0.11177644710578842,20030228_spam.tar.bz2,46a198201a7e19e3
1,1317.0,202.0,4.0,0.0,0.0,0.0,0.0,0.0,0.0,0.0,0.0,0.0,0.0,59.0,0.0939060939060939,20030228_spam.tar.bz2,538709913c367d14
1,599.0,37.0,1.0,0.0,0.0,0.0,0.0,0.0,0.0,0.0,0.0,0.0,1.0,7.0,0.0,20030228_spam.tar.bz2,9d5894be4e04177a
1,1061.0,159.0,3.0,0.0,0.0,0.0,0.0,0.0,0.0,0.0,0.0,0.0,0.0,36.0,0.0582010582010582,20030228_spam.tar.bz2,ff39b4c7c100d916
1,1107.0,144.0,0.0,0.0,0.0,0.0,0.0,0.0,0.0,0.0,0.0,0.0,1.0,19.0,0.27617602427921095,20030228_spam.tar.bz2,8d53a139f08d7297
1,414.0,61.0,0.0,0.0,0.0,0.0,0.0,0.0,0.0,0.0,0.0,0.0,1.0,21.0,0.15126050420168066,20030228_spam.tar.bz2,4c23b9b34a5f3dce
1,414.0,61.0,0.0,0.0,0.0,0.0,0.0,0.0,0.0,0.0,0.0,0.0,1.0,21.0,0.15126050420168066,20030228_spam.tar.bz2,1f4f2f9ee9da6840
1,5093.0,475.0,2.0,0.0,0.0,0.0,0.0,0.0,0.0,0.0,0.0,0.0,1.0,38.0,0.07502206531332745,20030228_spam.tar.bz2,c44e7b8b9b94c15e
1,452.0,58.0,0.0,0.0,0.0,0.0,0.0,0.0,0.0,0.0,0.0,0.0,1.0,85.0,0.14333333333333334,20030228_spam.tar.bz2,817095b5f7afcb1f
1,683.0,84.0,0.0,0.0,0.0,0.0,0.0,0.0,0.0,0.0,0.0,0.0,1.0,53.0,0.022222222222222223,20030228_spam.tar.bz2,929e390bf6509140
1,1156.0,173.0,1.0,0.0,0.0,0.0,0.0,0.0,0.0,0.0,0.0,0.0,0.0,46.0,0.15073115860517436,20030228_spam.tar.bz2,df42cfdd5f83ab8e
1,2083.0,275.0,0.0,0.0,0.0,0.0,1.0,0.0,0.0,0.0,0.0,0.0,1.0,18.0,0.08953168044077135,20030228_spam.tar.bz2,cdacc4057b7b8107
1,1140.0,147.0,2.0,0.0,0.0,0.0,0.0,0.0,0.0,0.0,0.0,0.0,0.0,38.0,0.20684736091298145,20030228_spam.tar.bz2,609ce0ed483ee2f2
1,266.0,36.0,0.0,0.0,0.0,0.0,0.0,0.0,0.0,0.0,0.0,0.0,1.0,12.0,0.3819444444444444,20030228_spam.tar.bz2,120c319defd96990
1,1138.0,171.0,1.0,0.0,0.0,0.0,0.0,0.0,0.0,0.0,0.0,0.0,0.0,39.0,0.15120274914089346,20030228_spam.tar.bz2,b24a071304b3adff
1,1365.0,111.0,0.0,0.0,0.0,0.0,0.0,0.0,0.0,0.0,0.0,0.0,1.0,33.0,0.09961685823754789,20030228_spam.tar.bz2,4cbbcbdfc0a84327
1,541.0,42.0,0.0,2.0,0.0,0.0,0.0,0.0,0.0,0.0,0.0,0.0,1.0,13.0,0.17857142857142858,20030228_spam.tar.bz2,5fc565d4ae980f18
1,4174.0,387.0,8.0,0.0,0.0,0.0,0.0,0.0,0.0,0.0,0.0,0.0,1.0,18.0,0.06040268456375839,20030228_spam.tar.bz2,1f42884763e0d5ba
1,4066.0,297.0,2.0,0.0,0.0,0.0,0.0,0.0,0.0,0.0,0.0,0.0,1.0,31.0,0.10823689584751532,20030228_spam.tar.bz2,3f5227189dc76033
1,2331.0,247.0,0.0,0.0,0.0,0.0,0.0,0.0,0.0,0.0,0.0,0.0,1.0,43.0,0.11490424646128226,20030228_spam.tar.bz2,d5423e55a1205f39
1,599.0,37.0,1.0,0.0,0.0,0.0,0.0,0.0,0.0,0.0,0.0,0.0,1.0,20.0,0.0,20030228_spam.tar.bz2,02089410f977f217
1,4288.0,749.0,1.0,0.0,0.0,0.0,1.0,0.0,0.0,0.0,0.0,0.0,0.0,21.0,0.024702121476315026,20030228_spam.tar.bz2,b80d512eb0bf54cc
1,1503.0,34.0,2.0,0.0,0.0,0.0,0.0,0.0,0.0,0.0,0.0,0.0,0.0,17.0,0.41694078947368424,20030228_spam.tar.bz2,eb232c5c086fc1d2
1,84.0,11.0,0.0,0.0,0.0,0.0,0.0,0.0,0.0,0.0,0.0,0.0,1.0,23.0,0.3673469387755102,20030228_spam.tar.bz2,b7c4f725fe928064
1,2285.0,375.0,1.0,0.0,0.0,0.0,1.0,0.0,0.0,0.0,0.0,0.0,0.0,16.0,0.07031700288184438,20030228_spam.tar.bz2,f9e87dbcf5fa2458
1,8223.0,1235.0,0.0,0.0,0.0,0.0,0.0,1.0,0.0,0.0,0.0,0.0,0.0,70.0,0.192838370565046,20030228_spam.tar.bz2,0a2e75b01730f1d8
1,4067.0,610.0,2.0,0.0,0.0,0.0,0.0,0.0,0.0,0.0,0.0,0.0,0.0,41.0,0.028443592201981463,20030228_spam.tar.bz2,b38515f57721be2b
1,3906.0,554.0,1.0,0.0,0.0,0.0,0.0,0.0,0.0,0.0,0.0,0.0,0.0,35.0,0.036513157894736845,20030228_spam.tar.bz2,074538e122852161
1,17967.0,2996.0,1.0,0.0,0.0,0.0,0.0,0.0,0.0,0.0,0.0,0.0,0.0,85.0,0.02060133630289532,20030228_spam.tar.bz2,57bdfb5740ecf3cc
1,372.0,43.0,1.0,0.0,0.0,0.0,0.0,0.0,0.0,0.0,0.0,1.0,0.0,15.0,0.11023622047244094,20030228_spam.tar.bz2,618601dfa5c53b58
1,1545.0,130.0,3.0,0.0,0.0,0.0,0.0,0.0,0.0,0.0,0.0,1.0,1.0,42.0,0.12979351032448377,20030228_spam.tar.bz2,3ccf9f78aa1d6382
1,2161.0,38.0,1.0,0.0,0.0,0.0,0.0,0.0,0.0,0.0,0.0,1.0,1.0,29.0,0.4479166666666667,20030228_spam.tar.bz2,74eee9299f3e0300
1,372.0,43.0,1.0,0.0,0.0,0.0,0.0,0.0,0.0,0.0,0.0,1.0,0.0,15.0,0.109375,20030228_spam.tar.bz2,cb05c9dd468c9e14
1,376.0,43.0,1.0,0.0,0.0,0.0,0.0,0.0,0.0,0.0,0.0,1.0,0.0,15.0,0.10606060606060606,20030228_spam.tar.bz2,7bd7f42234a5d231
1,534.0,40.0,2.0,0.0,0.0,0.0,0.0,0.0,0.0,0.0,0.0,1.0,1.0,15.0,0.029333333333333333,20030228_spam.tar.bz2,53ec54df5ecb41e2
1,534.0,40.0,2.0,0.0,0.0,0.0,0.0,0.0,0.0,0.0,0.0,1.0,1.0,15.0,0.029333333333333333,20030228_spam.tar.bz2,c4c9c639cc2b39bd
1,534.0,40.0,2.0,0.0,0.0,0.0,0.0,0.0,0.0,0.0,0.0,1.0,1.0,15.0,0.029333333333333333,20030228_spam.tar.bz2,c71140890214e36a
1,3906.0,554.0,1.0,0.0,0.0,0.0,0.0,0.0,0.0,0.0,0.0,0.0,0.0,35.0,0.03714661406969099,20030228_spam.tar.bz2,4eaf78b47fbd9e66
1,10.0,0.0,0.0,0.0,0.0,0.0,0.0,0.0,0.0,0.0,0.0,0.0,1.0,11.0,0.0,20030228_spam.tar.bz2,bedfa7083ed79b2e
1,484.0,68.0,3.0,1.0,0.0,0.0,0.0,0.0,0.0,0.0,0.0,1.0,0.0,22.0,0.06806282722513089,20030228_spam.tar.bz2,573de7f70ecc26b6
1,3342.0,504.0,0.0,0.0,0.0,0.0,1.0,0.0,1.0,0.0,0.0,0.0,1.0,26.0,0.13234111021721642,20030228_spam.tar.bz2,6f76ab7781c27a34
1,3447.0,608.0,1.0,0.0,0.0,0.0,1.0,0.0,0.0,0.0,0.0,0.0,1.0,43.0,0.025388404698749527,20030228_spam.tar.bz2,c1579faac52ce5a7
1,3447.0,608.0,1.0,0.0,0.0,0.0,1.0,0.0,0.0,0.0,0.0,0.0,1.0,43.0,0.025388404698749527,20030228_spam.tar.bz2,1e153e62e8808209
1,3447.0,608.0,1.0,0.0,0.0,0.0,1.0,0.0,0.0,0.0,0.0,0.0,1.0,43.0,0.025388404698749527,20030228_spam.tar.bz2,b533a12f7bb74935
1,3447.0,608.0,1.0,0.0,0.0,0.0,1.0,0.0,0.0,0.0,0.0,0.0,1.0,43.0,0.025388404698749527,20030228_spam.tar.bz2,889028212b560e46
1,653.0,83.0,0.0,0.0,0.0,0.0,0.0,0.0,0.0,0.0,0.0,0.0,1.0,12.0,0.05138339920948617,20030228_spam.tar.bz2,c56773a57c8eec6f
1,1737.0,309.0,1.0,0.0,0.0,0.0,0.0,0.0,0.0,0.0,0.0,0.0,0.0,26.0,0.035258814703675916,20030228_spam.tar.bz2,2647c6c7579299cd
1,599.0,37.0,1.0,0.0,0.0,0.0,0.0,0.0,0.0,0.0,0.0,1.0,1.0,14.0,0.0,20030228_spam.tar.bz2,9a1515d1c9198f25
1,1307.0,162.0,2.0,0.0,0.0,0.0,0.0,0.0,0.0,0.0,0.0,1.0,1.0,80.0,0.12409638554216867,20030228_spam.tar.bz2,9933a6f5b502fe71
1,1520.0,221.0,0.0,0.0,0.0,0.0,0.0,0.0,0.0,0.0,0.0,0.0,0.0,19.0,0.04424778761061947,20030228_spam.tar.bz2,02fdfcfdb680b595
1,1867.0,316.0,1.0,1.0,0.0,0.0,0.0,0.0,0.0,0.0,0.0,0.0,1.0,39.0,0.05228276877761414,20030228_spam.tar.bz2,dede0bb76907d7be
1,1326.0,253.0,3.0,0.0,0.0,0.0,0.0,0.0,0.0,0.0,0.0,0.0,1.0,44.0,0.03955375253549696,20030228_spam.tar.bz2,e8622ab1f5f53257
1,1323.0,162.0,0.0,0.0,0.0,0.0,0.0,0.0,0.0,0.0,0.0,0.0,0.0,10.0,0.19803370786516855,20030228_spam.tar.bz2,141294220263a85b
1,3250.0,451.0,5.0,0.0,0.0,0.0,0.0,0.0,0.0,0.0,0.0,0.0,1.0,65.0,0.14313440077632217,20030228_spam.tar.bz2,b8d04cfb9a91ca2a
1,606.0,79.0,1.0,0.0,0.0,0.0,0.0,0.0,0.0,0.0,0.0,0.0,1.0,62.0,0.1774193548387097,20030228_spam.tar.bz2,a595711954bc9374
1,4341.0,733.0,1.0,0.0,0.0,0.0,1.0,0.0,0.0,0.0,0.0,0.0,0.0,17.0,0.08365130613442912,20030228_spam.tar.bz2,11966ff7781a0fd7
1,1679.0,277.0,3.0,0.0,0.0,0.0,1.0,0.0,0.0,0.0,0.0,0.0,1.0,42.0,0.03877221324717286,20030228_spam.tar.bz2,182f0590841142c4
1,163.0,19.0,0.0,0.0,0.0,0.0,0.0,0.0,0.0,0.0,0.0,0.0,1.0,86.0,0.14772727272727273,20030228_spam.tar.bz2,c41dbebbd3af8da0
1,750.0,118.0,0.0,0.0,0.0,0.0,0.0,0.0,0.0,0.0,0.0,0.0,0.0,30.0,0.03130434782608696,20030228_spam.tar.bz2,3395505c4e0c2420
1,306.0,57.0,0.0,0.0,0.0,0.0,0.0,0.0,0.0,0.0,0.0,0.0,1.0,42.0,0.029556650246305417,20030228_spam.tar.bz2,5b9931b91cc1c3c3
1,407.0,48.0,0.0,0.0,0.0,0.0,0.0,0.0,0.0,0.0,0.0,0.0,1.0,40.0,0.256,20030228_spam.tar.bz2,7b4d61a2456a4cd8
1,6763.0,767.0,2.0,0.0,0.0,0.0,0.0,0.0,0.0,0.0,0.0,0.0,1.0,24.0,0.08799266727772685,20030228_spam.tar.bz2,dfb4baa428ce5017
1,144.0,11.0,0.0,0.0,0.0,0.0,0.0,0.0,0.0,0.0,0.0,0.0,1.0,24.0,0.07547169811320754,20030228_spam.tar.bz2,80108e31c41b230e
1,3592.0,537.0,8.0,0.0,0.0,0.0,0.0,0.0,0.0,1.0,0.0,0.0,0.0,31.0,0.10809546092653252,20030228_spam.tar.bz2,dd1a9d4a8ab7afdb
1,1031.0,151.0,0.0,0.0,0.0,0.0,0.0,0.0,0.0,0.0,0.0,0.0,1.0,57.0,0.09957924263674614,20030228_spam.tar.bz2,72e37911e9a84d73
1,2478.0,329.0,2.0,0.0,0.0,0.0,0.0,0.0,0.0,0.0,0.0,0.0,1.0,56.0,0.17031463748290013,20030228_spam.tar.bz2,384c067df3284195
1,1375.0,176.0,0.0,0.0,0.0,0.0,0.0,0.0,0.0,0.0,0.0,0.0,1.0,48.0,0.20777777777777778,20030228_spam.tar.bz2,d50ad62c8c4b2162
1,1190.0,182.0,4.0,0.0,0.0,0.0,0.0,0.0,0.0,0.0,0.0,0.0,0.0,50.0,0.05561861520998865,20030228_spam.tar.bz2,885f0773c263e57b
1,3025.0,498.0,1.0,0.0,0.0,0.0,0.0,0.0,0.0,0.0,0.0,0.0,0.0,19.0,0.07059800664451828,20030228_spam.tar.bz2,4f0fb8843596b24a
1,310.0,46.0,1.0,0.0,0.0,0.0,0.0,0.0,0.0,0.0,0.0,0.0,0.0,21.0,0.05714285714285714,20030228_spam.tar.bz2,860309c4467617ef
1,3007.0,496.0,1.0,0.0,0.0,0.0,0.0,0.0,0.0,0.0,0.0,0.0,0.0,12.0,0.07023411371237458,20030228_spam.tar.bz2,2c13ebefd4692bfb
1,2769.0,441.0,2.0,0.0,0.0,0.0,1.0,0.0,1.0,0.0,0.0,1.0,0.0,25.0,0.18631732168850074,20030228_spam.tar.bz2,eed4f3e521bb7fee
1,16174.0,2774.0,0.0,0.0,0.0,0.0,0.0,0.0,0.0,0.0,0.0,0.0,0.0,75.0,0.1703857620381245,20030228_spam.tar.bz2,d18ca9e4b09a23da
1,708.0,78.0,1.0,0.0,0.0,0.0,0.0,0.0,0.0,0.0,0.0,0.0,1.0,66.0,0.18082191780821918,20030228_spam.tar.bz2,5c03201f9b9d612d
1,3286.0,451.0,5.0,0.0,0.0,0.0,0.0,0.0,0.0,0.0,0.0,0.0,1.0,74.0,0.14251207729468598,20030228_spam.tar.bz2,d1af80cf2854383c
1,3819.0,289.0,2.0,0.0,0.0,0.0,0.0,0.0,0.0,0.0,0.0,0.0,1.0,31.0,0.12838306731436502,20030228_spam.tar.bz2,b04fb574fe5abc00
1,2478.0,329.0,2.0,0.0,0.0,0.0,0.0,0.0,0.0,0.0,0.0,0.0,1.0,57.0,0.17031463748290013,20030228_spam.tar.bz2,6b980d386e912320
1,407.0,48.0,0.0,0.0,0.0,0.0,0.0,0.0,0.0,0.0,0.0,0.0,1.0,44.0,0.256,20030228_spam.tar.bz2,239f270731633b53
1,976.0,130.0,0.0,0.0,0.0,0.0,0.0,0.0,0.0,0.0,0.0,0.0,1.0,59.0,0.08503937007874016,20030228_spam.tar.bz2,fc4ade1eb74f9906
1,1121.0,162.0,2.0,0.0,0.0,0.0,0.0,0.0,0.0,0.0,0.0,0.0,0.0,36.0,0.05128205128205128,20030228_spam.tar.bz2,ab5eee22536cd9a1
1,1099.0,152.0,3.0,0.0,0.0,0.0,0.0,0.0,0.0,0.0,0.0,1.0,0.0,40.0,0.09615384615384616,20030228_spam.tar.bz2,2a4d3c0de8486147
1,8681.0,1480.0,1.0,0.0,0.0,0.0,0.0,1.0,0.0,0.0,0.0,0.0,0.0,34.0,0.10902021772939346,20030228_spam.tar.bz2,421078261ddc7dd6
1,1237.0,160.0,2.0,0.0,0.0,0.0,0.0,0.0,0.0,0.0,0.0,0.0,1.0,42.0,0.11829268292682926,20030228_spam.tar.bz2,6029f68003d01894
1,2699.0,75.0,1.0,0.0,0.0,0.0,0.0,0.0,0.0,0.0,0.0,1.0,1.0,25.0,0.06116207951070336,20030228_spam.tar.bz2,d0657ed7d502e69c
1,860.0,114.0,0.0,0.0,0.0,0.0,1.0,0.0,0.0,0.0,0.0,0.0,1.0,52.0,0.11976047904191617,20030228_spam.tar.bz2,fcdef9808280d917
1,802.0,89.0,0.0,0.0,0.0,0.0,0.0,0.0,0.0,0.0,0.0,0.0,1.0,64.0,0.10065645514223195,20030228_spam.tar.bz2,255b52e3b82851ac
1,2636.0,352.0,3.0,0.0,0.0,0.0,0.0,0.0,0.0,0.0,0.0,0.0,1.0,60.0,0.16025236593059936,20030228_spam.tar.bz2,9dab509f223b2513
1,1820.0,204.0,0.0,0.0,0.0,0.0,0.0,0.0,0.0,0.0,0.0,0.0,1.0,69.0,0.3528205128205128,20030228_spam.tar.bz2,8341bc3f929bcf5a
1,679.0,112.0,5.0,0.0,0.0,0.0,0.0,0.0,0.0,0.0,0.0,1.0,0.0,44.0,0.07809110629067245,20030228_spam.tar.bz2,42cfcf55774efb77
1,6214.0,275.0,2.0,0.0,0.0,0.0,0.0,0.0,0.0,0.0,0.0,0.0,1.0,53.0,0.13468013468013468,20030228_spam.tar.bz2,46aea5e4b45cf654
1,3273.0,581.0,0.0,0.0,0.0,0.0,1.0,0.0,1.0,0.0,0.0,0.0,0.0,50.0,0.02048050413548641,20030228_spam.tar.bz2,c599e2b301729f04
1,2478.0,329.0,2.0,0.0,0.0,0.0,0.0,0.0,0.0,0.0,0.0,0.0,1.0,57.0,0.17031463748290013,20030228_spam.tar.bz2,f1d542e67e5d8ee8
1,2224.0,349.0,1.0,0.0,0.0,0.0,1.0,0.0,0.0,0.0,0.0,0.0,1.0,15.0,0.11782661782661782,20030228_spam.tar.bz2,d55b2b0f49912524
1,3727.0,237.0,2.0,0.0,0.0,0.0,0.0,0.0,0.0,0.0,0.0,0.0,1.0,29.0,0.08416289592760182,20030228_spam.tar.bz2,6fe70ed08a4736c7
1,2404.0,214.0,1.0,0.0,0.0,0.0,0.0,0.0,0.0,0.0,0.0,0.0,1.0,28.0,0.1441263573543929,20030228_spam.tar.bz2,07bab164fdc8566c
1,970.0,166.0,3.0,0.0,0.0,0.0,0.0,0.0,0.0,0.0,0.0,0.0,0.0,37.0,0.019230769230769232,20030228_spam.tar.bz2,bf312c076547db36
1,769.0,124.0,0.0,0.0,0.0,0.0,0.0,0.0,0.0,0.0,0.0,0.0,1.0,20.0,0.06976744186046512,20030228_spam.tar.bz2,2c4cf19273ba429a
1,1287.0,201.0,0.0,0.0,0.0,0.0,0.0,0.0,0.0,0.0,0.0,0.0,0.0,35.0,0.15408479834539815,20030228_spam.tar.bz2,ae008a21c3871e9b
1,2345.0,384.0,1.0,0.0,0.0,0.0,1.0,0.0,0.0,0.0,0.0,0.0,0.0,16.0,0.06793935991016282,20030228_spam.tar.bz2,24e13247c0ff9661
1,2345.0,384.0,1.0,0.0,0.0,0.0,1.0,0.0,0.0,0.0,0.0,0.0,0.0,16.0,0.06793935991016282,20030228_spam.tar.bz2,b784e43e565e02b7
1,1944.0,123.0,0.0,0.0,0.0,0.0,0.0,0.0,0.0,0.0,0.0,0.0,1.0,10.0,0.11764705882352941,20030228_spam.tar.bz2,031afdde01e1d875
1,716.0,118.0,5.0,0.0,0.0,0.0,0.0,0.0,0.0,0.0,0.0,1.0,0.0,38.0,0.08064516129032258,20030228_spam.tar.bz2,18f78b60db3dce55
1,744.0,106.0,0.0,0.0,0.0,0.0,0.0,0.0,0.0,0.0,0.0,0.0,0.0,28.0,0.03102189781021898,20030228_spam.tar.bz2,ff0e5ad5ab952267
1,494.0,73.0,1.0,0.0,0.0,0.0,0.0,0.0,0.0,0.0,0.0,0.0,0.0,27.0,0.05785123966942149,20030228_spam.tar.bz2,4a3544d6b3368fab
1,2685.0,426.0,0.0,0.0,0.0,0.0,0.0,0.0,0.0,0.0,0.0,0.0,1.0,41.0,0.078125,20030228_spam.tar.bz2,4ee67ca3b1acac51
1,1541.0,158.0,0.0,0.0,0.0,0.0,0.0,1.0,0.0,0.0,0.0,0.0,1.0,47.0,0.14756446991404013,20030228_spam.tar.bz2,5018ffe3eee45599
1,372.0,24.0,1.0,0.0,0.0,0.0,0.0,0.0,0.0,0.0,0.0,0.0,0.0,20.0,0.12295081967213115,20030228_spam.tar.bz2,1c7597fcedf31e39
1,671.0,89.0,1.0,0.0,0.0,0.0,0.0,0.0,0.0,0.0,0.0,0.0,1.0,41.0,0.16397228637413394,20030228_spam.tar.bz2,537c49508cb30927
1,6238.0,580.0,2.0,0.0,0.0,0.0,0.0,0.0,0.0,0.0,0.0,0.0,1.0,35.0,0.04409171075837742,20030228_spam.tar.bz2,54b5ad7a4bc5abcd
1,1406.0,208.0,3.0,0.0,0.0,0.0,0.0,0.0,0.0,0.0,0.0,0.0,0.0,31.0,0.02129547471162378,20030228_spam.tar.bz2,58477e6645111829
1,1096.0,183.0,0.0,0.0,0.0,0.0,0.0,0.0,0.0,0.0,0.0,0.0,1.0,49.0,0.028083028083028084,20030228_spam.tar.bz2,99622e8998393238
1,2416.0,224.0,0.0,0.0,0.0,0.0,0.0,0.0,0.0,0.0,0.0,0.0,1.0,55.0,0.1327762302692665,20030228_spam.tar.bz2,fe1a88d4ec29d327
1,2236.0,363.0,1.0,0.0,0.0,0.0,1.0,0.0,0.0,0.0,0.0,0.0,0.0,7.0,0.08927501497902936,20030228_spam.tar.bz2,f13cb0f696b11e60
1,541.0,101.0,2.0,0.0,0.0,0.0,0.0,0.0,0.0,0.0,0.0,0.0,0.0,47.0,0.15633423180592992,20030228_spam.tar.bz2,bae0737b03aaf617
1,17728.0,2788.0,0.0,0.0,0.0,0.0,0.0,0.0,0.0,0.0,0.0,0.0,1.0,17.0,0.05660089891064219,20030228_spam.tar.bz2,5066c6755ba8eaef
1,268.0,36.0,0.0,0.0,0.0,0.0,0.0,0.0,0.0,0.0,0.0,0.0,1.0,9.0,0.36666666666666664,20030228_spam.tar.bz2,4b2a4222aea27847
1,437.0,45.0,3.0,0.0,0.0,0.0,0.0,0.0,0.0,0.0,0.0,0.0,1.0,41.0,0.0635593220338983,20030228_spam.tar.bz2,ef313b984a38830f
1,2404.0,214.0,1.0,0.0,0.0,0.0,0.0,0.0,0.0,0.0,0.0,0.0,1.0,28.0,0.1441263573543929,20030228_spam.tar.bz2,0b51bb07a643c28c
1,3483.0,501.0,0.0,0.0,0.0,0.0,0.0,0.0,0.0,0.0,0.0,0.0,0.0,55.0,0.12039197386840877,20030228_spam.tar.bz2,347df58274ae0fd5
1,1101.0,187.0,3.0,0.0,0.0,0.0,0.0,0.0,0.0,0.0,0.0,0.0,0.0,31.0,0.03341288782816229,20030228_spam.tar.bz2,3a95f253d32512f6
1,1793.0,273.0,1.0,0.0,0.0,0.0,0.0,0.0,0.0,0.0,0.0,0.0,0.0,58.0,0.7945492662473794,20030228_spam.tar.bz2,fdf38a01c99414b6
1,1641.0,242.0,0.0,0.0,0.0,0.0,0.0,0.0,0.0,1.0,0.0,0.0,1.0,11.0,0.14866204162537167,20030228_spam.tar.bz2,6a8867dfa8a90124
1,730.0,138.0,1.0,0.0,0.0,1.0,0.0,0.0,0.0,0.0,0.0,0.0,0.0,29.0,0.5892857142857143,20030228_spam.tar.bz2,1065919b68aa776c
1,1095.0,157.0,1.0,0.0,0.0,0.0,0.0,0.0,0.0,0.0,0.0,0.0,1.0,21.0,0.04275862068965517,20030228_spam.tar.bz2,e98b0d75ace36ac9
1,1069.0,179.0,3.0,0.0,0.0,0.0,0.0,0.0,0.0,0.0,0.0,0.0,0.0,28.0,0.03690036900369004,20030228_spam.tar.bz2,adaf962e25357075
1,3548.0,170.0,0.0,0.0,0.0,0.0,0.0,0.0,0.0,0.0,0.0,0.0,1.0,29.0,0.09888751545117429,20030228_spam.tar.bz2,44a544793d86735d
1,2685.0,426.0,0.0,0.0,0.0,0.0,0.0,0.0,0.0,0.0,0.0,0.0,1.0,41.0,0.078125,20030228_spam.tar.bz2,d25cff9ad9b2d156
1,219.0,31.0,0.0,0.0,0.0,0.0,0.0,0.0,0.0,0.0,0.0,0.0,1.0,54.0,0.058394160583941604,20030228_spam.tar.bz2,c49b9642bd9f1194
1,1328.0,209.0,0.0,0.0,0.0,0.0,0.0,0.0,0.0,0.0,0.0,0.0,0.0,43.0,0.05793742757821553,20030228_spam.tar.bz2,7e4abea0df9adfbd
1,1127.0,175.0,3.0,0.0,0.0,0.0,0.0,0.0,0.0,0.0,0.0,0.0,0.0,30.0,0.08974358974358974,20030228_spam.tar.bz2,dbe789072980afff
1,455.0,66.0,0.0,0.0,0.0,0.0,0.0,0.0,0.0,0.0,0.0,0.0,1.0,43.0,0.11258278145695365,20030228_spam.tar.bz2,61f105c0b8d62bfd
1,16295.0,2782.0,1.0,0.0,0.0,0.0,0.0,0.0,0.0,0.0,0.0,0.0,0.0,48.0,0.16701012454081177,20030228_spam.tar.bz2,52c16dcd1605d5e8
1,16138.0,2759.0,0.0,0.0,0.0,0.0,0.0,0.0,0.0,0.0,0.0,0.0,0.0,41.0,0.1684181917013952,20030228_spam.tar.bz2,371f54de9864f6f3
1,3549.0,170.0,0.0,0.0,0.0,0.0,0.0,0.0,0.0,0.0,0.0,0.0,1.0,29.0,0.09888751545117429,20030228_spam.tar.bz2,e6dafc42136694a3
1,842.0,77.0,2.0,0.0,0.0,0.0,0.0,0.0,0.0,0.0,0.0,0.0,1.0,40.0,0.119533527696793,20030228_spam.tar.bz2,c3d1b4a9a4668dab
1,1700.0,279.0,3.0,0.0,0.0,0.0,1.0,0.0,0.0,0.0,0.0,0.0,1.0,51.0,0.0380952380952381,20030228_spam.tar.bz2,391f94cbf8814171
1,8669.0,1480.0,1.0,0.0,0.0,1.0,0.0,1.0,0.0,0.0,0.0,0.0,0.0,37.0,0.10844873191224522,20030228_spam.tar.bz2,341e6a196d5fa040
1,742.0,130.0,2.0,0.0,0.0,0.0,0.0,0.0,0.0,0.0,0.0,0.0,0.0,40.0,0.033807829181494664,20030228_spam.tar.bz2,ad0bb99f9e2c9c76
1,1266.0,185.0,2.0,0.0,0.0,0.0,0.0,0.0,0.0,0.0,0.0,0.0,0.0,22.0,0.01860920666013712,20030228_spam.tar.bz2,102c6778e128a221
1,5281.0,430.0,2.0,0.0,0.0,0.0,0.0,0.0,0.0,0.0,0.0,0.0,1.0,62.0,0.044310171198388724,20030228_spam.tar.bz2,ffe98498dc302c7c
1,1099.0,152.0,3.0,0.0,0.0,0.0,0.0,0.0,0.0,0.0,0.0,1.0,0.0,40.0,0.09615384615384616,20030228_spam.tar.bz2,d432279cea54fe02
1,2439.0,421.0,1.0,0.0,0.0,0.0,0.0,0.0,0.0,0.0,0.0,0.0,0.0,38.0,0.9654178674351584,20030228_spam.tar.bz2,af86e768b8d82afe
1,524.0,79.0,1.0,0.0,0.0,0.0,0.0,0.0,0.0,0.0,0.0,0.0,1.0,46.0,0.17941952506596306,20030228_spam.tar.bz2,aa506fd1c1c38bf0
1,1060.0,159.0,3.0,0.0,0.0,0.0,0.0,0.0,0.0,0.0,0.0,1.0,0.0,49.0,0.020987654320987655,20030228_spam.tar.bz2,f1c5361fd9a7091c
1,6400.0,687.0,0.0,0.0,0.0,0.0,1.0,0.0,0.0,0.0,0.0,0.0,1.0,28.0,0.05572441742654509,20030228_spam.tar.bz2,67b88ab25d83fb05
1,2642.0,162.0,2.0,0.0,0.0,0.0,1.0,0.0,0.0,0.0,0.0,0.0,1.0,28.0,0.08011049723756906,20030228_spam.tar.bz2,c676244706f1e553
1,2340.0,226.0,2.0,0.0,0.0,0.0,0.0,0.0,0.0,0.0,0.0,0.0,1.0,73.0,0.11357340720221606,20030228_spam.tar.bz2,8f3f6ce17085c77b
1,583.0,97.0,2.0,0.0,0.0,0.0,0.0,0.0,0.0,0.0,0.0,0.0,0.0,54.0,0.06265060240963856,20030228_spam.tar.bz2,1046ad4a7525ba22
1,858.0,146.0,3.0,0.0,0.0,0.0,0.0,0.0,0.0,0.0,0.0,1.0,0.0,56.0,0.02702702702702703,20030228_spam.tar.bz2,96039aafc1b784e5
1,473.0,49.0,0.0,0.0,0.0,0.0,0.0,0.0,0.0,0.0,0.0,0.0,1.0,63.0,0.2808988764044944,20030228_spam.tar.bz2,9f10920ccf4a2cef
1,451.0,77.0,0.0,0.0,0.0,0.0,0.0,0.0,0.0,0.0,0.0,0.0,1.0,76.0,0.014925373134328358,20030228_spam.tar.bz2,0bf7c9f8e7a1597e
1,768.0,132.0,6.0,0.0,0.0,0.0,0.0,0.0,0.0,0.0,0.0,1.0,0.0,33.0,0.07984790874524715,20030228_spam.tar.bz2,c0ed043eccfb5682
1,1021.0,100.0,0.0,0.0,0.0,0.0,0.0,0.0,0.0,0.0,0.0,0.0,1.0,31.0,0.07912087912087912,20030228_spam.tar.bz2,c7ac95f28c3ff2b6
1,3297.0,491.0,5.0,0.0,0.0,0.0,0.0,1.0,0.0,0.0,0.0,0.0,1.0,46.0,0.19075385256143274,20030228_spam.tar.bz2,ec419feaafec9cfe
1,3244.0,589.0,4.0,0.0,0.0,0.0,0.0,0.0,0.0,0.0,0.0,0.0,0.0,84.0,0.052502050861361775,20030228_spam.tar.bz2,7ab728181a2ef550
1,639.0,101.0,2.0,0.0,0.0,0.0,0.0,0.0,0.0,0.0,0.0,0.0,0.0,35.0,0.4017857142857143,20030228_spam.tar.bz2,c8b94646b466d88f
1,1082.0,172.0,0.0,0.0,0.0,0.0,0.0,0.0,0.0,0.0,0.0,0.0,0.0,37.0,0.05456852791878172,20030228_spam.tar.bz2,8e20017efd9adf45
1,4394.0,455.0,1.0,0.0,0.0,0.0,0.0,0.0,0.0,0.0,0.0,0.0,1.0,39.0,0.0975374215354901,20030228_spam.tar.bz2,335a38209d1af17b
1,1119.0,89.0,2.0,0.0,0.0,0.0,0.0,0.0,0.0,0.0,0.0,0.0,1.0,46.0,0.03807106598984772,20030228_spam.tar.bz2,290912ef44ea1a65
1,8186.0,1308.0,0.0,0.0,0.0,0.0,0.0,0.0,0.0,0.0,0.0,0.0,1.0,80.0,0.05844388669774113,20030228_spam.tar.bz2,0e953186c77958e7
1,1315.0,179.0,0.0,0.0,0.0,0.0,0.0,0.0,0.0,0.0,0.0,0.0,1.0,55.0,0.029003783102143757,20030228_spam.tar.bz2,0a5c5692d3c5e6c9
1,1350.0,197.0,4.0,0.0,0.0,0.0,0.0,0.0,0.0,0.0,0.0,0.0,0.0,66.0,0.09375,20030228_spam.tar.bz2,8e38541f9f5c1b43
1,139.0,12.0,0.0,0.0,0.0,0.0,0.0,0.0,0.0,0.0,0.0,0.0,1.0,91.0,0.26582278481012656,20030228_spam.tar.bz2,591ee6ade6e9bdcd
1,3290.0,202.0,0.0,0.0,0.0,0.0,0.0,0.0,0.0,0.0,0.0,0.0,1.0,33.0,0.12525458248472504,20030228_spam.tar.bz2,d6e681221fbe62d6
1,3346.0,504.0,0.0,0.0,0.0,0.0,1.0,0.0,1.0,0.0,0.0,0.0,1.0,18.0,0.13234111021721642,20030228_spam.tar.bz2,189c6c4d3a41ebf0
1,1440.0,216.0,0.0,0.0,0.0,0.0,0.0,0.0,0.0,0.0,0.0,0.0,1.0,35.0,0.08324661810613944,20030228_spam.tar.bz2,ce311e1ff2b2f411
1,351.0,50.0,0.0,0.0,0.0,0.0,0.0,0.0,0.0,0.0,0.0,0.0,1.0,41.0,0.27710843373493976,20030228_spam.tar.bz2,ff0bc4a068eec8ad
1,1055.0,170.0,3.0,0.0,0.0,0.0,0.0,0.0,0.0,0.0,0.0,0.0,0.0,37.0,0.03979460847240052,20030228_spam.tar.bz2,6fc07d137a1941b9
1,721.0,119.0,2.0,0.0,0.0,0.0,0.0,0.0,0.0,0.0,0.0,0.0,0.0,20.0,0.05232558139534884,20030228_spam.tar.bz2,aa02c7774bb58b9a
1,3280.0,589.0,4.0,0.0,0.0,0.0,0.0,0.0,0.0,0.0,0.0,0.0,0.0,84.0,0.057003257328990226,20030228_spam.tar.bz2,9c57b2197a3d4f36
1,2747.0,260.0,1.0,0.0,0.0,0.0,0.0,0.0,0.0,0.0,0.0,0.0,1.0,38.0,0.15171835708298406,20030228_spam.tar.bz2,89f009aca17f9749
1,3195.0,462.0,4.0,0.0,0.0,1.0,0.0,0.0,0.0,1.0,0.0,0.0,0.0,35.0,0.09650924024640657,20030228_spam.tar.bz2,5ca18f579faec0e3
1,1809.0,308.0,2.0,0.0,1.0,0.0,0.0,0.0,0.0,0.0,0.0,0.0,1.0,37.0,0.14565004887585534,20030228_spam.tar.bz2,0626739f6288a291
1,1159.0,152.0,3.0,0.0,0.0,0.0,0.0,0.0,0.0,0.0,0.0,1.0,0.0,40.0,0.09186351706036745,20030228_spam.tar.bz2,f28d3e8e4c360661
1,3061.0,538.0,0.0,0.0,1.0,0.0,1.0,0.0,0.0,0.0,0.0,0.0,0.0,41.0,0.04777460187831768,20030228_spam.tar.bz2,ba8f654030ff3502
1,2529.0,439.0,0.0,0.0,0.0,0.0,1.0,0.0,0.0,0.0,0.0,0.0,0.0,12.0,0.0874938210578349,20030228_spam.tar.bz2,b496f2bbb0b0bffa
1,0.0,0.0,0.0,0.0,0.0,0.0,0.0,0.0,0.0,0.0,0.0,0.0,0.0,40.0,0.0,20030228_spam.tar.bz2,9f56ab99690685c7
1,870.0,90.0,1.0,0.0,0.0,0.0,0.0,0.0,0.0,0.0,0.0,0.0,1.0,76.0,0.052256532066508314,20030228_spam.tar.bz2,670122157ef71065
1,547.0,65.0,2.0,0.0,0.0,0.0,1.0,0.0,0.0,0.0,0.0,1.0,0.0,55.0,0.023952095808383235,20030228_spam.tar.bz2,7f2d0f5b2607d4b3
1,2142.0,284.0,0.0,0.0,0.0,0.0,0.0,0.0,0.0,0.0,0.0,0.0,1.0,52.0,0.13441295546558704,20030228_spam.tar.bz2,2744c744d4034122
1,530.0,93.0,0.0,0.0,0.0,0.0,0.0,0.0,0.0,0.0,0.0,0.0,1.0,26.0,0.15104166666666666,20030228_spam.tar.bz2,40f114e0a7c8cfbe
1,163.0,18.0,1.0,0.0,0.0,0.0,0.0,0.0,0.0,0.0,0.0,0.0,0.0,18.0,0.1308411214953271,20030228_spam.tar.bz2,e2285ef4afee3a84
1,3847.0,384.0,2.0,0.0,0.0,0.0,0.0,0.0,0.0,0.0,0.0,0.0,1.0,18.0,0.13405172413793104,20030228_spam.tar.bz2,8c2e82f7d2226bac
1,1806.0,233.0,1.0,0.0,0.0,0.0,1.0,0.0,0.0,1.0,0.0,0.0,1.0,51.0,0.10649819494584838,20030228_spam.tar.bz2,b2da4daec3f4af8f
1,5164.0,287.0,2.0,0.0,0.0,0.0,0.0,0.0,0.0,0.0,0.0,0.0,1.0,31.0,0.10601503759398496,20030228_spam.tar.bz2,2ce09c47230692d6
1,17450.0,2745.0,0.0,0.0,0.0,0.0,0.0,0.0,0.0,0.0,0.0,0.0,1.0,34.0,0.05631188118811881,20030228_spam.tar.bz2,1cd324bc9e5f7e94
1,1349.0,170.0,2.0,0.0,0.0,0.0,0.0,0.0,0.0,0.0,0.0,0.0,1.0,40.0,0.057640750670241284,20030228_spam.tar.bz2,170e5bccd1340b16
1,1568.0,287.0,2.0,0.0,0.0,0.0,0.0,0.0,0.0,0.0,0.0,0.0,1.0,57.0,0.2073940486925158,20030228_spam.tar.bz2,5e2ecd1bda7c5a51
1,224.0,31.0,1.0,0.0,0.0,0.0,0.0,0.0,0.0,1.0,0.0,0.0,1.0,39.0,0.568,20030228_spam.tar.bz2,31aece47f72929d9
1,2838.0,501.0,1.0,0.0,0.0,0.0,1.0,0.0,0.0,0.0,0.0,0.0,0.0,56.0,0.06088888888888889,20030228_spam.tar.bz2,1d57fe55560522c4
1,126335.0,4919.0,3.0,0.0,0.0,0.0,0.0,0.0,0.0,0.0,0.0,0.0,0.0,29.0,0.5044010219152928,20030228_spam.tar.bz2,bd1b538d73260b75
1,1136.0,174.0,3.0,0.0,0.0,0.0,0.0,0.0,0.0,0.0,0.0,0.0,0.0,28.0,0.10080183276059565,20030228_spam.tar.bz2,ff30b5937f313b80
1,5043.0,295.0,1.0,0.0,0.0,0.0,1.0,0.0,0.0,0.0,0.0,0.0,1.0,34.0,0.13367052023121387,20030228_spam.tar.bz2,439e951670857e19
1,3380.0,404.0,0.0,0.0,0.0,0.0,0.0,0.0,0.0,0.0,0.0,0.0,1.0,52.0,0.12896174863387977,20030228_spam.tar.bz2,aa8b519ee81fc1e3
1,3373.0,403.0,0.0,0.0,0.0,0.0,0.0,0.0,0.0,0.0,0.0,0.0,1.0,55.0,0.12938596491228072,20030228_spam.tar.bz2,cfdad11b8a58f547
1,10380.0,1056.0,6.0,0.0,0.0,0.0,0.0,0.0,0.0,0.0,0.0,0.0,1.0,21.0,0.16164554332017453,20030228_spam.tar.bz2,009a1e6200c45f1f
1,2194.0,164.0,2.0,0.0,0.0,0.0,0.0,0.0,0.0,0.0,0.0,0.0,1.0,45.0,0.04808877928483354,20030228_spam.tar.bz2,2d71596a25b81d3b
1,1372.0,185.0,0.0,0.0,0.0,0.0,0.0,0.0,0.0,0.0,0.0,0.0,1.0,52.0,0.03902439024390244,20030228_spam.tar.bz2,07ac4d19489759d1
1,23855.0,3409.0,0.0,0.0,0.0,0.0,0.0,0.0,0.0,0.0,0.0,0.0,0.0,7.0,0.09061141534466212,20030228_spam.tar.bz2,05b87a1eeeefa938
1,1211.0,157.0,0.0,0.0,0.0,0.0,0.0,0.0,0.0,0.0,0.0,0.0,1.0,52.0,0.17002881844380405,20030228_spam.tar.bz2,03b71fad02edbf75
1,1211.0,157.0,0.0,0.0,0.0,0.0,0.0,0.0,0.0,0.0,0.0,0.0,1.0,50.0,0.17002881844380405,20030228_spam.tar.bz2,7f84a7d02481dd1b
1,2083.0,245.0,0.0,0.0,0.0,0.0,0.0,0.0,0.0,0.0,0.0,0.0,1.0,30.0,0.11439466158245949,20030228_spam.tar.bz2,7b0c4f969836550a
1,2583.0,406.0,1.0,0.0,0.0,0.0,1.0,0.0,0.0,0.0,0.0,0.0,0.0,17.0,0.0479628674574523,20030228_spam.tar.bz2,42c757e9c28ba823
1,3398.0,585.0,1.0,0.0,0.0,0.0,1.0,0.0,0.0,0.0,0.0,0.0,0.0,35.0,0.9560193812896012,20030228_spam.tar.bz2,a83acf8717c0915a
1,616.0,93.0,0.0,0.0,0.0,0.0,0.0,0.0,0.0,0.0,0.0,0.0,1.0,5.0,0.06388206388206388,20030228_spam.tar.bz2,1901dafc1b0e1286
1,739.0,76.0,0.0,0.0,0.0,0.0,1.0,0.0,0.0,0.0,0.0,0.0,1.0,54.0,0.035326086956521736,20030228_spam.tar.bz2,23f124c7cbee480f
1,903.0,148.0,0.0,0.0,0.0,0.0,0.0,0.0,0.0,0.0,0.0,0.0,1.0,0.0,0.18780889621087316,20030228_spam.tar.bz2,be5fbf59e8ea0f10
1,7230.0,719.0,0.0,0.0,0.0,0.0,0.0,0.0,1.0,0.0,0.0,0.0,1.0,26.0,0.0847145488029466,20030228_spam.tar.bz2,6a8661eb660e0c95
1,2774.0,422.0,0.0,0.0,0.0,0.0,0.0,0.0,0.0,0.0,0.0,0.0,1.0,18.0,0.1788693234476367,20030228_spam.tar.bz2,c03d93249b1b75cb
1,1249.0,193.0,3.0,0.0,0.0,0.0,0.0,0.0,0.0,0.0,0.0,0.0,0.0,46.0,0.09180327868852459,20030228_spam.tar.bz2,78c657722a27005a
0,1522.0,244.0,1.0,0.0,0.0,0.0,0.0,0.0,0.0,0.0,0.0,0.0,1.0,24.0,0.03925619834710744,20030228_easy_ham.tar.bz2,b3c10aa7833c68e5
0,899.0,124.0,2.0,0.0,0.0,0.0,0.0,0.0,0.0,0.0,0.0,0.0,0.0,25.0,0.07491289198606271,20030228_easy_ham.tar.bz2,9f8b61b0348d4312
0,1751.0,266.0,2.0,0.0,0.0,0.0,1.0,0.0,0.0,0.0,0.0,1.0,0.0,25.0,0.07436096049573973,20030228_easy_ham.tar.bz2,b6a4d0a4dc3d1e2b
0,1127.0,180.0,2.0,0.0,0.0,0.0,0.0,0.0,0.0,0.0,0.0,0.0,0.0,37.0,0.05090909090909091,20030228_easy_ham.tar.bz2,57ce4e7971392e99
0,1052.0,160.0,3.0,0.0,0.0,0.0,0.0,0.0,0.0,0.0,0.0,0.0,0.0,46.0,0.06116642958748222,20030228_easy_ham.tar.bz2,3d423e38e9507624
0,743.0,112.0,2.0,0.0,0.0,0.0,0.0,0.0,0.0,0.0,0.0,1.0,0.0,46.0,0.07625272331154684,20030228_easy_ham.tar.bz2,4eded8f0a952a07e
0,1326.0,220.0,2.0,0.0,0.0,0.0,0.0,0.0,0.0,0.0,0.0,1.0,0.0,47.0,0.06343713956170703,20030228_easy_ham.tar.bz2,91b14bcebb41f5de
0,1169.0,180.0,3.0,0.0,0.0,0.0,0.0,0.0,0.0,0.0,0.0,0.0,1.0,46.0,0.06958762886597938,20030228_easy_ham.tar.bz2,41da39894b682106
0,6115.0,1046.0,2.0,0.0,0.0,0.0,0.0,0.0,0.0,0.0,0.0,1.0,0.0,32.0,0.031613611416026345,20030228_easy_ham.tar.bz2,659d7e4db999e38b
0,867.0,121.0,2.0,0.0,0.0,0.0,0.0,0.0,0.0,0.0,0.0,0.0,0.0,36.0,0.05564648117839607,20030228_easy_ham.tar.bz2,b28fd56e81290ebc
0,622.0,79.0,3.0,0.0,0.0,0.0,0.0,0.0,0.0,0.0,0.0,0.0,0.0,47.0,0.04785894206549118,20030228_easy_ham.tar.bz2,638880a332f797e0
0,1053.0,165.0,2.0,0.0,0.0,0.0,0.0,0.0,0.0,0.0,0.0,0.0,0.0,47.0,0.04454022988505747,20030228_easy_ham.tar.bz2,58cebad0308d036b
0,1064.0,193.0,1.0,0.0,0.0,0.0,0.0,0.0,0.0,0.0,0.0,0.0,0.0,45.0,0.03488372093023256,20030228_easy_ham.tar.bz2,195c1658c1e12aec
0,1546.0,258.0,2.0,0.0,0.0,0.0,0.0,0.0,0.0,0.0,0.0,0.0,1.0,24.0,0.0766839378238342,20030228_easy_ham.tar.bz2,498dc4984862f57c
0,4630.0,701.0,2.0,0.0,0.0,0.0,0.0,0.0,0.0,0.0,0.0,0.0,0.0,17.0,0.02441794434980125,20030228_easy_ham.tar.bz2,ee17477629a4a337
0,654.0,101.0,2.0,0.0,0.0,0.0,0.0,0.0,0.0,0.0,0.0,0.0,0.0,25.0,0.08636363636363636,20030228_easy_ham.tar.bz2,b374620887ccf9e3
0,1203.0,178.0,2.0,0.0,0.0,0.0,0.0,0.0,0.0,0.0,0.0,0.0,1.0,59.0,0.07206068268015171,20030228_easy_ham.tar.bz2,3538efea8245ec0c
0,925.0,147.0,2.0,0.0,0.0,0.0,0.0,0.0,0.0,0.0,0.0,0.0,0.0,24.0,0.07480916030534351,20030228_easy_ham.tar.bz2,1df82f1d5e6d2883
0,487.0,61.0,3.0,0.0,0.0,0.0,0.0,0.0,0.0,0.0,0.0,0.0,0.0,33.0,0.11481481481481481,20030228_easy_ham.tar.bz2,7fad352b06eac7a9
0,517.0,92.0,1.0,0.0,0.0,0.0,0.0,0.0,0.0,0.0,0.0,0.0,0.0,20.0,0.04218362282878412,20030228_easy_ham.tar.bz2,71cdb562e87b551c
0,529.0,67.0,3.0,0.0,0.0,0.0,0.0,0.0,0.0,0.0,0.0,1.0,0.0,37.0,0.11824324324324324,20030228_easy_ham.tar.bz2,b4d606de851002ad
0,1449.0,263.0,1.0,0.0,0.0,0.0,0.0,0.0,0.0,0.0,0.0,0.0,0.0,24.0,0.05368516833484986,20030228_easy_ham.tar.bz2,e5b763be780b7fab
0,1646.0,289.0,2.0,0.0,0.0,0.0,0.0,0.0,0.0,0.0,0.0,0.0,0.0,24.0,0.05707196029776675,20030228_easy_ham.tar.bz2,04cbb6a8757d3ee6
0,1109.0,146.0,2.0,0.0,0.0,0.0,0.0,0.0,0.0,0.0,0.0,0.0,0.0,37.0,0.13153961136023917,20030228_easy_ham.tar.bz2,a51d2004e70b352f
0,941.0,157.0,1.0,0.0,0.0,0.0,0.0,0.0,0.0,0.0,0.0,0.0,0.0,24.0,0.055232558139534885,20030228_easy_ham.tar.bz2,92b5d82422efc4ec
0,2438.0,407.0,1.0,0.0,0.0,0.0,0.0,0.0,0.0,0.0,0.0,0.0,0.0,34.0,0.026344086021505377,20030228_easy_ham.tar.bz2,a4f719e7a3028360
0,1300.0,235.0,1.0,0.0,0.0,0.0,0.0,0.0,0.0,0.0,0.0,0.0,0.0,37.0,0.06428571428571428,20030228_easy_ham.tar.bz2,972edaccd1fc7ac3
0,335.0,59.0,1.0,0.0,0.0,0.0,0.0,0.0,0.0,0.0,0.0,0.0,0.0,11.0,0.06097560975609756,20030228_easy_ham.tar.bz2,382f7f4669c130c1
0,544.0,90.0,1.0,0.0,0.0,0.0,0.0,0.0,0.0,0.0,0.0,0.0,0.0,11.0,0.04639175257731959,20030228_easy_ham.tar.bz2,e9820539aad76f82
0,2908.0,473.0,2.0,0.0,0.0,0.0,0.0,0.0,0.0,0.0,0.0,0.0,1.0,52.0,0.05192878338278932,20030228_easy_ham.tar.bz2,7fd7b6d36f99f5d8
0,368.0,66.0,1.0,0.0,0.0,0.0,0.0,0.0,0.0,0.0,0.0,0.0,0.0,35.0,0.014134275618374558,20030228_easy_ham.tar.bz2,4848bd860e4e2f63
0,918.0,123.0,2.0,0.0,0.0,0.0,0.0,0.0,0.0,0.0,0.0,0.0,0.0,13.0,0.06802721088435375,20030228_easy_ham.tar.bz2,a190df7f29ca6b01
0,354.0,51.0,1.0,0.0,0.0,0.0,0.0,0.0,0.0,0.0,0.0,0.0,0.0,41.0,0.05128205128205128,20030228_easy_ham.tar.bz2,e68f2e166e5f3f61
0,279.0,45.0,1.0,0.0,0.0,0.0,0.0,0.0,0.0,0.0,0.0,0.0,0.0,22.0,0.06030150753768844,20030228_easy_ham.tar.bz2,83fe159a3220cb3e
0,746.0,114.0,3.0,0.0,0.0,0.0,0.0,0.0,0.0,1.0,0.0,0.0,0.0,50.0,0.037800687285223365,20030228_easy_ham.tar.bz2,8b71b6c572f3626d
0,927.0,157.0,2.0,0.0,0.0,0.0,0.0,0.0,0.0,0.0,0.0,0.0,1.0,26.0,0.07142857142857142,20030228_easy_ham.tar.bz2,88177d3852ff0f4f
0,2775.0,468.0,3.0,0.0,0.0,0.0,0.0,0.0,0.0,0.0,0.0,0.0,0.0,17.0,0.04815334268349696,20030228_easy_ham.tar.bz2,936ee3fff725491a
0,1957.0,344.0,2.0,0.0,0.0,0.0,0.0,0.0,0.0,0.0,0.0,0.0,0.0,41.0,0.061182868796736914,20030228_easy_ham.tar.bz2,467ad450eac0d8a7
0,1546.0,243.0,3.0,0.0,0.0,0.0,0.0,0.0,0.0,0.0,0.0,0.0,0.0,29.0,0.05028462998102467,20030228_easy_ham.tar.bz2,cbe85543e22b5c6d
0,1064.0,175.0,2.0,0.0,0.0,0.0,0.0,0.0,0.0,0.0,0.0,0.0,0.0,17.0,0.05024509803921569,20030228_easy_ham.tar.bz2,89e7b7eec3175ad1
0,558.0,88.0,2.0,0.0,0.0,0.0,0.0,0.0,0.0,0.0,0.0,0.0,0.0,21.0,0.03439153439153439,20030228_easy_ham.tar.bz2,3caa65c7002791a2
0,349.0,57.0,1.0,0.0,0.0,0.0,0.0,0.0,0.0,0.0,0.0,0.0,0.0,17.0,0.03875968992248062,20030228_easy_ham.tar.bz2,5b77243d5416d983
0,2355.0,343.0,1.0,0.0,0.0,0.0,0.0,0.0,0.0,0.0,0.0,0.0,1.0,41.0,0.1056338028169014,20030228_easy_ham.tar.bz2,f3f54a8b565ae761
0,1167.0,160.0,3.0,0.0,0.0,0.0,0.0,0.0,0.0,0.0,0.0,0.0,0.0,17.0,0.07036535859269283,20030228_easy_ham.tar.bz2,b47ebb9df0e43109
0,868.0,149.0,1.0,0.0,0.0,0.0,0.0,0.0,0.0,0.0,0.0,0.0,0.0,17.0,0.03945371775417299,20030228_easy_ham.tar.bz2,19752a422dbd2437
0,122.0,23.0,0.0,0.0,0.0,0.0,0.0,0.0,0.0,0.0,0.0,0.0,0.0,23.0,0.06172839506172839,20030228_easy_ham.tar.bz2,c15cc7acde52c9f7
0,1086.0,186.0,2.0,0.0,0.0,0.0,0.0,0.0,0.0,1.0,0.0,0.0,0.0,30.0,0.04625,20030228_easy_ham.tar.bz2,f0f8f08bcad6a193
0,1129.0,168.0,1.0,0.0,0.0,0.0,0.0,0.0,0.0,0.0,0.0,0.0,1.0,44.0,0.046349942062572425,20030228_easy_ham.tar.bz2,9f220ab35f8228ff
0,543.0,98.0,1.0,0.0,0.0,0.0,0.0,0.0,0.0,0.0,0.0,0.0,0.0,29.0,0.10621761658031088,20030228_easy_ham.tar.bz2,d7dbc7b2b2608ecc
0,4585.0,772.0,2.0,0.0,0.0,0.0,0.0,0.0,0.0,0.0,0.0,0.0,1.0,32.0,0.03486997635933806,20030228_easy_ham.tar.bz2,87afc055e551319d
0,317.0,53.0,1.0,0.0,0.0,0.0,0.0,0.0,0.0,0.0,0.0,0.0,0.0,49.0,0.037037037037037035,20030228_easy_ham.tar.bz2,04971b9b28539d42
0,1196.0,145.0,2.0,0.0,0.0,0.0,0.0,0.0,0.0,0.0,0.0,0.0,0.0,53.0,0.28475336322869954,20030228_easy_ham.tar.bz2,5e6e21fa1f6d58ff
0,885.0,148.0,1.0,0.0,0.0,0.0,0.0,0.0,0.0,0.0,0.0,0.0,0.0,45.0,0.0410958904109589,20030228_easy_ham.tar.bz2,f78ba0ece4499c62
0,721.0,122.0,1.0,0.0,0.0,0.0,0.0,0.0,0.0,0.0,0.0,0.0,0.0,30.0,0.033203125,20030228_easy_ham.tar.bz2,fcaea18d67908f60
0,238.0,30.0,2.0,0.0,0.0,0.0,0.0,0.0,0.0,0.0,0.0,0.0,0.0,25.0,0.013333333333333334,20030228_easy_ham.tar.bz2,a70a1976ad730319
0,615.0,75.0,3.0,0.0,0.0,0.0,0.0,0.0,0.0,0.0,0.0,0.0,1.0,40.0,0.10187667560321716,20030228_easy_ham.tar.bz2,f55c85e19e4596f0
0,1239.0,172.0,3.0,0.0,0.0,0.0,0.0,0.0,0.0,0.0,0.0,0.0,0.0,30.0,0.04094292803970223,20030228_easy_ham.tar.bz2,6af242f11322cf23
0,914.0,130.0,3.0,0.0,0.0,0.0,0.0,0.0,0.0,0.0,0.0,0.0,1.0,90.0,0.03531300160513644,20030228_easy_ham.tar.bz2,0fbced5229da8bf9
0,1086.0,165.0,3.0,0.0,0.0,0.0,0.0,0.0,0.0,0.0,0.0,0.0,0.0,94.0,0.04365620736698499,20030228_easy_ham.tar.bz2,fb61c45bed2e03a6
0,618.0,97.0,2.0,0.0,0.0,0.0,0.0,0.0,0.0,0.0,0.0,0.0,0.0,35.0,0.05013192612137203,20030228_easy_ham.tar.bz2,08b1c8cb2aa2a986
0,2758.0,448.0,3.0,0.0,0.0,0.0,0.0,0.0,0.0,0.0,0.0,0.0,0.0,94.0,0.08910386965376782,20030228_easy_ham.tar.bz2,dc7dfec43cc32366
0,1485.0,252.0,2.0,0.0,0.0,0.0,0.0,0.0,0.0,0.0,0.0,0.0,1.0,13.0,0.10852713178294573,20030228_easy_ham.tar.bz2,a7ba4592f83856f5
0,2209.0,369.0,2.0,0.0,0.0,0.0,0.0,0.0,0.0,0.0,0.0,0.0,1.0,17.0,0.09523809523809523,20030228_easy_ham.tar.bz2,eec9290f5f6befae
0,5674.0,791.0,8.0,0.0,0.0,0.0,0.0,0.0,0.0,0.0,0.0,0.0,1.0,19.0,0.16981132075471697,20030228_easy_ham.tar.bz2,1833b2204b4e27ef
0,145.0,23.0,0.0,0.0,0.0,0.0,0.0,0.0,0.0,0.0,0.0,0.0,0.0,12.0,0.0,20030228_easy_ham.tar.bz2,c199b6ace08cb70e
0,637.0,93.0,2.0,0.0,0.0,0.0,0.0,0.0,0.0,0.0,0.0,0.0,1.0,17.0,0.11483253588516747,20030228_easy_ham.tar.bz2,b767a1731586570c
0,2426.0,355.0,1.0,0.0,0.0,0.0,0.0,0.0,0.0,0.0,0.0,0.0,0.0,38.0,0.03535353535353535,20030228_easy_ham.tar.bz2,f1c5a1b8ba869bfd
0,4510.0,714.0,3.0,0.0,0.0,0.0,0.0,0.0,0.0,0.0,0.0,0.0,0.0,80.0,0.025159342502515933,20030228_easy_ham.tar.bz2,a8c233604b35beb5
0,1219.0,155.0,1.0,0.0,0.0,0.0,0.0,0.0,0.0,0.0,0.0,0.0,1.0,52.0,0.13793103448275862,20030228_easy_ham.tar.bz2,edbf5db817cf80c1
0,363.0,64.0,1.0,0.0,0.0,0.0,0.0,0.0,0.0,0.0,0.0,0.0,0.0,17.0,0.05263157894736842,20030228_easy_ham.tar.bz2,c53c0f88aafb7fe9
0,752.0,123.0,1.0,0.0,0.0,0.0,0.0,0.0,0.0,0.0,0.0,0.0,0.0,21.0,0.025996533795493933,20030228_easy_ham.tar.bz2,81147f7d24cfb4cc
0,971.0,173.0,1.0,0.0,0.0,0.0,0.0,0.0,0.0,0.0,0.0,0.0,0.0,21.0,0.025034770514603615,20030228_easy_ham.tar.bz2,61bbc0a59e70e8c2
0,3660.0,640.0,4.0,0.0,0.0,0.0,0.0,0.0,0.0,0.0,0.0,0.0,0.0,24.0,0.05219495333563775,20030228_easy_ham.tar.bz2,fbac84daa494fd7f
0,341.0,52.0,1.0,0.0,0.0,0.0,0.0,0.0,0.0,0.0,0.0,0.0,0.0,21.0,0.01937984496124031,20030228_easy_ham.tar.bz2,52903cf6b7d548da
0,204.0,38.0,1.0,0.0,0.0,0.0,0.0,0.0,0.0,0.0,0.0,0.0,0.0,34.0,0.109375,20030228_easy_ham.tar.bz2,3a2de2047b4bc81f
0,3967.0,616.0,4.0,0.0,0.0,0.0,0.0,0.0,0.0,0.0,0.0,0.0,0.0,48.0,0.021759697256385997,20030228_easy_ham.tar.bz2,fb9d107f81ccb3ea
0,1042.0,180.0,3.0,0.0,0.0,0.0,0.0,0.0,0.0,0.0,0.0,0.0,0.0,52.0,0.03689567430025445,20030228_easy_ham.tar.bz2,4a761149235daef0
0,518.0,83.0,0.0,0.0,0.0,0.0,0.0,0.0,0.0,0.0,0.0,0.0,0.0,28.0,0.037333333333333336,20030228_easy_ham.tar.bz2,27c0a642f36e3d83
0,345.0,57.0,0.0,0.0,0.0,0.0,0.0,0.0,0.0,0.0,0.0,0.0,0.0,23.0,0.04365079365079365,20030228_easy_ham.tar.bz2,dc382a8cfe2e13d9
0,613.0,110.0,2.0,0.0,0.0,0.0,0.0,0.0,0.0,0.0,0.0,0.0,1.0,26.0,0.05952380952380952,20030228_easy_ham.tar.bz2,e6bc4f03c1371a40
0,1907.0,330.0,1.0,0.0,0.0,0.0,0.0,0.0,0.0,0.0,0.0,0.0,0.0,23.0,0.05371024734982332,20030228_easy_ham.tar.bz2,fa1343a99172ccfb
0,255.0,44.0,0.0,0.0,0.0,0.0,0.0,0.0,0.0,0.0,0.0,0.0,0.0,23.0,0.05405405405405406,20030228_easy_ham.tar.bz2,5593e41df6064b8b
0,729.0,112.0,1.0,0.0,0.0,0.0,0.0,0.0,0.0,0.0,0.0,0.0,0.0,23.0,0.03474903474903475,20030228_easy_ham.tar.bz2,69d45fd823fde1fb
0,631.0,107.0,1.0,0.0,0.0,0.0,0.0,0.0,0.0,0.0,0.0,0.0,0.0,27.0,0.06340057636887608,20030228_easy_ham.tar.bz2,45290656ab82ebd7
0,202500.0,12500.0,0.0,0.0,0.0,0.0,0.0,0.0,0.0,0.0,0.0,0.0,0.0,0.0,0.0,20030228_easy_ham.tar.bz2,c7bbe7ad91f19a80
0,1175.0,197.0,1.0,0.0,0.0,0.0,0.0,0.0,0.0,0.0,0.0,0.0,0.0,23.0,0.04664391353811149,20030228_easy_ham.tar.bz2,2294153e592cba00
0,311.0,44.0,1.0,0.0,0.0,0.0,0.0,0.0,0.0,0.0,0.0,0.0,0.0,55.0,0.08962264150943396,20030228_easy_ham.tar.bz2,ce719ce869b19bbe
0,4801.0,749.0,0.0,0.0,0.0,0.0,0.0,0.0,0.0,0.0,0.0,0.0,0.0,23.0,0.04059040590405904,20030228_easy_ham.tar.bz2,32aa54ebf442c153
0,1141.0,203.0,1.0,0.0,0.0,0.0,0.0,0.0,0.0,0.0,0.0,0.0,0.0,25.0,0.09648127128263337,20030228_easy_ham.tar.bz2,6a9bb7f0ed0970d0
0,1674.0,288.0,1.0,0.0,0.0,0.0,0.0,0.0,0.0,0.0,0.0,0.0,0.0,42.0,0.025583145221971408,20030228_easy_ham.tar.bz2,c33201fefcd87bb7
0,1012.0,177.0,1.0,0.0,0.0,0.0,0.0,0.0,0.0,0.0,0.0,0.0,0.0,34.0,0.06727037516170763,20030228_easy_ham.tar.bz2,bbb48940947dbd73
0,1612.0,265.0,3.0,0.0,0.0,0.0,0.0,0.0,0.0,0.0,0.0,0.0,0.0,38.0,0.07672413793103448,20030228_easy_ham.tar.bz2,5cd576051d2cbea9
0,534.0,80.0,1.0,0.0,0.0,0.0,0.0,0.0,0.0,0.0,0.0,0.0,0.0,34.0,0.03826530612244898,20030228_easy_ham.tar.bz2,0c59b9e633466d4b
0,1050.0,172.0,2.0,0.0,0.0,0.0,0.0,0.0,0.0,0.0,0.0,0.0,0.0,38.0,0.08174386920980926,20030228_easy_ham.tar.bz2,81fee329e39e89b5
0,1422.0,170.0,2.0,0.0,0.0,0.0,0.0,0.0,0.0,0.0,0.0,0.0,0.0,38.0,0.2504672897196262,20030228_easy_ham.tar.bz2,fb44b8cf4797ae2a
0,475.0,75.0,1.0,0.0,0.0,0.0,0.0,0.0,0.0,0.0,0.0,0.0,0.0,38.0,0.04481792717086835,20030228_easy_ham.tar.bz2,cb0ab781ef95f557
0,1695.0,267.0,2.0,0.0,0.0,0.0,0.0,0.0,0.0,0.0,0.0,0.0,1.0,38.0,0.16763969974979148,20030228_easy_ham.tar.bz2,870a9de92b46fa59
0,456.0,69.0,2.0,0.0,0.0,0.0,0.0,0.0,0.0,0.0,0.0,0.0,0.0,34.0,0.07142857142857142,20030228_easy_ham.tar.bz2,2c36b85cff645d74
0,2560.0,391.0,1.0,0.0,0.0,0.0,0.0,0.0,0.0,0.0,0.0,0.0,0.0,40.0,0.06201146430432517,20030228_easy_ham.tar.bz2,76bf895fbaca2cda
0,1083.0,190.0,1.0,0.0,0.0,0.0,0.0,0.0,0.0,0.0,0.0,0.0,0.0,21.0,0.11390728476821192,20030228_easy_ham.tar.bz2,d7cc0dc12c775b56
0,746.0,131.0,2.0,0.0,0.0,0.0,0.0,0.0,0.0,0.0,0.0,0.0,0.0,27.0,0.009107468123861567,20030228_easy_ham.tar.bz2,a301ca32766bee3e
0,1164.0,185.0,2.0,0.0,0.0,0.0,0.0,0.0,0.0,0.0,0.0,0.0,0.0,35.0,0.057001239157372985,20030228_easy_ham.tar.bz2,7e5c7d84527e5541
0,508.0,72.0,1.0,0.0,0.0,0.0,0.0,0.0,0.0,0.0,0.0,0.0,0.0,29.0,0.07142857142857142,20030228_easy_ham.tar.bz2,e1260fd6db1f8ca8
0,1154.0,187.0,3.0,0.0,0.0,0.0,0.0,0.0,0.0,0.0,0.0,0.0,0.0,51.0,0.039673278879813305,20030228_easy_ham.tar.bz2,e24dbda2ba8ff688
0,1297.0,221.0,1.0,0.0,0.0,0.0,0.0,0.0,0.0,0.0,0.0,0.0,0.0,36.0,0.03896103896103896,20030228_easy_ham.tar.bz2,e2a20ccbace8a34f
0,1115.0,186.0,1.0,0.0,0.0,0.0,0.0,0.0,0.0,0.0,0.0,0.0,0.0,27.0,0.03934010152284264,20030228_easy_ham.tar.bz2,3be9447aa946cb0c
0,699.0,116.0,1.0,0.0,0.0,0.0,0.0,0.0,0.0,0.0,0.0,0.0,0.0,27.0,0.038834951456310676,20030228_easy_ham.tar.bz2,1a2e35dfa36100fc
0,1569.0,246.0,3.0,0.0,0.0,0.0,0.0,0.0,0.0,0.0,0.0,0.0,0.0,56.0,0.036013400335008376,20030228_easy_ham.tar.bz2,7fb70088ae45bfff
0,877.0,156.0,1.0,0.0,0.0,0.0,0.0,0.0,0.0,0.0,0.0,0.0,0.0,61.0,0.035398230088495575,20030228_easy_ham.tar.bz2,0c465a9c639e53f6
0,2116.0,328.0,4.0,0.0,0.0,0.0,0.0,0.0,0.0,0.0,0.0,0.0,0.0,65.0,0.043509272467902996,20030228_easy_ham.tar.bz2,9a04583ae04edfd1
0,629.0,113.0,1.0,0.0,0.0,0.0,0.0,0.0,0.0,0.0,0.0,0.0,0.0,34.0,0.06431535269709543,20030228_easy_ham.tar.bz2,deadbd8548f613ad
0,1055.0,177.0,1.0,0.0,0.0,0.0,0.0,0.0,0.0,0.0,0.0,0.0,0.0,56.0,0.042091836734693876,20030228_easy_ham.tar.bz2,0c3e8739bb39469c
0,1210.0,198.0,2.0,0.0,0.0,0.0,0.0,0.0,0.0,0.0,0.0,0.0,1.0,48.0,0.06756756756756757,20030228_easy_ham.tar.bz2,313ff596812594cc
0,1660.0,298.0,4.0,0.0,0.0,0.0,0.0,0.0,0.0,0.0,0.0,0.0,0.0,34.0,0.03346938775510204,20030228_easy_ham.tar.bz2,3cf79d27e80f638f
0,1051.0,139.0,3.0,0.0,0.0,0.0,0.0,0.0,0.0,0.0,0.0,0.0,1.0,39.0,0.08709175738724728,20030228_easy_ham.tar.bz2,e5c8ff3990523cab
0,1412.0,181.0,4.0,0.0,0.0,0.0,0.0,0.0,0.0,0.0,0.0,0.0,1.0,43.0,0.0919674039580908,20030228_easy_ham.tar.bz2,5a87ecba2333d4bf
0,762.0,108.0,3.0,0.0,0.0,0.0,0.0,0.0,0.0,0.0,0.0,0.0,0.0,24.0,0.10460251046025104,20030228_easy_ham.tar.bz2,3958f866d4e3905b
0,1826.0,287.0,3.0,0.0,0.0,0.0,0.0,0.0,0.0,0.0,0.0,1.0,0.0,49.0,0.06230769230769231,20030228_easy_ham.tar.bz2,c38a0929b2f4a97b
0,1355.0,179.0,4.0,0.0,0.0,0.0,0.0,0.0,0.0,0.0,0.0,0.0,1.0,43.0,0.08403361344537816,20030228_easy_ham.tar.bz2,f7eab750c9d30888
0,1582.0,239.0,2.0,0.0,0.0,0.0,0.0,0.0,0.0,0.0,0.0,1.0,0.0,50.0,0.059233449477351915,20030228_easy_ham.tar.bz2,23897c189fdbb57e
0,834.0,129.0,2.0,0.0,0.0,0.0,0.0,0.0,0.0,0.0,0.0,1.0,0.0,29.0,0.06941838649155722,20030228_easy_ham.tar.bz2,697a328cdb9e4bb9
0,793.0,109.0,3.0,0.0,0.0,0.0,0.0,0.0,0.0,0.0,0.0,1.0,0.0,32.0,0.08365758754863813,20030228_easy_ham.tar.bz2,3735e183d55a27dd
0,1188.0,177.0,5.0,0.0,0.0,0.0,0.0,0.0,0.0,0.0,0.0,0.0,0.0,51.0,0.07682119205298013,20030228_easy_ham.tar.bz2,3c2fa6afe799530d
0,810.0,118.0,2.0,0.0,0.0,0.0,0.0,0.0,0.0,0.0,0.0,0.0,0.0,51.0,0.08080808080808081,20030228_easy_ham.tar.bz2,6566982312299626
0,788.0,107.0,4.0,0.0,0.0,0.0,0.0,0.0,0.0,0.0,0.0,0.0,1.0,36.0,0.1069182389937107,20030228_easy_ham.tar.bz2,01b9fdd5d983e22b
0,1145.0,161.0,2.0,0.0,0.0,0.0,0.0,0.0,0.0,0.0,0.0,0.0,0.0,44.0,0.05953991880920163,20030228_easy_ham.tar.bz2,e750bf51d1928f46
0,1211.0,174.0,3.0,0.0,0.0,0.0,0.0,0.0,0.0,0.0,0.0,0.0,0.0,40.0,0.06658739595719382,20030228_easy_ham.tar.bz2,d3bd6a037f00dd9a
0,476.0,60.0,3.0,0.0,0.0,0.0,0.0,0.0,0.0,0.0,0.0,1.0,0.0,51.0,0.1220472440944882,20030228_easy_ham.tar.bz2,30036f0b59592f5c
0,2584.0,449.0,0.0,0.0,0.0,0.0,0.0,0.0,0.0,0.0,0.0,0.0,0.0,28.0,0.028907922912205567,20030228_easy_ham.tar.bz2,07b128ef8d55af5a
0,755.0,117.0,3.0,0.0,0.0,0.0,0.0,0.0,0.0,0.0,0.0,0.0,0.0,35.0,0.05506607929515418,20030228_easy_ham.tar.bz2,8ce8a9032c9e7398
0,2324.0,310.0,7.0,0.0,0.0,0.0,0.0,0.0,0.0,0.0,0.0,0.0,0.0,33.0,0.05238467552775606,20030228_easy_ham.tar.bz2,da8111874a23c2f8
0,1251.0,192.0,5.0,0.0,0.0,0.0,0.0,0.0,1.0,0.0,0.0,0.0,0.0,58.0,0.07673568818514007,20030228_easy_ham.tar.bz2,2ebfe49b6782ddbb
0,1237.0,189.0,5.0,0.0,0.0,0.0,0.0,0.0,0.0,0.0,0.0,0.0,0.0,36.0,0.06985294117647059,20030228_easy_ham.tar.bz2,f1abc292561f5ae4
0,1129.0,178.0,5.0,0.0,0.0,0.0,0.0,0.0,0.0,0.0,0.0,0.0,0.0,33.0,0.08933333333333333,20030228_easy_ham.tar.bz2,13be5e11911633f7
0,991.0,140.0,6.0,0.0,0.0,0.0,0.0,0.0,0.0,0.0,0.0,0.0,1.0,51.0,0.08780487804878048,20030228_easy_ham.tar.bz2,8b67abf3a4d01c08
0,1330.0,194.0,6.0,0.0,0.0,0.0,0.0,0.0,0.0,0.0,0.0,0.0,1.0,51.0,0.08578143360752057,20030228_easy_ham.tar.bz2,f069e7ce75b2accf
0,266.0,36.0,1.0,0.0,0.0,0.0,0.0,0.0,0.0,0.0,0.0,0.0,1.0,34.0,0.065,20030228_easy_ham.tar.bz2,3285f9d435e5a538
0,547.0,86.0,2.0,0.0,0.0,0.0,0.0,0.0,0.0,0.0,0.0,0.0,0.0,19.0,0.05115089514066496,20030228_easy_ham.tar.bz2,ca1460eb6109fcc4
0,1639.0,240.0,2.0,0.0,0.0,0.0,0.0,0.0,1.0,0.0,0.0,0.0,0.0,38.0,0.03344768439108062,20030228_easy_ham.tar.bz2,2282670794ca6578
0,474.0,83.0,4.0,0.0,0.0,0.0,0.0,0.0,0.0,0.0,0.0,0.0,0.0,36.0,0.06289308176100629,20030228_easy_ham.tar.bz2,82f3e70b9719ddd2
0,347.0,53.0,3.0,0.0,0.0,0.0,0.0,0.0,0.0,0.0,0.0,0.0,0.0,23.0,0.07755102040816327,20030228_easy_ham.tar.bz2,87c58f360abf5bda
0,287.0,50.0,3.0,0.0,0.0,0.0,0.0,0.0,0.0,0.0,0.0,0.0,0.0,49.0,0.14689265536723164,20030228_easy_ham.tar.bz2,a58dc1fb8b99cbce
0,390.0,58.0,3.0,0.0,0.0,0.0,0.0,0.0,0.0,0.0,0.0,0.0,0.0,24.0,0.07251908396946564,20030228_easy_ham.tar.bz2,b3628dddaedc2a44
0,162.0,26.0,1.0,0.0,0.0,0.0,0.0,0.0,0.0,0.0,0.0,0.0,0.0,32.0,0.11578947368421053,20030228_easy_ham.tar.bz2,b850cf9e39d9efbc
0,236.0,38.0,1.0,0.0,0.0,0.0,0.0,0.0,0.0,0.0,0.0,0.0,0.0,55.0,0.06578947368421052,20030228_easy_ham.tar.bz2,4a893935452266a2
0,234.0,38.0,1.0,0.0,0.0,0.0,0.0,0.0,0.0,0.0,0.0,0.0,0.0,36.0,0.08053691275167785,20030228_easy_ham.tar.bz2,ef97fd680858d49d
0,195.0,32.0,1.0,0.0,0.0,0.0,0.0,0.0,0.0,0.0,0.0,0.0,0.0,30.0,0.05185185185185185,20030228_easy_ham.tar.bz2,3772886996287d82
0,203.0,32.0,1.0,0.0,0.0,0.0,0.0,0.0,0.0,0.0,0.0,0.0,0.0,31.0,0.06756756756756757,20030228_easy_ham.tar.bz2,f1bae7e335d611a1
0,184.0,30.0,1.0,0.0,0.0,0.0,0.0,0.0,0.0,0.0,0.0,0.0,0.0,33.0,0.05303030303030303,20030228_easy_ham.tar.bz2,6f49133e0609f17e
0,199.0,31.0,1.0,0.0,0.0,0.0,0.0,0.0,0.0,0.0,0.0,0.0,0.0,43.0,0.04225352112676056,20030228_easy_ham.tar.bz2,2e13aa823a74ec31
0,836.0,122.0,2.0,0.0,0.0,0.0,0.0,1.0,0.0,0.0,0.0,0.0,0.0,68.0,0.03594771241830065,20030228_easy_ham.tar.bz2,5e72357bd3ae8eeb
0,1055.0,177.0,1.0,0.0,0.0,0.0,0.0,1.0,0.0,0.0,0.0,0.0,0.0,68.0,0.027777777777777776,20030228_easy_ham.tar.bz2,bd3e72bdd86c3a6f
0,660.0,112.0,2.0,0.0,0.0,0.0,0.0,0.0,0.0,0.0,0.0,0.0,0.0,26.0,0.053691275167785234,20030228_easy_ham.tar.bz2,05bbe794f5277636
0,4740.0,793.0,3.0,0.0,0.0,0.0,0.0,0.0,0.0,1.0,0.0,1.0,0.0,42.0,0.04104903078677309,20030228_easy_ham.tar.bz2,bc5d8a7011a35c65
0,2152.0,348.0,3.0,0.0,0.0,0.0,0.0,0.0,0.0,0.0,0.0,1.0,0.0,35.0,0.05353728489483748,20030228_easy_ham.tar.bz2,bffce51b5a28ec74
0,614.0,106.0,3.0,0.0,0.0,0.0,0.0,0.0,0.0,0.0,0.0,0.0,0.0,26.0,0.04794520547945205,20030228_easy_ham.tar.bz2,0a44bc6482d87920
0,4583.0,696.0,3.0,0.0,0.0,0.0,0.0,0.0,0.0,0.0,0.0,1.0,0.0,30.0,0.03389830508474576,20030228_easy_ham.tar.bz2,7b7c60910f3b55e5
0,2303.0,352.0,3.0,0.0,0.0,0.0,0.0,0.0,0.0,0.0,0.0,1.0,0.0,38.0,0.04521739130434783,20030228_easy_ham.tar.bz2,bb2399cc3fc39744
0,4241.0,674.0,3.0,0.0,0.0,0.0,0.0,0.0,1.0,0.0,0.0,1.0,0.0,33.0,0.049401656949984656,20030228_easy_ham.tar.bz2,5d61ce1e0984cad5
0,1840.0,278.0,3.0,0.0,0.0,0.0,0.0,0.0,0.0,0.0,0.0,1.0,0.0,41.0,0.0413589364844904,20030228_easy_ham.tar.bz2,81649e45f7c7dd08
0,1912.0,285.0,2.0,0.0,0.0,0.0,0.0,0.0,0.0,0.0,0.0,1.0,0.0,61.0,0.05501392757660167,20030228_easy_ham.tar.bz2,3727146c7094baa9
0,1824.0,278.0,2.0,0.0,0.0,0.0,0.0,0.0,0.0,0.0,0.0,1.0,0.0,29.0,0.052316890881913304,20030228_easy_ham.tar.bz2,94500734a35d4839
0,1240.0,167.0,4.0,0.0,0.0,0.0,0.0,0.0,0.0,0.0,0.0,1.0,0.0,22.0,0.13016270337922403,20030228_easy_ham.tar.bz2,09c229dcccf3465e
0,826.0,133.0,4.0,0.0,0.0,0.0,0.0,0.0,0.0,0.0,0.0,0.0,1.0,26.0,0.046263345195729534,20030228_easy_ham.tar.bz2,f29cdafbe4897777
0,2289.0,331.0,0.0,0.0,0.0,0.0,0.0,0.0,0.0,0.0,0.0,0.0,0.0,49.0,0.016684607104413347,20030228_easy_ham.tar.bz2,47c3abda6fc5f6b6
0,2554.0,338.0,3.0,0.0,0.0,0.0,1.0,0.0,0.0,0.0,0.0,1.0,0.0,38.0,0.08363636363636363,20030228_easy_ham.tar.bz2,3a2836015bf7eab9
0,26665.0,3227.0,81.0,0.0,0.0,0.0,0.0,0.0,0.0,0.0,0.0,0.0,1.0,26.0,0.08068961097224893,20030228_easy_ham.tar.bz2,f9a32dff64bf3c0a
0,798.0,102.0,5.0,0.0,0.0,0.0,0.0,0.0,0.0,0.0,0.0,0.0,0.0,46.0,0.08370044052863436,20030228_easy_ham.tar.bz2,d40dc9da05d18a71
0,566.0,96.0,1.0,0.0,0.0,0.0,0.0,0.0,0.0,0.0,0.0,0.0,1.0,20.0,0.0774818401937046,20030228_easy_ham.tar.bz2,b6e2d36b1bdbf869
0,1033.0,171.0,4.0,0.0,0.0,0.0,0.0,0.0,0.0,0.0,0.0,0.0,0.0,19.0,0.039318479685452164,20030228_easy_ham.tar.bz2,97ba712647c431af
0,440.0,52.0,3.0,0.0,0.0,0.0,0.0,0.0,0.0,0.0,0.0,1.0,0.0,55.0,0.1271186440677966,20030228_easy_ham.tar.bz2,a9ea9f0040e67522
0,849.0,122.0,2.0,0.0,0.0,0.0,0.0,0.0,0.0,0.0,0.0,0.0,0.0,60.0,0.0925589836660617,20030228_easy_ham.tar.bz2,bf56bc3bb5aed0ff
0,1584.0,263.0,2.0,0.0,0.0,0.0,0.0,0.0,0.0,0.0,0.0,0.0,0.0,31.0,0.053057553956834536,20030228_easy_ham.tar.bz2,9a34a124f20430de
0,865.0,121.0,4.0,0.0,0.0,0.0,0.0,0.0,0.0,0.0,0.0,0.0,0.0,27.0,0.07933579335793357,20030228_easy_ham.tar.bz2,a5092a09d8c723b0
0,2041.0,330.0,6.0,0.0,0.0,0.0,0.0,0.0,0.0,0.0,0.0,0.0,0.0,31.0,0.040915395284327326,20030228_easy_ham.tar.bz2,c2ec8e7fbdb19134
0,1014.0,150.0,3.0,0.0,0.0,0.0,0.0,0.0,0.0,0.0,0.0,0.0,0.0,61.0,0.08630952380952381,20030228_easy_ham.tar.bz2,912f470457fce056
0,743.0,104.0,3.0,0.0,0.0,0.0,0.0,0.0,0.0,0.0,0.0,0.0,0.0,36.0,0.11956521739130435,20030228_easy_ham.tar.bz2,865f3467d27aa1fb
0,3658.0,540.0,2.0,0.0,0.0,0.0,1.0,0.0,0.0,0.0,0.0,0.0,1.0,21.0,0.029324424647364514,20030228_easy_ham.tar.bz2,cea159bb97e68939
0,2200.0,356.0,3.0,0.0,0.0,0.0,0.0,0.0,0.0,0.0,0.0,1.0,0.0,40.0,0.054707379134860054,20030228_easy_ham.tar.bz2,a51e6406ee6f8e3f
0,3463.0,575.0,3.0,0.0,0.0,0.0,0.0,0.0,0.0,0.0,0.0,1.0,0.0,38.0,0.04725670804965959,20030228_easy_ham.tar.bz2,686610db561ccc91
0,4674.0,740.0,2.0,0.0,0.0,0.0,0.0,0.0,0.0,0.0,0.0,1.0,0.0,55.0,0.03664772727272727,20030228_easy_ham.tar.bz2,e2394359f3002f30
0,3055.0,486.0,2.0,0.0,0.0,0.0,0.0,0.0,0.0,0.0,0.0,1.0,0.0,64.0,0.04164820558263181,20030228_easy_ham.tar.bz2,a94e56edbe236a5f
0,7065.0,1170.0,3.0,0.0,0.0,0.0,0.0,0.0,0.0,0.0,0.0,1.0,0.0,27.0,0.033762933381738976,20030228_easy_ham.tar.bz2,11a490f861c16eb8
0,3750.0,632.0,3.0,0.0,0.0,0.0,0.0,0.0,0.0,0.0,0.0,1.0,0.0,34.0,0.04072398190045249,20030228_easy_ham.tar.bz2,960aa107e38693e0
0,2398.0,395.0,3.0,0.0,0.0,0.0,0.0,0.0,1.0,0.0,0.0,0.0,0.0,46.0,0.05381944444444445,20030228_easy_ham.tar.bz2,e25bef01a80a8e95
0,843.0,117.0,3.0,0.0,0.0,0.0,0.0,0.0,0.0,0.0,0.0,1.0,0.0,31.0,0.08743169398907104,20030228_easy_ham.tar.bz2,0f2d268e1ce0c7f8
0,2655.0,429.0,2.0,0.0,0.0,0.0,0.0,0.0,0.0,0.0,0.0,1.0,0.0,54.0,0.0461139896373057,20030228_easy_ham.tar.bz2,383b7537675ebf48
0,2655.0,405.0,4.0,0.0,0.0,0.0,0.0,0.0,0.0,0.0,0.0,0.0,0.0,58.0,0.05055880787653007,20030228_easy_ham.tar.bz2,c11cf3b27bc32c96
0,1579.0,250.0,2.0,0.0,0.0,0.0,0.0,0.0,0.0,0.0,0.0,0.0,0.0,34.0,0.04847396768402154,20030228_easy_ham.tar.bz2,6da3d7d9f7561d0d
0,1038.0,173.0,1.0,0.0,0.0,0.0,0.0,0.0,0.0,0.0,0.0,0.0,1.0,43.0,0.06796116504854369,20030228_easy_ham.tar.bz2,e31e74860d6dbdc2
0,4257.0,738.0,1.0,0.0,0.0,0.0,0.0,0.0,0.0,0.0,0.0,0.0,1.0,52.0,0.03166308023363049,20030228_easy_ham.tar.bz2,6d55c615973377fe
0,726.0,122.0,0.0,0.0,0.0,0.0,0.0,0.0,0.0,0.0,0.0,0.0,0.0,45.0,0.009074410163339383,20030228_easy_ham.tar.bz2,f8ae37ba5e10ccc6
0,1347.0,220.0,1.0,0.0,0.0,0.0,0.0,0.0,0.0,0.0,0.0,0.0,1.0,52.0,0.04027504911591356,20030228_easy_ham.tar.bz2,aad2c439a1b208d9
0,135.0,20.0,0.0,0.0,0.0,0.0,0.0,0.0,0.0,0.0,0.0,0.0,0.0,9.0,0.05154639175257732,20030228_easy_ham.tar.bz2,fc4c43fce73444d6
0,778.0,110.0,2.0,0.0,0.0,0.0,0.0,0.0,0.0,0.0,0.0,0.0,0.0,76.0,0.09168443496801706,20030228_easy_ham.tar.bz2,3cdc628052f70f32
0,1067.0,170.0,2.0,0.0,0.0,0.0,0.0,0.0,0.0,0.0,0.0,0.0,0.0,39.0,0.07932011331444759,20030228_easy_ham.tar.bz2,6ea63badf75446e9
0,613.0,80.0,3.0,0.0,0.0,0.0,0.0,0.0,0.0,0.0,0.0,1.0,0.0,31.0,0.18232044198895028,20030228_easy_ham.tar.bz2,62850a74f12b6790
0,636.0,84.0,2.0,0.0,0.0,0.0,0.0,0.0,0.0,0.0,0.0,1.0,0.0,35.0,0.19023136246786632,20030228_easy_ham.tar.bz2,51dc2f3ae29a3bd1
0,719.0,131.0,1.0,0.0,0.0,0.0,0.0,0.0,0.0,0.0,0.0,0.0,0.0,29.0,0.03616636528028933,20030228_easy_ham.tar.bz2,34cde469d0c4292e
0,523.0,80.0,2.0,0.0,0.0,0.0,0.0,0.0,0.0,0.0,0.0,0.0,0.0,28.0,0.053824362606232294,20030228_easy_ham.tar.bz2,ed3e01fe9958c46d
0,1312.0,236.0,2.0,0.0,0.0,0.0,0.0,0.0,0.0,0.0,0.0,0.0,0.0,33.0,0.05177664974619289,20030228_easy_ham.tar.bz2,dbcb9fc450755496
0,573.0,90.0,1.0,0.0,0.0,0.0,0.0,0.0,0.0,0.0,0.0,0.0,0.0,13.0,0.0546875,20030228_easy_ham.tar.bz2,781e86b895bda63a
0,768.0,126.0,2.0,0.0,0.0,0.0,0.0,0.0,0.0,0.0,0.0,0.0,0.0,32.0,0.037698412698412696,20030228_easy_ham.tar.bz2,433d82714961e96e
0,389.0,64.0,1.0,0.0,0.0,0.0,0.0,0.0,0.0,0.0,0.0,0.0,0.0,32.0,0.03597122302158273,20030228_easy_ham.tar.bz2,e8d7ebf745b3259a
0,1634.0,254.0,1.0,0.0,0.0,0.0,0.0,0.0,0.0,0.0,0.0,0.0,1.0,45.0,0.0407040704070407,20030228_easy_ham.tar.bz2,ef61036a53419418
0,1006.0,158.0,2.0,0.0,0.0,0.0,0.0,0.0,0.0,0.0,0.0,0.0,0.0,17.0,0.069164265129683,20030228_easy_ham.tar.bz2,a88174524da4bf41
0,713.0,123.0,1.0,0.0,0.0,0.0,0.0,0.0,0.0,0.0,0.0,0.0,0.0,62.0,0.07933579335793357,20030228_easy_ham.tar.bz2,72697d86e11ff135
0,762.0,133.0,2.0,0.0,0.0,0.0,0.0,0.0,0.0,0.0,0.0,0.0,0.0,66.0,0.07334525939177101,20030228_easy_ham.tar.bz2,176dc0979223cef8
0,892.0,144.0,1.0,0.0,0.0,0.0,0.0,0.0,0.0,0.0,0.0,0.0,0.0,32.0,0.03858520900321544,20030228_easy_ham.tar.bz2,df025f07688e186b
0,768.0,145.0,1.0,0.0,0.0,0.0,0.0,0.0,0.0,0.0,0.0,0.0,0.0,66.0,0.059149722735674676,20030228_easy_ham.tar.bz2,346c8802c0c0985b
0,1101.0,207.0,1.0,0.0,0.0,0.0,0.0,0.0,0.0,0.0,0.0,0.0,0.0,42.0,0.0681265206812652,20030228_easy_ham.tar.bz2,5a005148d22c9b5a
0,501.0,86.0,1.0,0.0,0.0,0.0,0.0,0.0,0.0,0.0,0.0,0.0,0.0,66.0,0.049315068493150684,20030228_easy_ham.tar.bz2,9790b917a44cff5f
0,1663.0,288.0,2.0,0.0,0.0,0.0,1.0,0.0,0.0,0.0,0.0,0.0,0.0,67.0,0.052083333333333336,20030228_easy_ham.tar.bz2,22738fdd1d2df662
0,2317.0,422.0,1.0,0.0,0.0,0.0,0.0,0.0,0.0,0.0,0.0,0.0,0.0,46.0,0.05571677307022635,20030228_easy_ham.tar.bz2,2819981156258676
0,1133.0,210.0,1.0,0.0,0.0,0.0,0.0,0.0,0.0,0.0,0.0,0.0,0.0,46.0,0.06235011990407674,20030228_easy_ham.tar.bz2,4e3c30995ed12f04
0,687.0,116.0,1.0,0.0,0.0,0.0,0.0,0.0,0.0,0.0,0.0,0.0,0.0,28.0,0.03495145631067961,20030228_easy_ham.tar.bz2,397118bcbc725d0e
0,1409.0,255.0,1.0,0.0,0.0,0.0,0.0,0.0,0.0,1.0,0.0,0.0,0.0,30.0,0.05478180129990715,20030228_easy_ham.tar.bz2,e8fb6085b52f310c
0,1099.0,183.0,1.0,0.0,0.0,0.0,0.0,0.0,0.0,0.0,0.0,0.0,0.0,45.0,0.047748976807639835,20030228_easy_ham.tar.bz2,6f8f2e0bec744b55
0,663.0,110.0,1.0,0.0,0.0,0.0,0.0,0.0,0.0,0.0,0.0,0.0,0.0,32.0,0.04017857142857143,20030228_easy_ham.tar.bz2,a88b5dd18bc4d5c3
0,653.0,102.0,1.0,0.0,0.0,0.0,0.0,0.0,0.0,0.0,0.0,0.0,1.0,32.0,0.06349206349206349,20030228_easy_ham.tar.bz2,f92f08d38b2ac22a
0,757.0,119.0,3.0,0.0,0.0,0.0,0.0,0.0,0.0,0.0,0.0,0.0,0.0,45.0,0.05387931034482758,20030228_easy_ham.tar.bz2,614d7f6bbaa09933
0,782.0,130.0,1.0,0.0,0.0,0.0,0.0,0.0,0.0,0.0,0.0,0.0,1.0,46.0,0.0663265306122449,20030228_easy_ham.tar.bz2,24564ede4323bd92
0,376.0,69.0,1.0,0.0,0.0,0.0,0.0,0.0,0.0,0.0,0.0,0.0,0.0,41.0,0.07569721115537849,20030228_easy_ham.tar.bz2,5702ebec8de45b49
0,3304.0,540.0,8.0,0.0,0.0,0.0,0.0,0.0,0.0,0.0,0.0,0.0,1.0,23.0,0.035918367346938776,20030228_easy_ham.tar.bz2,2bf6a91be9d0f0bf
0,1587.0,229.0,1.0,0.0,0.0,0.0,0.0,0.0,0.0,0.0,0.0,0.0,0.0,27.0,0.07062436028659161,20030228_easy_ham.tar.bz2,76840b76bed6b974
0,7691.0,1309.0,3.0,0.0,0.0,0.0,0.0,0.0,0.0,0.0,0.0,0.0,0.0,52.0,0.031287605294825514,20030228_easy_ham.tar.bz2,363c5cd0f0791fda
0,728.0,92.0,2.0,0.0,0.0,0.0,0.0,0.0,0.0,0.0,0.0,0.0,0.0,22.0,0.08685968819599109,20030228_easy_ham.tar.bz2,528db4eb8879294f
0,817.0,112.0,4.0,0.0,0.0,0.0,0.0,0.0,0.0,0.0,0.0,0.0,1.0,31.0,0.1016260162601626,20030228_easy_ham.tar.bz2,08101dd60e3aebf4
0,1313.0,203.0,3.0,0.0,0.0,0.0,0.0,0.0,0.0,0.0,0.0,1.0,0.0,24.0,0.06543075245365322,20030228_easy_ham.tar.bz2,03ada82ea7523bf7
0,2559.0,424.0,3.0,0.0,0.0,0.0,0.0,0.0,0.0,0.0,0.0,1.0,0.0,20.0,0.037289915966386554,20030228_easy_ham.tar.bz2,dc730a9fa12d17cc
0,1537.0,246.0,2.0,0.0,0.0,0.0,0.0,0.0,0.0,0.0,0.0,1.0,0.0,39.0,0.07190160832544938,20030228_easy_ham.tar.bz2,21d4f7490a69c4c9
0,896.0,142.0,1.0,0.0,0.0,0.0,0.0,0.0,0.0,0.0,0.0,0.0,1.0,10.0,0.0327613104524181,20030228_easy_ham.tar.bz2,9b1d868934b2498d
0,2838.0,463.0,3.0,0.0,0.0,0.0,0.0,0.0,0.0,0.0,0.0,1.0,0.0,38.0,0.049100631988332526,20030228_easy_ham.tar.bz2,e8f0f59c592673c9
0,2892.0,441.0,3.0,0.0,0.0,0.0,0.0,0.0,0.0,0.0,0.0,1.0,0.0,45.0,0.04927007299270073,20030228_easy_ham.tar.bz2,cea42929296ba542
0,1784.0,280.0,2.0,0.0,0.0,0.0,0.0,0.0,0.0,0.0,0.0,1.0,0.0,41.0,0.047692307692307694,20030228_easy_ham.tar.bz2,e81acd2ab53345e8
0,2428.0,401.0,3.0,0.0,0.0,0.0,0.0,0.0,0.0,0.0,0.0,1.0,0.0,40.0,0.05442964678633468,20030228_easy_ham.tar.bz2,3a13be13e7ce96b9
0,377.0,63.0,1.0,0.0,0.0,0.0,0.0,0.0,0.0,0.0,0.0,0.0,0.0,28.0,0.09154929577464789,20030228_easy_ham.tar.bz2,a08e549c103a851c
0,381.0,67.0,1.0,0.0,0.0,0.0,0.0,0.0,0.0,0.0,0.0,0.0,0.0,21.0,0.03767123287671233,20030228_easy_ham.tar.bz2,4e56689d06e05afd
0,1099.0,161.0,3.0,0.0,0.0,0.0,0.0,0.0,0.0,0.0,0.0,0.0,0.0,35.0,0.07650273224043716,20030228_easy_ham.tar.bz2,08d464aac5e0c87a
0,1176.0,173.0,4.0,0.0,0.0,0.0,0.0,0.0,0.0,0.0,0.0,0.0,0.0,68.0,0.06666666666666667,20030228_easy_ham.tar.bz2,a09115d041dbaeba
0,2900.0,469.0,5.0,0.0,0.0,0.0,1.0,0.0,0.0,0.0,0.0,1.0,0.0,48.0,0.0517162471395881,20030228_easy_ham.tar.bz2,40ac88d7f0083b05
0,1224.0,184.0,4.0,0.0,0.0,0.0,0.0,0.0,0.0,0.0,0.0,0.0,0.0,34.0,0.06610576923076923,20030228_easy_ham.tar.bz2,fd0f0c45b265e07c
0,1163.0,176.0,5.0,0.0,0.0,0.0,0.0,0.0,0.0,0.0,0.0,1.0,0.0,33.0,0.05717916137229987,20030228_easy_ham.tar.bz2,884ff9109d995525
0,548.0,73.0,2.0,0.0,0.0,0.0,0.0,0.0,0.0,0.0,0.0,0.0,0.0,75.0,0.12052117263843648,20030228_easy_ham.tar.bz2,2510768f51edb923
0,1845.0,279.0,2.0,0.0,0.0,0.0,0.0,0.0,0.0,0.0,0.0,1.0,0.0,47.0,0.05513595166163142,20030228_easy_ham.tar.bz2,871cb42b93f78c95
0,742.0,100.0,2.0,0.0,0.0,0.0,1.0,0.0,0.0,0.0,0.0,1.0,0.0,48.0,0.0863157894736842,20030228_easy_ham.tar.bz2,81866b818723070c
0,935.0,133.0,2.0,0.0,0.0,0.0,0.0,0.0,0.0,0.0,0.0,1.0,0.0,48.0,0.0732484076433121,20030228_easy_ham.tar.bz2,1e36bbae976a73b5
0,3174.0,477.0,2.0,0.0,0.0,0.0,1.0,0.0,0.0,0.0,0.0,1.0,0.0,54.0,0.051833122629582805,20030228_easy_ham.tar.bz2,11497c4bc3c145f4
0,304.0,49.0,2.0,0.0,0.0,0.0,0.0,0.0,0.0,0.0,0.0,0.0,0.0,30.0,0.06607929515418502,20030228_easy_ham.tar.bz2,aa27235869ffcaef
0,600.0,81.0,1.0,0.0,0.0,0.0,0.0,0.0,0.0,0.0,0.0,0.0,0.0,25.0,0.06521739130434782,20030228_easy_ham.tar.bz2,618b6d7220836c32
0,2755.0,450.0,3.0,0.0,0.0,0.0,0.0,0.0,0.0,0.0,0.0,0.0,0.0,56.0,0.03194726166328601,20030228_easy_ham.tar.bz2,846f77c885cae770
0,5134.0,840.0,8.0,0.0,0.0,0.0,0.0,0.0,0.0,0.0,0.0,0.0,1.0,56.0,0.05777400169923534,20030228_easy_ham.tar.bz2,52e99a7c2c553b50
0,758.0,110.0,2.0,0.0,0.0,0.0,0.0,0.0,0.0,0.0,0.0,0.0,0.0,41.0,0.0299625468164794,20030228_easy_ham.tar.bz2,fb02621a5ad7958f
0,2281.0,389.0,2.0,0.0,0.0,0.0,0.0,0.0,0.0,0.0,0.0,0.0,0.0,20.0,0.026559604694255712,20030228_easy_ham.tar.bz2,110cf7693c198d0e
0,3532.0,617.0,2.0,0.0,0.0,0.0,0.0,0.0,0.0,0.0,0.0,0.0,1.0,24.0,0.028751476959432847,20030228_easy_ham.tar.bz2,b19a8808d16233f8
0,1904.0,311.0,2.0,0.0,0.0,0.0,1.0,0.0,0.0,0.0,0.0,0.0,0.0,32.0,0.0326975476839237,20030228_easy_ham.tar.bz2,530ac73c3f1440c6
0,728.0,124.0,1.0,0.0,0.0,0.0,0.0,0.0,0.0,0.0,0.0,0.0,0.0,71.0,0.05639097744360902,20030228_easy_ham.tar.bz2,df0186069b24bffd
0,853.0,119.0,0.0,0.0,0.0,0.0,0.0,0.0,0.0,0.0,0.0,0.0,1.0,28.0,0.23235800344234078,20030228_easy_ham.tar.bz2,b0d36f769218675d
0,372.0,60.0,1.0,0.0,0.0,0.0,0.0,0.0,0.0,0.0,0.0,0.0,0.0,21.0,0.03571428571428571,20030228_easy_ham.tar.bz2,4faeb1dff03c42b7
0,675.0,105.0,2.0,0.0,0.0,0.0,0.0,0.0,0.0,0.0,0.0,0.0,0.0,31.0,0.05056179775280899,20030228_easy_ham.tar.bz2,778d7bec54eb7546
0,5591.0,867.0,1.0,0.0,0.0,0.0,0.0,0.0,0.0,0.0,0.0,0.0,1.0,25.0,0.034666666666666665,20030228_easy_ham.tar.bz2,2f54f3e560b0205d
0,288.0,50.0,0.0,0.0,0.0,0.0,0.0,0.0,0.0,0.0,0.0,0.0,0.0,29.0,0.07441860465116279,20030228_easy_ham.tar.bz2,b27dcb36edc6b6e5
0,451.0,81.0,0.0,0.0,0.0,0.0,0.0,0.0,0.0,0.0,0.0,0.0,0.0,28.0,0.026865671641791045,20030228_easy_ham.tar.bz2,c18da44dc550c1a7
0,862.0,126.0,1.0,0.0,0.0,0.0,0.0,0.0,0.0,0.0,0.0,0.0,0.0,29.0,0.050473186119873815,20030228_easy_ham.tar.bz2,60b2a5cce43d24dd
0,35405.0,5763.0,1.0,0.0,0.0,0.0,1.0,0.0,0.0,0.0,0.0,0.0,0.0,43.0,0.03443799358119073,20030228_easy_ham.tar.bz2,dc250286ec32249f
0,919.0,144.0,1.0,0.0,0.0,0.0,0.0,0.0,0.0,0.0,0.0,0.0,0.0,41.0,0.027586206896551724,20030228_easy_ham.tar.bz2,f27b5cca66e7ddc6
0,558.0,100.0,1.0,0.0,0.0,0.0,0.0,0.0,0.0,0.0,0.0,0.0,0.0,15.0,0.08011049723756906,20030228_easy_ham.tar.bz2,75047a7461e05bc5
0,1373.0,237.0,1.0,0.0,0.0,0.0,0.0,0.0,0.0,0.0,0.0,0.0,0.0,45.0,0.08261802575107297,20030228_easy_ham.tar.bz2,5cfb833ec0a53a7c
0,1454.0,191.0,2.0,0.0,0.0,0.0,0.0,0.0,0.0,0.0,0.0,0.0,0.0,49.0,0.25026737967914436,20030228_easy_ham.tar.bz2,31dbeec05bd5991e
0,901.0,146.0,1.0,0.0,0.0,0.0,0.0,0.0,0.0,0.0,0.0,0.0,1.0,24.0,0.06270096463022508,20030228_easy_ham.tar.bz2,931e7090eef6f2a7
0,11222.0,1840.0,2.0,0.0,0.0,0.0,1.0,0.0,0.0,0.0,0.0,0.0,0.0,56.0,0.03077823288472791,20030228_easy_ham.tar.bz2,3b57d0e53e563ad2
0,1480.0,231.0,1.0,0.0,0.0,0.0,0.0,0.0,0.0,0.0,0.0,0.0,0.0,25.0,0.02333931777378815,20030228_easy_ham.tar.bz2,896754f35facac75
0,825.0,139.0,2.0,0.0,0.0,0.0,0.0,0.0,0.0,0.0,0.0,0.0,0.0,19.0,0.03896103896103896,20030228_easy_ham.tar.bz2,e3198a49b59d53b0
0,1622.0,252.0,1.0,0.0,0.0,0.0,0.0,0.0,0.0,0.0,0.0,0.0,0.0,56.0,0.026533996683250415,20030228_easy_ham.tar.bz2,09e5437100254cfd
0,466.0,68.0,1.0,0.0,0.0,0.0,0.0,0.0,0.0,0.0,0.0,0.0,1.0,35.0,0.07232704402515723,20030228_easy_ham.tar.bz2,6f1521b77074258d
0,603.0,71.0,3.0,0.0,0.0,0.0,0.0,0.0,0.0,0.0,0.0,0.0,1.0,12.0,0.08761329305135952,20030228_easy_ham.tar.bz2,606415968f105a55
0,987.0,155.0,1.0,0.0,0.0,0.0,0.0,0.0,0.0,0.0,0.0,0.0,1.0,30.0,0.09407665505226481,20030228_easy_ham.tar.bz2,45bb6f44beecb569
0,1050.0,178.0,2.0,0.0,0.0,0.0,0.0,0.0,0.0,0.0,0.0,0.0,1.0,42.0,0.03994490358126722,20030228_easy_ham.tar.bz2,8f283f60f749921b
0,643.0,95.0,1.0,0.0,0.0,0.0,0.0,0.0,0.0,0.0,0.0,0.0,1.0,35.0,0.053488372093023255,20030228_easy_ham.tar.bz2,3a5d0fc38bd02be9
0,3108.0,469.0,3.0,0.0,0.0,0.0,0.0,0.0,0.0,0.0,0.0,0.0,1.0,11.0,0.06997084548104957,20030228_easy_ham.tar.bz2,50707089b8eea2b6
0,740.0,111.0,2.0,0.0,0.0,0.0,0.0,0.0,0.0,0.0,0.0,0.0,1.0,49.0,0.04703476482617587,20030228_easy_ham.tar.bz2,4e4cba5d44103c04
0,2297.0,352.0,11.0,0.0,0.0,0.0,0.0,0.0,0.0,0.0,0.0,0.0,1.0,49.0,0.05825242718446602,20030228_easy_ham.tar.bz2,0d44ddc59cb3eef4
0,1621.0,277.0,1.0,0.0,0.0,0.0,0.0,0.0,0.0,0.0,0.0,0.0,1.0,29.0,0.07495741056218058,20030228_easy_ham.tar.bz2,000f0bd024d7530f
0,1083.0,173.0,1.0,0.0,0.0,0.0,0.0,0.0,0.0,0.0,0.0,0.0,1.0,29.0,0.11428571428571428,20030228_easy_ham.tar.bz2,11c140cd95cb4da3
0,683.0,105.0,1.0,0.0,0.0,0.0,0.0,0.0,0.0,0.0,0.0,0.0,1.0,42.0,0.05333333333333334,20030228_easy_ham.tar.bz2,d7adab13b05b7075
0,946.0,142.0,2.0,0.0,0.0,0.0,0.0,0.0,0.0,0.0,0.0,0.0,1.0,35.0,0.050488599348534204,20030228_easy_ham.tar.bz2,b69b9d387a094dcc
0,657.0,87.0,1.0,0.0,0.0,0.0,0.0,0.0,0.0,0.0,0.0,0.0,1.0,35.0,0.03734439834024896,20030228_easy_ham.tar.bz2,6c97efaef1d20ccc
0,972.0,151.0,2.0,0.0,0.0,0.0,0.0,0.0,0.0,0.0,0.0,0.0,1.0,42.0,0.0592,20030228_easy_ham.tar.bz2,08ff030557cb1174
0,789.0,112.0,1.0,0.0,0.0,0.0,0.0,0.0,0.0,0.0,0.0,0.0,1.0,35.0,0.051330798479087454,20030228_easy_ham.tar.bz2,d5301bdb21faa384
0,518.0,68.0,2.0,0.0,0.0,0.0,0.0,0.0,0.0,0.0,0.0,0.0,1.0,44.0,0.043859649122807015,20030228_easy_ham.tar.bz2,74c4c932b469a658
0,1437.0,237.0,2.0,0.0,0.0,0.0,0.0,1.0,0.0,0.0,0.0,0.0,1.0,44.0,0.04655674102812803,20030228_easy_ham.tar.bz2,f70b26c7d7cf8d25
0,1855.0,271.0,2.0,0.0,0.0,0.0,0.0,1.0,0.0,0.0,0.0,0.0,1.0,44.0,0.04742096505823627,20030228_easy_ham.tar.bz2,38f3cf3f890a6601
0,2406.0,388.0,4.0,0.0,0.0,0.0,0.0,0.0,0.0,0.0,0.0,0.0,0.0,41.0,0.04793289394847214,20030228_easy_ham.tar.bz2,5c854357d0a8210c
0,769.0,113.0,3.0,0.0,0.0,0.0,0.0,0.0,0.0,0.0,0.0,1.0,0.0,35.0,0.10683760683760683,20030228_easy_ham.tar.bz2,cde2da32b30ea8a9
0,1765.0,260.0,4.0,0.0,0.0,0.0,0.0,0.0,0.0,0.0,0.0,0.0,0.0,52.0,0.04905968928863451,20030228_easy_ham.tar.bz2,6da21dca291cfce2
0,417.0,74.0,1.0,0.0,0.0,0.0,0.0,0.0,0.0,0.0,0.0,0.0,0.0,52.0,0.07666666666666666,20030228_easy_ham.tar.bz2,70300e342250d989
0,372.0,68.0,1.0,0.0,0.0,0.0,0.0,0.0,0.0,0.0,0.0,0.0,0.0,52.0,0.022304832713754646,20030228_easy_ham.tar.bz2,763fb85818279e22
0,992.0,155.0,2.0,0.0,0.0,0.0,1.0,0.0,0.0,0.0,0.0,0.0,0.0,21.0,0.024456521739130436,20030228_easy_ham.tar.bz2,9c80850ff0654933
0,1127.0,192.0,1.0,0.0,0.0,0.0,1.0,1.0,0.0,0.0,0.0,0.0,0.0,21.0,0.02662037037037037,20030228_easy_ham.tar.bz2,7fbd2845a99c3c60
0,1635.0,253.0,2.0,0.0,0.0,0.0,0.0,0.0,0.0,0.0,0.0,0.0,1.0,62.0,0.10560146923783287,20030228_easy_ham.tar.bz2,8cf129f2e3fbd586
0,817.0,139.0,1.0,0.0,0.0,0.0,0.0,0.0,0.0,0.0,0.0,0.0,0.0,21.0,0.03536977491961415,20030228_easy_ham.tar.bz2,5a9184620e6e9449
0,16468.0,2685.0,3.0,0.0,0.0,0.0,0.0,0.0,0.0,0.0,0.0,0.0,0.0,66.0,0.04624367458154924,20030228_easy_ham.tar.bz2,7eb9c29ab43eba47
0,2327.0,371.0,3.0,0.0,0.0,0.0,0.0,0.0,0.0,0.0,0.0,0.0,1.0,36.0,0.0396873120865905,20030228_easy_ham.tar.bz2,d69410f8e40eb099
0,1702.0,287.0,2.0,0.0,0.0,0.0,0.0,0.0,0.0,0.0,0.0,0.0,1.0,25.0,0.03442879499217527,20030228_easy_ham.tar.bz2,613d0626b6d95b78
0,13980.0,2253.0,2.0,0.0,0.0,0.0,0.0,0.0,0.0,0.0,0.0,0.0,1.0,65.0,0.054858503525963914,20030228_easy_ham.tar.bz2,b851ff97a19188fa
0,757.0,127.0,2.0,0.0,0.0,0.0,0.0,0.0,0.0,0.0,0.0,0.0,1.0,40.0,0.03642987249544627,20030228_easy_ham.tar.bz2,a1e2a8107bc98164
0,350.0,55.0,1.0,0.0,0.0,0.0,0.0,0.0,0.0,0.0,0.0,0.0,0.0,25.0,0.05204460966542751,20030228_easy_ham.tar.bz2,1b7888e3ff4d6ebf
0,573.0,105.0,1.0,0.0,0.0,0.0,0.0,0.0,0.0,0.0,0.0,0.0,0.0,52.0,0.018957345971563982,20030228_easy_ham.tar.bz2,d37e5bc897543bdc
0,759.0,135.0,1.0,0.0,0.0,0.0,0.0,0.0,0.0,0.0,0.0,0.0,0.0,29.0,0.06725663716814159,20030228_easy_ham.tar.bz2,b36d853c01f7278c
0,411.0,73.0,1.0,0.0,0.0,0.0,0.0,0.0,0.0,0.0,0.0,0.0,0.0,62.0,0.053156146179401995,20030228_easy_ham.tar.bz2,613aa1d640ed0ebf
0,518.0,94.0,1.0,0.0,0.0,0.0,0.0,0.0,0.0,0.0,0.0,0.0,0.0,52.0,0.028423772609819122,20030228_easy_ham.tar.bz2,6672896583595c68
0,871.0,154.0,1.0,0.0,0.0,0.0,0.0,0.0,0.0,0.0,0.0,0.0,0.0,24.0,0.022354694485842028,20030228_easy_ham.tar.bz2,d7723aa92ffb2bb1
0,396.0,67.0,1.0,0.0,0.0,0.0,0.0,0.0,0.0,0.0,0.0,0.0,0.0,28.0,0.046263345195729534,20030228_easy_ham.tar.bz2,b961361ba9475891
0,1422.0,257.0,1.0,0.0,0.0,0.0,0.0,0.0,0.0,0.0,0.0,0.0,0.0,52.0,0.018147086914995225,20030228_easy_ham.tar.bz2,a436215e361d75bb
0,2098.0,355.0,1.0,0.0,0.0,0.0,0.0,0.0,0.0,0.0,0.0,0.0,0.0,52.0,0.019863438857852266,20030228_easy_ham.tar.bz2,3aff9777713ba503
0,440.0,66.0,2.0,0.0,0.0,0.0,0.0,0.0,0.0,0.0,0.0,0.0,0.0,28.0,0.035211267605633804,20030228_easy_ham.tar.bz2,38d57288e9d36af9
0,3556.0,577.0,3.0,0.0,0.0,0.0,0.0,0.0,0.0,0.0,0.0,0.0,0.0,34.0,0.058121632024634336,20030228_easy_ham.tar.bz2,9e9ac1be1c3f645e
0,3556.0,577.0,3.0,0.0,0.0,0.0,0.0,0.0,0.0,0.0,0.0,0.0,0.0,34.0,0.058121632024634336,20030228_easy_ham.tar.bz2,35d434cb40b85fbe
0,3556.0,577.0,3.0,0.0,0.0,0.0,0.0,0.0,0.0,0.0,0.0,0.0,0.0,34.0,0.058121632024634336,20030228_easy_ham.tar.bz2,d00207bd0c1a0191
0,3252.0,541.0,1.0,0.0,0.0,0.0,0.0,0.0,0.0,0.0,0.0,0.0,0.0,40.0,0.02525050100200401,20030228_easy_ham.tar.bz2,73ae37bd9460dcf2
0,5787.0,996.0,1.0,0.0,0.0,0.0,1.0,0.0,0.0,0.0,0.0,0.0,0.0,40.0,0.02012072434607646,20030228_easy_ham.tar.bz2,a59917da1c66c056
0,515.0,70.0,1.0,0.0,0.0,0.0,0.0,0.0,0.0,0.0,0.0,0.0,0.0,34.0,0.024271844660194174,20030228_easy_ham.tar.bz2,023079cc47da014d
0,3193.0,433.0,1.0,0.0,0.0,0.0,0.0,0.0,0.0,0.0,0.0,0.0,0.0,61.0,0.07934943321833415,20030228_easy_ham.tar.bz2,7753891117741e7e
0,943.0,167.0,1.0,0.0,0.0,0.0,0.0,0.0,0.0,0.0,0.0,1.0,0.0,21.0,0.024079320113314446,20030228_easy_ham.tar.bz2,47281e9fb1ab7d15
0,10908.0,1602.0,4.0,0.0,0.0,0.0,0.0,1.0,0.0,0.0,0.0,0.0,1.0,79.0,0.04067423964822279,20030228_easy_ham.tar.bz2,d72607321a09e9ff
0,2672.0,428.0,3.0,0.0,0.0,0.0,0.0,0.0,0.0,0.0,0.0,0.0,0.0,16.0,0.05870646766169154,20030228_easy_ham.tar.bz2,4221f3ad2c4725d1
0,1597.0,220.0,4.0,0.0,0.0,0.0,0.0,0.0,0.0,0.0,0.0,0.0,0.0,17.0,0.059845559845559844,20030228_easy_ham.tar.bz2,0b0f251dbdf71079
0,1170.0,174.0,2.0,0.0,0.0,0.0,0.0,0.0,0.0,0.0,0.0,0.0,0.0,6.0,0.058823529411764705,20030228_easy_ham.tar.bz2,4b3868dd20afe279
0,1374.0,236.0,4.0,0.0,0.0,0.0,0.0,0.0,0.0,0.0,0.0,0.0,0.0,13.0,0.04122722914669223,20030228_easy_ham.tar.bz2,920ac29968ace5d0
0,1883.0,331.0,2.0,0.0,0.0,0.0,0.0,0.0,0.0,0.0,0.0,0.0,0.0,20.0,0.036933797909407665,20030228_easy_ham.tar.bz2,9f73cad0d9fcf958
0,651.0,94.0,3.0,0.0,0.0,0.0,0.0,0.0,0.0,0.0,0.0,0.0,0.0,11.0,0.0532994923857868,20030228_easy_ham.tar.bz2,596f2cbe434a5467
0,1360.0,236.0,0.0,0.0,0.0,0.0,0.0,0.0,0.0,0.0,0.0,0.0,0.0,34.0,0.0504950495049505,20030228_easy_ham.tar.bz2,cd4c2dc6e55d0657
0,1528.0,254.0,0.0,0.0,0.0,0.0,0.0,0.0,0.0,0.0,0.0,0.0,0.0,17.0,0.030277544154751892,20030228_easy_ham.tar.bz2,d451b9c07ac2fba9
0,627.0,110.0,0.0,0.0,0.0,0.0,0.0,0.0,0.0,0.0,0.0,0.0,0.0,28.0,0.016597510373443983,20030228_easy_ham.tar.bz2,53095d14ecc9ebd4
0,268.0,45.0,0.0,0.0,0.0,0.0,0.0,0.0,0.0,0.0,0.0,0.0,0.0,25.0,0.04926108374384237,20030228_easy_ham.tar.bz2,06320fa0f0ab7323
0,1050.0,192.0,1.0,0.0,0.0,0.0,0.0,0.0,0.0,0.0,0.0,0.0,0.0,52.0,0.041005291005291,20030228_easy_ham.tar.bz2,dcc98ec0f5572b99
0,208.0,39.0,0.0,0.0,0.0,0.0,0.0,0.0,0.0,0.0,0.0,0.0,0.0,52.0,0.06622516556291391,20030228_easy_ham.tar.bz2,c34199358bc45f53
0,219.0,39.0,0.0,0.0,0.0,0.0,0.0,0.0,0.0,0.0,0.0,0.0,0.0,15.0,0.1038961038961039,20030228_easy_ham.tar.bz2,10bce64458eef753
0,963.0,157.0,1.0,0.0,0.0,0.0,0.0,0.0,0.0,0.0,0.0,0.0,0.0,15.0,0.06104129263913824,20030228_easy_ham.tar.bz2,714fd80e2e69ff51
0,693.0,122.0,0.0,0.0,0.0,0.0,0.0,0.0,0.0,0.0,0.0,0.0,0.0,52.0,0.04554079696394687,20030228_easy_ham.tar.bz2,d6753857a4b345f3
0,1229.0,172.0,1.0,0.0,0.0,0.0,0.0,1.0,0.0,0.0,0.0,0.0,0.0,30.0,0.03112033195020747,20030228_easy_ham.tar.bz2,813558bd526a669f
0,6287.0,1034.0,1.0,0.0,0.0,0.0,0.0,0.0,0.0,0.0,0.0,0.0,0.0,36.0,0.03216312802186252,20030228_easy_ham.tar.bz2,ba3fcbfe651c263a
0,322.0,55.0,0.0,0.0,0.0,0.0,0.0,0.0,0.0,0.0,0.0,0.0,0.0,65.0,0.13043478260869565,20030228_easy_ham.tar.bz2,46293af30eb5221e
0,881.0,156.0,0.0,0.0,0.0,0.0,0.0,0.0,0.0,0.0,0.0,0.0,0.0,65.0,0.05217391304347826,20030228_easy_ham.tar.bz2,cf0fb5ca32259a0b
0,1569.0,261.0,0.0,0.0,0.0,0.0,0.0,0.0,0.0,0.0,0.0,0.0,0.0,38.0,0.04686192468619247,20030228_easy_ham.tar.bz2,169acad975cda961
0,810.0,124.0,1.0,0.0,0.0,0.0,0.0,0.0,0.0,0.0,0.0,0.0,1.0,13.0,0.07425742574257425,20030228_easy_ham.tar.bz2,40b9f44a40d73a41
0,873.0,135.0,1.0,0.0,0.0,0.0,0.0,0.0,0.0,0.0,0.0,0.0,0.0,13.0,0.0589171974522293,20030228_easy_ham.tar.bz2,528aab2a027de1ba
0,309.0,58.0,0.0,0.0,0.0,0.0,0.0,0.0,0.0,0.0,0.0,0.0,1.0,23.0,0.04524886877828054,20030228_easy_ham.tar.bz2,32133aefe6adc1d4
0,1123.0,180.0,1.0,0.0,0.0,0.0,0.0,0.0,0.0,0.0,0.0,0.0,1.0,13.0,0.05471478463329453,20030228_easy_ham.tar.bz2,4916984147062b4d
0,575.0,93.0,1.0,0.0,0.0,0.0,0.0,0.0,0.0,0.0,0.0,0.0,1.0,23.0,0.07389162561576355,20030228_easy_ham.tar.bz2,2aee48c8a9a88957
0,406.0,68.0,0.0,0.0,0.0,0.0,0.0,0.0,0.0,0.0,0.0,0.0,0.0,52.0,0.036303630363036306,20030228_easy_ham.tar.bz2,86cba9a71e52be56
0,657.0,120.0,0.0,0.0,0.0,0.0,0.0,0.0,0.0,0.0,0.0,0.0,0.0,23.0,0.04780876494023904,20030228_easy_ham.tar.bz2,1752c97d9c5a0f55
0,1513.0,251.0,0.0,0.0,0.0,0.0,0.0,0.0,0.0,0.0,0.0,0.0,0.0,23.0,0.024451939291736932,20030228_easy_ham.tar.bz2,c2e4a7649adc0b50
0,1628.0,231.0,1.0,0.0,0.0,0.0,0.0,1.0,0.0,0.0,0.0,0.0,0.0,34.0,0.046242774566473986,20030228_easy_ham.tar.bz2,cb8cc86b1fb64d74
0,1433.0,250.0,0.0,0.0,0.0,0.0,0.0,0.0,0.0,0.0,0.0,0.0,0.0,23.0,0.033363390441839495,20030228_easy_ham.tar.bz2,f8ad69e05bbb8cd7
0,393.0,72.0,0.0,0.0,0.0,0.0,0.0,0.0,0.0,0.0,0.0,0.0,0.0,29.0,0.02666666666666667,20030228_easy_ham.tar.bz2,cd83f3e96d131790
0,816.0,134.0,0.0,0.0,0.0,0.0,0.0,0.0,0.0,0.0,0.0,0.0,1.0,34.0,0.0686106346483705,20030228_easy_ham.tar.bz2,1a4ebd6e39f9a300
0,3341.0,563.0,1.0,0.0,0.0,0.0,0.0,0.0,0.0,0.0,0.0,0.0,1.0,23.0,0.05788032850997262,20030228_easy_ham.tar.bz2,b8e8831f40d95c10
0,135.0,21.0,2.0,0.0,0.0,0.0,0.0,0.0,0.0,0.0,0.0,0.0,0.0,26.0,0.06930693069306931,20030228_easy_ham.tar.bz2,cb65cdd87f5cb20e
0,301.0,49.0,0.0,0.0,0.0,0.0,0.0,0.0,0.0,0.0,0.0,0.0,0.0,28.0,0.05172413793103448,20030228_easy_ham.tar.bz2,c2f09b3ed934a91a
0,545.0,90.0,0.0,0.0,0.0,0.0,0.0,0.0,0.0,0.0,0.0,0.0,0.0,23.0,0.06132075471698113,20030228_easy_ham.tar.bz2,e10a9ca17e580f4a
0,809.0,138.0,0.0,0.0,0.0,0.0,0.0,0.0,0.0,0.0,0.0,0.0,1.0,33.0,0.04452054794520548,20030228_easy_ham.tar.bz2,49b2b743ee067d4a
0,728.0,111.0,1.0,0.0,0.0,0.0,0.0,0.0,0.0,0.0,0.0,0.0,1.0,23.0,0.0650994575045208,20030228_easy_ham.tar.bz2,1f56fdc0e9100976
0,109.0,16.0,0.0,0.0,0.0,0.0,0.0,0.0,0.0,0.0,0.0,0.0,0.0,32.0,0.07142857142857142,20030228_easy_ham.tar.bz2,503cb27e4500b5d6
0,1526.0,260.0,1.0,0.0,0.0,0.0,0.0,0.0,0.0,0.0,0.0,0.0,0.0,40.0,0.04316546762589928,20030228_easy_ham.tar.bz2,8e12425ae67cbc82
0,1180.0,213.0,0.0,0.0,0.0,0.0,0.0,0.0,0.0,0.0,0.0,0.0,0.0,23.0,0.03691275167785235,20030228_easy_ham.tar.bz2,e74415c76a0fc51d
0,468.0,80.0,0.0,0.0,0.0,0.0,0.0,0.0,0.0,0.0,0.0,0.0,0.0,44.0,0.03768115942028986,20030228_easy_ham.tar.bz2,a800e63947fbe1b3
0,1609.0,246.0,4.0,0.0,0.0,0.0,0.0,0.0,0.0,0.0,0.0,0.0,1.0,15.0,0.09737827715355805,20030228_easy_ham.tar.bz2,b7afb3a8267e45c5
0,1851.0,334.0,2.0,0.0,0.0,0.0,0.0,0.0,0.0,0.0,0.0,0.0,0.0,9.0,0.06512301013024602,20030228_easy_ham.tar.bz2,c508bcd357a48e1e
0,404.0,69.0,0.0,0.0,0.0,0.0,0.0,0.0,0.0,0.0,0.0,0.0,0.0,29.0,0.0462046204620462,20030228_easy_ham.tar.bz2,edc4b7ac611e1fa0
0,943.0,155.0,0.0,0.0,0.0,0.0,0.0,0.0,0.0,0.0,0.0,0.0,0.0,29.0,0.07060518731988473,20030228_easy_ham.tar.bz2,ec3305b61d4f992d
0,537.0,90.0,0.0,0.0,0.0,0.0,0.0,0.0,0.0,0.0,0.0,0.0,0.0,23.0,0.03759398496240601,20030228_easy_ham.tar.bz2,91b9cfaf855b6b0e
0,7093.0,1150.0,1.0,0.0,0.0,0.0,0.0,0.0,0.0,0.0,0.0,0.0,0.0,20.0,0.03267857142857143,20030228_easy_ham.tar.bz2,0affd42aaf8a91e5
0,726.0,122.0,1.0,0.0,0.0,0.0,0.0,0.0,0.0,0.0,0.0,0.0,0.0,23.0,0.05436893203883495,20030228_easy_ham.tar.bz2,1e8ed6cffd88708b
0,534.0,93.0,1.0,0.0,0.0,0.0,0.0,0.0,0.0,0.0,0.0,0.0,0.0,23.0,0.07837837837837838,20030228_easy_ham.tar.bz2,26b0c07dbbedd509
0,1057.0,176.0,0.0,0.0,0.0,0.0,0.0,0.0,0.0,0.0,0.0,0.0,0.0,23.0,0.043209876543209874,20030228_easy_ham.tar.bz2,e5f246da1c22810b
0,57.0,7.0,0.0,0.0,0.0,0.0,0.0,0.0,0.0,0.0,0.0,0.0,0.0,2.0,0.0,20030228_easy_ham.tar.bz2,5669d3046e4abd1f
0,633.0,99.0,0.0,0.0,0.0,0.0,0.0,0.0,0.0,0.0,0.0,0.0,0.0,23.0,0.03917525773195876,20030228_easy_ham.tar.bz2,5eb5874e47a5896f
0,1131.0,192.0,1.0,0.0,0.0,0.0,0.0,0.0,0.0,0.0,0.0,0.0,0.0,23.0,0.07785888077858881,20030228_easy_ham.tar.bz2,376f21c775d8a4ae
0,584.0,123.0,0.0,0.0,0.0,0.0,0.0,0.0,0.0,0.0,0.0,0.0,0.0,20.0,0.046511627906976744,20030228_easy_ham.tar.bz2,3ed7aa634f2c8515
0,634.0,112.0,0.0,0.0,0.0,0.0,0.0,0.0,0.0,0.0,0.0,0.0,0.0,23.0,0.05510204081632653,20030228_easy_ham.tar.bz2,0672b6e4e3de7996
0,6262.0,1074.0,0.0,0.0,0.0,0.0,0.0,0.0,0.0,0.0,0.0,0.0,0.0,23.0,0.0570230607966457,20030228_easy_ham.tar.bz2,d776c821d7778be3
0,1036.0,190.0,1.0,0.0,0.0,0.0,0.0,0.0,0.0,0.0,0.0,0.0,0.0,23.0,0.04068241469816273,20030228_easy_ham.tar.bz2,8b2d388c5fb8b5c4
0,1081.0,189.0,1.0,0.0,0.0,0.0,0.0,0.0,0.0,0.0,0.0,0.0,0.0,23.0,0.05903614457831325,20030228_easy_ham.tar.bz2,6f6bc06f6fc094bb
0,1191.0,209.0,0.0,0.0,0.0,0.0,0.0,0.0,0.0,0.0,0.0,0.0,1.0,28.0,0.04307334109429569,20030228_easy_ham.tar.bz2,c4721d1334c97072
0,913.0,137.0,2.0,0.0,0.0,0.0,0.0,0.0,0.0,0.0,0.0,0.0,1.0,14.0,0.08422939068100359,20030228_easy_ham.tar.bz2,5f526d08b87d3135
0,1427.0,225.0,2.0,0.0,0.0,0.0,0.0,0.0,0.0,0.0,0.0,0.0,1.0,24.0,0.06327683615819209,20030228_easy_ham.tar.bz2,444a6116295cfbac
0,1246.0,210.0,2.0,0.0,0.0,0.0,0.0,0.0,0.0,0.0,0.0,0.0,1.0,24.0,0.08760951188986232,20030228_easy_ham.tar.bz2,6a27338a1d571987
0,471.0,70.0,2.0,0.0,0.0,0.0,0.0,0.0,0.0,0.0,0.0,0.0,1.0,14.0,0.1576923076923077,20030228_easy_ham.tar.bz2,0719bbadb0e96146
0,1846.0,289.0,2.0,0.0,0.0,0.0,0.0,0.0,0.0,0.0,0.0,0.0,0.0,20.0,0.02608695652173913,20030228_easy_ham.tar.bz2,f540e88ea2b5dd5b
0,244.0,30.0,1.0,0.0,0.0,0.0,0.0,0.0,0.0,0.0,0.0,0.0,0.0,51.0,0.026143790849673203,20030228_easy_ham.tar.bz2,1533de834b6f557a
0,510.0,64.0,1.0,0.0,0.0,0.0,0.0,0.0,0.0,0.0,0.0,0.0,0.0,55.0,0.041176470588235294,20030228_easy_ham.tar.bz2,f3d3dadab83ec69c
0,1666.0,269.0,1.0,0.0,0.0,0.0,0.0,0.0,0.0,0.0,0.0,0.0,1.0,24.0,0.0369290573372206,20030228_easy_ham.tar.bz2,597f082ace6a823b
0,748.0,103.0,1.0,0.0,0.0,0.0,0.0,0.0,0.0,0.0,0.0,0.0,1.0,39.0,0.038306451612903226,20030228_easy_ham.tar.bz2,575d9c6d2f74beaa
0,1251.0,164.0,1.0,0.0,0.0,0.0,0.0,0.0,0.0,0.0,0.0,0.0,1.0,25.0,0.05555555555555555,20030228_easy_ham.tar.bz2,bdb0d167259e1c83
0,1311.0,166.0,1.0,0.0,0.0,0.0,0.0,0.0,0.0,0.0,0.0,0.0,1.0,29.0,0.05512679162072767,20030228_easy_ham.tar.bz2,d9b2c96f48c80f2f
0,730.0,120.0,1.0,0.0,0.0,0.0,0.0,0.0,0.0,0.0,0.0,0.0,1.0,29.0,0.048484848484848485,20030228_easy_ham.tar.bz2,893a7aedaa965a63
0,679.0,116.0,1.0,0.0,0.0,0.0,0.0,0.0,0.0,0.0,0.0,0.0,1.0,15.0,0.10822510822510822,20030228_easy_ham.tar.bz2,0c405a4524b4eb45
0,3870.0,636.0,2.0,0.0,0.0,0.0,0.0,0.0,0.0,0.0,0.0,0.0,1.0,56.0,0.06941689805632685,20030228_easy_ham.tar.bz2,146bf3e48bd58401
0,636.0,78.0,1.0,0.0,0.0,0.0,0.0,0.0,0.0,0.0,0.0,0.0,1.0,56.0,0.12023460410557185,20030228_easy_ham.tar.bz2,296f3fe65b87736f
0,773.0,129.0,1.0,0.0,0.0,0.0,0.0,0.0,0.0,0.0,0.0,0.0,1.0,35.0,0.04448742746615087,20030228_easy_ham.tar.bz2,3a28982e255293a7
0,1481.0,218.0,4.0,0.0,0.0,0.0,0.0,0.0,0.0,0.0,0.0,0.0,1.0,35.0,0.05895691609977324,20030228_easy_ham.tar.bz2,9b184b425c109249
0,793.0,124.0,1.0,0.0,0.0,0.0,0.0,0.0,0.0,0.0,0.0,0.0,1.0,52.0,0.03125,20030228_easy_ham.tar.bz2,2377f2161732fba5
0,244.0,37.0,0.0,0.0,0.0,0.0,0.0,0.0,0.0,0.0,0.0,0.0,1.0,23.0,0.05113636363636364,20030228_easy_ham.tar.bz2,7f1a78bb11323afd
0,5366.0,856.0,1.0,0.0,0.0,0.0,0.0,0.0,0.0,0.0,0.0,0.0,0.0,25.0,0.024793388429752067,20030228_easy_ham.tar.bz2,fa7df56626b82059
0,772.0,141.0,1.0,0.0,0.0,0.0,0.0,0.0,0.0,0.0,0.0,0.0,0.0,28.0,0.04144144144144144,20030228_easy_ham.tar.bz2,1a0825ae3c73fdd6
0,1143.0,196.0,0.0,0.0,0.0,0.0,0.0,0.0,0.0,0.0,0.0,0.0,0.0,28.0,0.03110599078341014,20030228_easy_ham.tar.bz2,0304b5ac631d4633
0,408.0,63.0,1.0,0.0,0.0,0.0,0.0,0.0,0.0,0.0,0.0,0.0,1.0,63.0,0.0641025641025641,20030228_easy_ham.tar.bz2,dffc3a59857476e3
0,576.0,106.0,0.0,0.0,0.0,0.0,0.0,0.0,0.0,0.0,0.0,0.0,1.0,26.0,0.10459183673469388,20030228_easy_ham.tar.bz2,7bdfd34fed27c608
0,805.0,148.0,1.0,0.0,0.0,0.0,0.0,0.0,0.0,0.0,0.0,0.0,0.0,63.0,0.02823920265780731,20030228_easy_ham.tar.bz2,d1f5a52ebda62541
0,1129.0,198.0,1.0,0.0,0.0,0.0,0.0,0.0,0.0,0.0,0.0,0.0,0.0,9.0,0.08998732572877059,20030228_easy_ham.tar.bz2,16efa5abd1febb81
0,259.0,47.0,0.0,0.0,0.0,0.0,0.0,0.0,0.0,0.0,0.0,0.0,0.0,63.0,0.05945945945945946,20030228_easy_ham.tar.bz2,12ce04d600ffbfdf
0,3748.0,605.0,1.0,0.0,0.0,0.0,0.0,0.0,0.0,1.0,0.0,0.0,0.0,32.0,0.049674546077423776,20030228_easy_ham.tar.bz2,ad89f2cee9a7a029
0,4217.0,721.0,2.0,0.0,0.0,0.0,0.0,0.0,0.0,0.0,0.0,0.0,1.0,32.0,0.043813637766121565,20030228_easy_ham.tar.bz2,8423dcbbae247c18
0,197.0,32.0,2.0,0.0,0.0,0.0,0.0,0.0,0.0,0.0,0.0,0.0,0.0,28.0,0.06338028169014084,20030228_easy_ham.tar.bz2,1c5cc33de19b20c6
0,142.0,24.0,0.0,0.0,0.0,0.0,0.0,0.0,0.0,0.0,0.0,0.0,0.0,36.0,0.10526315789473684,20030228_easy_ham.tar.bz2,9b3cf7095a3480fd
0,4503.0,741.0,3.0,0.0,0.0,0.0,0.0,0.0,0.0,0.0,0.0,0.0,1.0,36.0,0.04544086668672886,20030228_easy_ham.tar.bz2,3f9f0d341d24f932
0,3452.0,564.0,2.0,0.0,0.0,0.0,0.0,0.0,0.0,0.0,0.0,0.0,1.0,28.0,0.06276505513146735,20030228_easy_ham.tar.bz2,1800a9fd7d1358da
0,814.0,133.0,0.0,0.0,0.0,0.0,0.0,0.0,0.0,0.0,0.0,0.0,1.0,63.0,0.06633499170812604,20030228_easy_ham.tar.bz2,37afbbd3a5c52d1a
0,4716.0,716.0,1.0,0.0,0.0,0.0,0.0,0.0,0.0,0.0,0.0,0.0,0.0,44.0,0.0331419624217119,20030228_easy_ham.tar.bz2,ed66156819320cf9
0,1972.0,324.0,0.0,0.0,0.0,0.0,0.0,0.0,0.0,0.0,0.0,0.0,0.0,14.0,0.025932953826691967,20030228_easy_ham.tar.bz2,59a6ad970a961a1d
0,2470.0,371.0,1.0,0.0,0.0,0.0,0.0,0.0,0.0,0.0,0.0,0.0,1.0,18.0,0.02974186307519641,20030228_easy_ham.tar.bz2,65848ca3bfc2c057
0,3400.0,605.0,0.0,0.0,0.0,0.0,1.0,0.0,0.0,0.0,0.0,0.0,0.0,25.0,0.04049493813273341,20030228_easy_ham.tar.bz2,0f6eb80cda7d976e
0,882.0,143.0,1.0,0.0,0.0,0.0,0.0,0.0,0.0,0.0,0.0,0.0,1.0,29.0,0.042028985507246375,20030228_easy_ham.tar.bz2,44b74e4566bee857
0,126.0,19.0,1.0,0.0,0.0,0.0,0.0,0.0,0.0,0.0,0.0,0.0,0.0,4.0,0.021739130434782608,20030228_easy_ham.tar.bz2,888360cd824b9144
0,1111.0,182.0,0.0,0.0,0.0,0.0,0.0,0.0,0.0,0.0,0.0,0.0,0.0,7.0,0.05819477434679335,20030228_easy_ham.tar.bz2,21c929c7ccdb4ca8
0,1226.0,205.0,0.0,0.0,0.0,0.0,0.0,0.0,0.0,0.0,0.0,0.0,0.0,34.0,0.033578174186778595,20030228_easy_ham.tar.bz2,4aed7cd2c3513fbf
0,3844.0,652.0,1.0,0.0,0.0,0.0,0.0,0.0,0.0,0.0,0.0,0.0,1.0,23.0,0.05089058524173028,20030228_easy_ham.tar.bz2,e124e0db1c654414
0,1375.0,216.0,1.0,0.0,0.0,0.0,0.0,0.0,0.0,0.0,0.0,0.0,0.0,11.0,0.06116207951070336,20030228_easy_ham.tar.bz2,e6871069e99f551a
0,384.0,75.0,0.0,0.0,0.0,0.0,0.0,0.0,0.0,0.0,0.0,0.0,1.0,26.0,0.08856088560885608,20030228_easy_ham.tar.bz2,ed4e7f2d18d0dfa0
0,154.0,33.0,0.0,0.0,0.0,0.0,0.0,0.0,0.0,0.0,0.0,0.0,0.0,30.0,0.008771929824561403,20030228_easy_ham.tar.bz2,178018d3f9a0249a
0,739.0,118.0,0.0,0.0,0.0,0.0,1.0,0.0,0.0,0.0,0.0,0.0,1.0,29.0,0.03616636528028933,20030228_easy_ham.tar.bz2,f47721edb0b32e02
0,3084.0,458.0,1.0,0.0,0.0,0.0,0.0,0.0,0.0,0.0,0.0,0.0,1.0,34.0,0.02107823267126064,20030228_easy_ham.tar.bz2,a386c97b5a24ad9c
0,1284.0,217.0,0.0,0.0,0.0,0.0,1.0,0.0,0.0,0.0,0.0,0.0,0.0,29.0,0.04239917269906929,20030228_easy_ham.tar.bz2,6cc0e4f2f4b1e01a
0,325.0,57.0,0.0,0.0,0.0,0.0,0.0,0.0,0.0,0.0,0.0,0.0,0.0,29.0,0.07563025210084033,20030228_easy_ham.tar.bz2,b271c19bc8c70174
0,971.0,186.0,0.0,0.0,0.0,0.0,0.0,0.0,0.0,0.0,0.0,0.0,0.0,29.0,0.05277777777777778,20030228_easy_ham.tar.bz2,8cbcc847fe69a9af
0,714.0,116.0,1.0,0.0,0.0,0.0,0.0,0.0,0.0,0.0,0.0,0.0,1.0,29.0,0.032196969696969696,20030228_easy_ham.tar.bz2,54c980b2ed0a6157
0,236.0,47.0,0.0,0.0,0.0,0.0,0.0,0.0,0.0,0.0,0.0,0.0,0.0,34.0,0.04375,20030228_easy_ham.tar.bz2,9bba73904b3f2dfb
0,691.0,118.0,2.0,0.0,0.0,0.0,0.0,0.0,0.0,0.0,0.0,0.0,1.0,30.0,0.05793991416309013,20030228_easy_ham.tar.bz2,fc34d531efbc9625
0,1068.0,183.0,0.0,0.0,0.0,0.0,0.0,0.0,0.0,0.0,0.0,0.0,1.0,29.0,0.0412621359223301,20030228_easy_ham.tar.bz2,fe8d88ae90380a13
0,590.0,94.0,0.0,0.0,0.0,0.0,0.0,0.0,0.0,0.0,0.0,0.0,0.0,11.0,0.02178649237472767,20030228_easy_ham.tar.bz2,badc4a68667a157b
0,1170.0,165.0,1.0,0.0,0.0,0.0,0.0,0.0,0.0,0.0,0.0,0.0,1.0,30.0,0.10465116279069768,20030228_easy_ham.tar.bz2,2679697372f3cb32
0,3381.0,572.0,1.0,0.0,0.0,0.0,0.0,0.0,0.0,0.0,0.0,0.0,0.0,45.0,0.044407894736842105,20030228_easy_ham.tar.bz2,f65e0621f2df20d9
0,1417.0,239.0,1.0,0.0,0.0,0.0,0.0,0.0,0.0,0.0,0.0,0.0,0.0,45.0,0.05,20030228_easy_ham.tar.bz2,9007d385d9ff0a51
0,146.0,24.0,0.0,0.0,0.0,0.0,0.0,0.0,0.0,0.0,0.0,0.0,0.0,11.0,0.0673076923076923,20030228_easy_ham.tar.bz2,cc7560c9a6972002
0,555.0,83.0,2.0,0.0,0.0,0.0,0.0,0.0,0.0,0.0,0.0,0.0,1.0,25.0,0.04060913705583756,20030228_easy_ham.tar.bz2,9a14cfacbc538b42
0,1039.0,182.0,1.0,0.0,0.0,0.0,0.0,0.0,0.0,0.0,0.0,0.0,0.0,45.0,0.034220532319391636,20030228_easy_ham.tar.bz2,c67f318b9f2a47a4
0,3897.0,654.0,5.0,0.0,0.0,0.0,0.0,0.0,0.0,0.0,0.0,0.0,1.0,36.0,0.03942777390090719,20030228_easy_ham.tar.bz2,29bbc0dcdf747f76
0,627.0,96.0,1.0,0.0,0.0,0.0,0.0,0.0,0.0,0.0,0.0,0.0,0.0,42.0,0.029978586723768737,20030228_easy_ham.tar.bz2,f099249aeeae0475
0,2023.0,333.0,1.0,0.0,0.0,0.0,0.0,0.0,0.0,0.0,0.0,0.0,0.0,45.0,0.04445919044459191,20030228_easy_ham.tar.bz2,8c1ff7b377a5088d
0,7991.0,1416.0,0.0,0.0,0.0,0.0,0.0,0.0,0.0,0.0,0.0,0.0,0.0,42.0,0.09492934330839568,20030228_easy_ham.tar.bz2,a6031073731b6481
0,3722.0,623.0,2.0,0.0,0.0,0.0,0.0,0.0,0.0,0.0,0.0,0.0,1.0,28.0,0.05564082885648503,20030228_easy_ham.tar.bz2,298001c5e036514f
0,6969.0,1230.0,0.0,0.0,0.0,0.0,0.0,0.0,0.0,0.0,0.0,0.0,0.0,38.0,0.038066803508117183,20030228_easy_ham.tar.bz2,9ffd78a6a2bbac77
0,899.0,133.0,0.0,0.0,0.0,0.0,0.0,0.0,0.0,0.0,0.0,0.0,0.0,45.0,0.013888888888888888,20030228_easy_ham.tar.bz2,71c94b994eb9a548
0,7177.0,1223.0,0.0,0.0,0.0,0.0,1.0,0.0,0.0,0.0,0.0,0.0,1.0,40.0,0.01894775570272259,20030228_easy_ham.tar.bz2,353459c0081b107e
0,2096.0,328.0,1.0,0.0,0.0,0.0,0.0,0.0,0.0,0.0,0.0,0.0,0.0,11.0,0.03229974160206718,20030228_easy_ham.tar.bz2,55ceeefe140fcde2
0,915.0,142.0,1.0,0.0,0.0,0.0,0.0,0.0,0.0,0.0,0.0,0.0,0.0,11.0,0.03193033381712627,20030228_easy_ham.tar.bz2,c3725149e760c51f
0,1868.0,292.0,0.0,0.0,0.0,0.0,0.0,0.0,0.0,0.0,0.0,0.0,0.0,45.0,0.0220014194464159,20030228_easy_ham.tar.bz2,ac1300ae09ba24bd
0,1659.0,277.0,1.0,0.0,0.0,0.0,0.0,0.0,0.0,0.0,0.0,0.0,0.0,36.0,0.039781591263650544,20030228_easy_ham.tar.bz2,6d6a0f2ebb7f2a6d
0,419.0,62.0,0.0,0.0,0.0,0.0,0.0,0.0,0.0,0.0,0.0,0.0,0.0,25.0,0.047619047619047616,20030228_easy_ham.tar.bz2,57fc8955da701242
0,7177.0,1223.0,0.0,0.0,0.0,0.0,1.0,0.0,0.0,0.0,0.0,0.0,1.0,40.0,0.01894775570272259,20030228_easy_ham.tar.bz2,549e292affeb5ff4
0,1822.0,302.0,0.0,0.0,0.0,0.0,0.0,0.0,0.0,0.0,0.0,0.0,0.0,45.0,0.022156573116691284,20030228_easy_ham.tar.bz2,d7ac741d7862de11
0,217.0,39.0,0.0,0.0,0.0,0.0,0.0,0.0,0.0,0.0,0.0,0.0,0.0,40.0,0.0375,20030228_easy_ham.tar.bz2,43363d461f385078
0,1163.0,168.0,1.0,0.0,0.0,0.0,0.0,0.0,0.0,0.0,0.0,0.0,0.0,42.0,0.03218390804597701,20030228_easy_ham.tar.bz2,371cfb01637e333b
0,1966.0,305.0,0.0,0.0,0.0,0.0,0.0,0.0,0.0,0.0,0.0,0.0,0.0,42.0,0.03038309114927345,20030228_easy_ham.tar.bz2,182f649224427f15
0,805.0,126.0,1.0,0.0,0.0,0.0,0.0,0.0,0.0,0.0,0.0,0.0,0.0,56.0,0.08183306055646482,20030228_easy_ham.tar.bz2,a054515a56b780aa
0,1212.0,218.0,0.0,0.0,0.0,0.0,0.0,0.0,0.0,0.0,0.0,0.0,0.0,42.0,0.023404255319148935,20030228_easy_ham.tar.bz2,b8cf5e69ebc934d5
0,350.0,62.0,1.0,0.0,0.0,0.0,0.0,0.0,0.0,0.0,0.0,0.0,0.0,30.0,0.052434456928838954,20030228_easy_ham.tar.bz2,475c28322357f52a
0,1127.0,186.0,1.0,0.0,0.0,0.0,0.0,0.0,0.0,0.0,0.0,0.0,0.0,42.0,0.028014616321559074,20030228_easy_ham.tar.bz2,f8ef77f074152145
0,1625.0,285.0,0.0,0.0,0.0,0.0,0.0,0.0,0.0,0.0,0.0,0.0,0.0,42.0,0.027250206440957887,20030228_easy_ham.tar.bz2,466ce0f9576024c5
0,363.0,56.0,1.0,0.0,0.0,0.0,0.0,0.0,0.0,0.0,0.0,0.0,0.0,13.0,0.043795620437956206,20030228_easy_ham.tar.bz2,32453d5d9c372779
0,154.0,27.0,1.0,0.0,0.0,0.0,0.0,0.0,0.0,0.0,0.0,0.0,0.0,13.0,0.027777777777777776,20030228_easy_ham.tar.bz2,8a9535c99a9fa1c4
0,375.0,72.0,0.0,0.0,0.0,0.0,0.0,0.0,0.0,0.0,0.0,0.0,0.0,42.0,0.03717472118959108,20030228_easy_ham.tar.bz2,5ad1faed8919187f
0,1395.0,211.0,2.0,0.0,0.0,0.0,0.0,0.0,0.0,0.0,0.0,0.0,0.0,49.0,0.019945602901178604,20030228_easy_ham.tar.bz2,42b66c99e7b03ee2
0,570.0,100.0,4.0,0.0,0.0,0.0,0.0,0.0,0.0,0.0,0.0,0.0,0.0,20.0,0.04116222760290557,20030228_easy_ham.tar.bz2,53f25122a77d160a
0,706.0,127.0,0.0,0.0,0.0,0.0,0.0,0.0,0.0,0.0,0.0,0.0,0.0,17.0,0.03932584269662921,20030228_easy_ham.tar.bz2,80c11a065d601f1b
0,2357.0,415.0,0.0,0.0,0.0,0.0,0.0,0.0,0.0,0.0,0.0,0.0,0.0,36.0,0.023178807947019868,20030228_easy_ham.tar.bz2,04248c842ff97823
0,3111.0,521.0,0.0,0.0,0.0,0.0,0.0,0.0,0.0,0.0,0.0,0.0,0.0,45.0,0.02663115845539281,20030228_easy_ham.tar.bz2,3508047ff465424d
0,1191.0,182.0,1.0,0.0,0.0,0.0,0.0,0.0,0.0,0.0,0.0,0.0,1.0,24.0,0.08833151581243184,20030228_easy_ham.tar.bz2,e8d5e731f97e440e
0,3648.0,617.0,1.0,0.0,0.0,0.0,0.0,0.0,0.0,0.0,0.0,0.0,0.0,49.0,0.05043610163064088,20030228_easy_ham.tar.bz2,77a66a6827471081
0,1609.0,248.0,4.0,0.0,0.0,0.0,0.0,0.0,0.0,0.0,0.0,0.0,0.0,48.0,0.04876099120703437,20030228_easy_ham.tar.bz2,94ea1bf3c3ce4380
0,3974.0,639.0,1.0,0.0,0.0,0.0,0.0,0.0,0.0,0.0,0.0,0.0,0.0,49.0,0.05286343612334802,20030228_easy_ham.tar.bz2,4e1a7f8915703e3b
0,530.0,85.0,0.0,0.0,0.0,0.0,0.0,0.0,0.0,0.0,0.0,0.0,0.0,49.0,0.02736318407960199,20030228_easy_ham.tar.bz2,19f5a6101db16d18
0,4925.0,758.0,1.0,0.0,0.0,0.0,0.0,0.0,0.0,0.0,0.0,0.0,0.0,49.0,0.06055900621118013,20030228_easy_ham.tar.bz2,bf5abf7f50644fe0
0,408.0,63.0,1.0,0.0,0.0,0.0,0.0,0.0,0.0,0.0,0.0,0.0,0.0,42.0,0.045307443365695796,20030228_easy_ham.tar.bz2,299158cae7bf5a6c
0,1337.0,205.0,1.0,0.0,0.0,0.0,0.0,0.0,0.0,0.0,0.0,0.0,0.0,42.0,0.02091633466135458,20030228_easy_ham.tar.bz2,8fbc0a965010afef
0,4284.0,689.0,1.0,0.0,0.0,0.0,0.0,0.0,0.0,0.0,0.0,0.0,0.0,49.0,0.058823529411764705,20030228_easy_ham.tar.bz2,ca1d02b50b9f4951
0,1682.0,259.0,1.0,0.0,0.0,0.0,0.0,0.0,0.0,0.0,0.0,0.0,1.0,42.0,0.033734939759036145,20030228_easy_ham.tar.bz2,c7550ceddca95b81
0,2012.0,298.0,1.0,0.0,0.0,0.0,0.0,0.0,0.0,0.0,0.0,0.0,1.0,42.0,0.040889526542324243,20030228_easy_ham.tar.bz2,78c839307a2d75f1
0,1588.0,233.0,1.0,0.0,0.0,0.0,0.0,0.0,0.0,0.0,0.0,0.0,0.0,42.0,0.03231597845601436,20030228_easy_ham.tar.bz2,2b62fa6bc140cc92
0,1266.0,194.0,0.0,0.0,0.0,0.0,0.0,0.0,0.0,0.0,0.0,0.0,0.0,42.0,0.015416238437821172,20030228_easy_ham.tar.bz2,7727defac7b8454a
0,379.0,57.0,1.0,0.0,0.0,0.0,0.0,0.0,0.0,0.0,0.0,0.0,0.0,42.0,0.0603448275862069,20030228_easy_ham.tar.bz2,daa559a5f1d148aa
0,763.0,116.0,1.0,0.0,0.0,0.0,0.0,0.0,0.0,0.0,0.0,0.0,0.0,42.0,0.10515873015873016,20030228_easy_ham.tar.bz2,2eb5ae0eda512b35
0,562.0,107.0,0.0,0.0,0.0,0.0,0.0,0.0,0.0,0.0,0.0,0.0,0.0,12.0,0.05236907730673317,20030228_easy_ham.tar.bz2,498a088136daade5
0,805.0,143.0,0.0,0.0,0.0,0.0,0.0,0.0,0.0,0.0,0.0,0.0,0.0,16.0,0.08974358974358974,20030228_easy_ham.tar.bz2,6e5b019f7236e53c
0,1266.0,206.0,0.0,0.0,0.0,0.0,0.0,0.0,0.0,0.0,0.0,0.0,1.0,8.0,0.029075804776739357,20030228_easy_ham.tar.bz2,893658234ae89ce2
0,2269.0,374.0,0.0,0.0,0.0,0.0,0.0,0.0,0.0,0.0,0.0,0.0,0.0,42.0,0.020757020757020756,20030228_easy_ham.tar.bz2,a72cff69b2a323c6
0,638.0,117.0,0.0,0.0,0.0,0.0,0.0,0.0,0.0,0.0,0.0,0.0,0.0,42.0,0.028888888888888888,20030228_easy_ham.tar.bz2,bc2a70cf9e9546d9
0,1015.0,159.0,1.0,0.0,0.0,0.0,0.0,0.0,0.0,0.0,0.0,0.0,1.0,8.0,0.050666666666666665,20030228_easy_ham.tar.bz2,71e7297814d1d7c9
0,1323.0,221.0,2.0,0.0,0.0,0.0,0.0,0.0,0.0,0.0,0.0,0.0,1.0,26.0,0.03441084462982273,20030228_easy_ham.tar.bz2,af336b7d63b0d313
0,2804.0,456.0,0.0,0.0,0.0,0.0,0.0,0.0,0.0,0.0,0.0,0.0,1.0,8.0,0.023853211009174313,20030228_easy_ham.tar.bz2,bed04bd4aa7c6b3b
0,449.0,81.0,0.0,0.0,0.0,0.0,0.0,0.0,0.0,0.0,0.0,0.0,0.0,42.0,0.039634146341463415,20030228_easy_ham.tar.bz2,d57c4a2c508fad4c
0,132.0,27.0,0.0,0.0,0.0,0.0,0.0,0.0,0.0,0.0,0.0,0.0,0.0,19.0,0.07777777777777778,20030228_easy_ham.tar.bz2,7ed9d426e99e1bf8
0,2517.0,420.0,1.0,0.0,0.0,0.0,0.0,0.0,0.0,0.0,0.0,0.0,1.0,30.0,0.03039832285115304,20030228_easy_ham.tar.bz2,6ac2515db61908b0
0,1149.0,179.0,1.0,0.0,0.0,0.0,0.0,0.0,0.0,0.0,0.0,0.0,1.0,8.0,0.04778972520908005,20030228_easy_ham.tar.bz2,269c5285f2d7be6f
0,1193.0,211.0,0.0,0.0,0.0,0.0,0.0,0.0,0.0,0.0,0.0,0.0,1.0,30.0,0.02866593164277839,20030228_easy_ham.tar.bz2,4eaae3566cbd4ac9
0,766.0,130.0,0.0,0.0,0.0,0.0,0.0,0.0,0.0,0.0,0.0,0.0,0.0,42.0,0.06072106261859583,20030228_easy_ham.tar.bz2,92e008d507d0fca2
0,959.0,150.0,0.0,0.0,0.0,0.0,0.0,0.0,0.0,0.0,0.0,0.0,0.0,25.0,0.02699055330634278,20030228_easy_ham.tar.bz2,378fde146e288443
0,801.0,123.0,1.0,0.0,0.0,0.0,0.0,0.0,0.0,0.0,0.0,0.0,1.0,30.0,0.04865771812080537,20030228_easy_ham.tar.bz2,30f2cf57eed4f863
0,252.0,46.0,0.0,0.0,0.0,0.0,0.0,0.0,0.0,0.0,0.0,0.0,0.0,23.0,0.09941520467836257,20030228_easy_ham.tar.bz2,db47f1ea60906ebb
0,514.0,90.0,0.0,0.0,0.0,0.0,0.0,0.0,0.0,0.0,0.0,0.0,0.0,42.0,0.05526315789473684,20030228_easy_ham.tar.bz2,a13cc24f3f292879
0,550.0,90.0,0.0,0.0,0.0,0.0,0.0,0.0,0.0,0.0,0.0,0.0,0.0,23.0,0.09819121447028424,20030228_easy_ham.tar.bz2,9578d1b46a104960
0,770.0,133.0,0.0,0.0,0.0,0.0,0.0,0.0,0.0,0.0,0.0,0.0,0.0,42.0,0.051756007393715345,20030228_easy_ham.tar.bz2,15f11f2c11332612
0,688.0,114.0,1.0,0.0,0.0,0.0,0.0,0.0,0.0,0.0,0.0,0.0,0.0,42.0,0.031746031746031744,20030228_easy_ham.tar.bz2,4cb4e37cc4f4f1f7
0,1952.0,336.0,0.0,0.0,0.0,0.0,0.0,0.0,0.0,0.0,0.0,0.0,0.0,45.0,0.04663923182441701,20030228_easy_ham.tar.bz2,c1a93ccda4cf1ab3
0,3030.0,525.0,0.0,0.0,0.0,0.0,0.0,0.0,0.0,0.0,0.0,0.0,0.0,45.0,0.04229741763134461,20030228_easy_ham.tar.bz2,edb8c3e7a4fa1b98
0,519.0,90.0,0.0,0.0,0.0,0.0,0.0,0.0,0.0,0.0,0.0,0.0,0.0,45.0,0.03636363636363636,20030228_easy_ham.tar.bz2,0306ecadc8a05adc
0,496.0,75.0,0.0,0.0,0.0,0.0,0.0,0.0,0.0,0.0,0.0,0.0,0.0,29.0,0.04885057471264368,20030228_easy_ham.tar.bz2,fa2b4653fa24adeb
0,2423.0,409.0,0.0,0.0,0.0,0.0,0.0,0.0,0.0,0.0,0.0,0.0,0.0,45.0,0.03982542280414621,20030228_easy_ham.tar.bz2,0b3e2c968a58e835
0,270.0,48.0,0.0,0.0,0.0,0.0,0.0,0.0,0.0,0.0,0.0,0.0,0.0,45.0,0.03626943005181347,20030228_easy_ham.tar.bz2,b4c26137dfe8eb68
0,1096.0,182.0,0.0,0.0,0.0,0.0,0.0,0.0,0.0,0.0,0.0,0.0,0.0,45.0,0.03229665071770335,20030228_easy_ham.tar.bz2,e8d65ab6ae8f53f4
0,478.0,84.0,0.0,0.0,0.0,0.0,0.0,0.0,0.0,0.0,0.0,0.0,0.0,45.0,0.021917808219178082,20030228_easy_ham.tar.bz2,6ede070d4a8bb89a
0,3480.0,592.0,1.0,0.0,0.0,0.0,0.0,0.0,0.0,0.0,0.0,0.0,0.0,45.0,0.04009342156481121,20030228_easy_ham.tar.bz2,e1899607f678a806
0,837.0,148.0,0.0,0.0,0.0,0.0,0.0,0.0,0.0,0.0,0.0,0.0,0.0,42.0,0.05670103092783505,20030228_easy_ham.tar.bz2,199d4f5b752ee7e7
0,157.0,28.0,0.0,0.0,0.0,0.0,0.0,0.0,0.0,0.0,0.0,0.0,0.0,45.0,0.05357142857142857,20030228_easy_ham.tar.bz2,c36d8e73ddb6ca16
0,1681.0,276.0,1.0,0.0,0.0,0.0,0.0,0.0,0.0,0.0,0.0,0.0,0.0,49.0,0.020032051282051284,20030228_easy_ham.tar.bz2,923a64f00d70cf80
0,5854.0,771.0,5.0,0.0,0.0,0.0,1.0,0.0,0.0,0.0,0.0,0.0,1.0,55.0,0.05965645311049211,20030228_easy_ham.tar.bz2,f54a1017b37335fe
0,1899.0,314.0,0.0,0.0,0.0,0.0,0.0,0.0,0.0,0.0,0.0,0.0,1.0,47.0,0.028838659392049885,20030228_easy_ham.tar.bz2,66630d7f061f44b6
0,1689.0,293.0,1.0,0.0,0.0,0.0,0.0,0.0,0.0,0.0,0.0,0.0,1.0,49.0,0.024427480916030534,20030228_easy_ham.tar.bz2,f4194a57240793f9
0,791.0,130.0,2.0,0.0,0.0,0.0,0.0,0.0,0.0,0.0,0.0,0.0,0.0,51.0,0.04173913043478261,20030228_easy_ham.tar.bz2,92f0233ac81a594b
0,993.0,152.0,0.0,0.0,0.0,0.0,0.0,0.0,0.0,0.0,0.0,0.0,1.0,49.0,0.058577405857740586,20030228_easy_ham.tar.bz2,e425fb640a38f299
0,1168.0,189.0,0.0,0.0,0.0,0.0,0.0,0.0,0.0,0.0,0.0,0.0,0.0,16.0,0.09391534391534391,20030228_easy_ham.tar.bz2,6e5094ef5dbde20c
0,974.0,147.0,0.0,0.0,0.0,0.0,0.0,0.0,0.0,0.0,0.0,0.0,0.0,23.0,0.09523809523809523,20030228_easy_ham.tar.bz2,54f777d15e496654
0,1914.0,302.0,2.0,0.0,0.0,0.0,0.0,0.0,0.0,0.0,0.0,0.0,0.0,16.0,0.06970954356846473,20030228_easy_ham.tar.bz2,3d7061808dde18db
0,1217.0,216.0,0.0,0.0,0.0,0.0,0.0,0.0,0.0,0.0,0.0,0.0,0.0,16.0,0.03278688524590164,20030228_easy_ham.tar.bz2,6db0cd605bfcb47e
0,1754.0,268.0,0.0,0.0,0.0,0.0,0.0,0.0,0.0,0.0,0.0,0.0,0.0,23.0,0.06677265500794913,20030228_easy_ham.tar.bz2,44077ccd7b4c13e0
0,622.0,104.0,0.0,0.0,0.0,0.0,0.0,0.0,0.0,0.0,0.0,0.0,0.0,23.0,0.023706896551724137,20030228_easy_ham.tar.bz2,1e87479cedf1e5ad
0,1008.0,165.0,0.0,0.0,0.0,0.0,0.0,0.0,0.0,0.0,0.0,0.0,0.0,23.0,0.03185595567867036,20030228_easy_ham.tar.bz2,7c27aeba53ffc6b6
0,1023.0,148.0,1.0,0.0,0.0,0.0,0.0,0.0,0.0,0.0,0.0,0.0,1.0,23.0,0.034220532319391636,20030228_easy_ham.tar.bz2,7b69fa00cea78be1
0,1101.0,167.0,1.0,0.0,0.0,0.0,0.0,0.0,0.0,0.0,0.0,0.0,1.0,23.0,0.035046728971962614,20030228_easy_ham.tar.bz2,3603b49319677039
0,5493.0,902.0,1.0,0.0,0.0,0.0,0.0,0.0,0.0,0.0,0.0,0.0,0.0,42.0,0.0460717749757517,20030228_easy_ham.tar.bz2,8b3889a38c904991
0,356.0,64.0,0.0,0.0,0.0,0.0,0.0,0.0,0.0,0.0,0.0,0.0,0.0,16.0,0.06451612903225806,20030228_easy_ham.tar.bz2,ed01fe46d89d5303
0,1510.0,223.0,1.0,0.0,0.0,0.0,0.0,0.0,0.0,0.0,0.0,0.0,1.0,23.0,0.05652173913043478,20030228_easy_ham.tar.bz2,eb60406235aab6d9
0,1149.0,205.0,0.0,0.0,0.0,0.0,0.0,0.0,0.0,0.0,0.0,0.0,0.0,42.0,0.03909952606635071,20030228_easy_ham.tar.bz2,5d2d21db0b15f7ff
0,1194.0,190.0,1.0,0.0,0.0,0.0,0.0,0.0,0.0,0.0,0.0,0.0,1.0,23.0,0.059907834101382486,20030228_easy_ham.tar.bz2,a5f98724e4791f50
0,727.0,127.0,0.0,0.0,0.0,0.0,0.0,0.0,0.0,0.0,0.0,0.0,0.0,23.0,0.03313840155945419,20030228_easy_ham.tar.bz2,a80ed823c2fa4cb9
0,660.0,110.0,0.0,0.0,0.0,0.0,0.0,0.0,0.0,0.0,0.0,0.0,1.0,24.0,0.03665987780040733,20030228_easy_ham.tar.bz2,c0ba53688c003173
0,8151.0,1353.0,2.0,0.0,0.0,0.0,0.0,0.0,0.0,0.0,0.0,0.0,0.0,65.0,0.03351248814416693,20030228_easy_ham.tar.bz2,fa5c6aa2c145311f
0,2956.0,485.0,0.0,0.0,0.0,0.0,0.0,0.0,0.0,0.0,0.0,0.0,0.0,81.0,0.03257918552036199,20030228_easy_ham.tar.bz2,3756efb957484163
0,1662.0,268.0,1.0,0.0,0.0,0.0,0.0,0.0,0.0,0.0,0.0,0.0,1.0,23.0,0.06899418121363259,20030228_easy_ham.tar.bz2,5e6635be132505f4
0,2109.0,319.0,3.0,0.0,0.0,0.0,0.0,0.0,0.0,0.0,0.0,0.0,0.0,47.0,0.041387705416920266,20030228_easy_ham.tar.bz2,5a42ce6b12a9bc78
0,2120.0,351.0,1.0,0.0,0.0,0.0,0.0,1.0,0.0,0.0,0.0,0.0,0.0,65.0,0.037892243931320305,20030228_easy_ham.tar.bz2,825d859565d88a38
0,969.0,148.0,0.0,0.0,0.0,0.0,0.0,1.0,0.0,0.0,0.0,0.0,0.0,69.0,0.06199460916442048,20030228_easy_ham.tar.bz2,16382c0768ba82db
0,6762.0,1015.0,4.0,0.0,0.0,0.0,0.0,0.0,0.0,0.0,0.0,0.0,0.0,12.0,0.0599250936329588,20030228_easy_ham.tar.bz2,f088e4a353691a5d
0,558.0,89.0,1.0,0.0,0.0,0.0,0.0,0.0,0.0,0.0,0.0,0.0,1.0,16.0,0.10614525139664804,20030228_easy_ham.tar.bz2,3fea06f01c39ace4
0,615.0,89.0,0.0,0.0,0.0,0.0,0.0,0.0,0.0,0.0,0.0,0.0,1.0,8.0,0.07932011331444759,20030228_easy_ham.tar.bz2,cca7f769705dfc21
0,1437.0,210.0,0.0,0.0,0.0,0.0,0.0,1.0,0.0,0.0,0.0,0.0,0.0,69.0,0.07543520309477757,20030228_easy_ham.tar.bz2,10a3f355225cf471
0,7958.0,1298.0,1.0,0.0,0.0,0.0,0.0,0.0,0.0,0.0,0.0,0.0,0.0,47.0,0.023783445470192458,20030228_easy_ham.tar.bz2,52559664ca779b7c
0,8068.0,1318.0,1.0,0.0,0.0,0.0,1.0,0.0,0.0,0.0,0.0,0.0,1.0,17.0,0.04451837769328264,20030228_easy_ham.tar.bz2,5f279b2cf2a7a299
0,1765.0,311.0,1.0,0.0,0.0,0.0,0.0,0.0,0.0,0.0,0.0,0.0,0.0,49.0,0.032397408207343416,20030228_easy_ham.tar.bz2,78eb070043578ac8
0,259.0,43.0,0.0,0.0,0.0,0.0,0.0,0.0,0.0,0.0,0.0,0.0,0.0,16.0,0.10160427807486631,20030228_easy_ham.tar.bz2,c5a10430e55e0c33
0,481.0,72.0,1.0,0.0,0.0,0.0,0.0,0.0,0.0,0.0,0.0,0.0,0.0,51.0,0.07530120481927711,20030228_easy_ham.tar.bz2,04df39ae2d577d47
0,170.0,29.0,1.0,0.0,0.0,0.0,0.0,0.0,0.0,0.0,0.0,0.0,0.0,46.0,0.008403361344537815,20030228_easy_ham.tar.bz2,e80d5565bba008cd
0,340.0,61.0,1.0,0.0,0.0,0.0,0.0,0.0,0.0,0.0,0.0,0.0,0.0,11.0,0.03773584905660377,20030228_easy_ham.tar.bz2,d8f712b0c2c7fd56
0,2727.0,529.0,0.0,0.0,0.0,0.0,0.0,0.0,0.0,0.0,0.0,0.0,0.0,31.0,0.03242727706247019,20030228_easy_ham.tar.bz2,36836bc04c7363fb
0,663.0,101.0,1.0,0.0,0.0,0.0,0.0,0.0,0.0,0.0,0.0,0.0,0.0,18.0,0.04500978473581213,20030228_easy_ham.tar.bz2,527046e20a946e50
0,1183.0,189.0,1.0,0.0,0.0,0.0,0.0,0.0,0.0,0.0,0.0,0.0,0.0,22.0,0.04269662921348315,20030228_easy_ham.tar.bz2,3a144a021c12eb68
0,1442.0,227.0,1.0,0.0,0.0,0.0,0.0,0.0,0.0,0.0,0.0,0.0,0.0,22.0,0.059757236227824466,20030228_easy_ham.tar.bz2,25de4413234a959d
0,177.0,25.0,1.0,0.0,0.0,0.0,0.0,0.0,0.0,0.0,0.0,0.0,0.0,43.0,0.12698412698412698,20030228_easy_ham.tar.bz2,1aa2a7021a48cd77
0,40657.0,7387.0,0.0,0.0,0.0,0.0,1.0,0.0,0.0,0.0,0.0,0.0,0.0,65.0,0.04377017430600387,20030228_easy_ham.tar.bz2,46d9f850d562531c
0,812.0,134.0,0.0,0.0,0.0,0.0,0.0,0.0,0.0,0.0,0.0,0.0,1.0,30.0,0.02086677367576244,20030228_easy_ham.tar.bz2,04c866ed5c00fb69
0,959.0,149.0,0.0,0.0,0.0,0.0,0.0,0.0,0.0,0.0,0.0,0.0,1.0,34.0,0.02244039270687237,20030228_easy_ham.tar.bz2,d6c8110b782b2c80
0,1582.0,241.0,0.0,0.0,0.0,0.0,0.0,0.0,0.0,0.0,0.0,0.0,1.0,34.0,0.016246953696181964,20030228_easy_ham.tar.bz2,7fb72a51d0ae0fbf
0,243.0,32.0,2.0,0.0,0.0,0.0,0.0,0.0,0.0,0.0,0.0,0.0,0.0,34.0,0.057803468208092484,20030228_easy_ham.tar.bz2,fbc7822309517f17
0,194.0,36.0,0.0,0.0,0.0,0.0,0.0,0.0,0.0,0.0,0.0,0.0,0.0,34.0,0.06060606060606061,20030228_easy_ham.tar.bz2,5ae00157db6bf1a5
0,551.0,103.0,1.0,0.0,0.0,0.0,0.0,0.0,0.0,0.0,0.0,0.0,0.0,34.0,0.08706467661691543,20030228_easy_ham.tar.bz2,91ae51578528bafa
0,737.0,111.0,0.0,0.0,0.0,0.0,0.0,0.0,0.0,0.0,0.0,0.0,0.0,34.0,0.010101010101010102,20030228_easy_ham.tar.bz2,3a635c9872112665
0,3288.0,578.0,2.0,0.0,0.0,0.0,0.0,0.0,0.0,0.0,0.0,0.0,1.0,50.0,0.03409992069785884,20030228_easy_ham.tar.bz2,4ff868103f18c92c
0,2043.0,308.0,0.0,0.0,0.0,0.0,0.0,0.0,0.0,0.0,0.0,0.0,1.0,22.0,0.019147621988882025,20030228_easy_ham.tar.bz2,b53b4c79e8425f28
0,800.0,132.0,0.0,0.0,0.0,0.0,0.0,0.0,0.0,0.0,0.0,0.0,0.0,34.0,0.008038585209003215,20030228_easy_ham.tar.bz2,51401698eba3f282
0,2310.0,363.0,3.0,0.0,0.0,0.0,0.0,0.0,0.0,0.0,0.0,0.0,0.0,16.0,0.06999306999306999,20030228_easy_ham.tar.bz2,6a667bc66c049862
0,408.0,66.0,0.0,0.0,0.0,0.0,0.0,0.0,0.0,0.0,0.0,0.0,0.0,13.0,0.031055900621118012,20030228_easy_ham.tar.bz2,c3dbd71da4890840
0,6491.0,1060.0,2.0,0.0,0.0,0.0,0.0,0.0,0.0,0.0,0.0,0.0,0.0,28.0,0.0433485782461722,20030228_easy_ham.tar.bz2,535613e612c15322
0,957.0,166.0,0.0,0.0,0.0,0.0,0.0,0.0,0.0,0.0,0.0,0.0,0.0,32.0,0.03934871099050204,20030228_easy_ham.tar.bz2,80cce25c8be6d174
0,122.0,20.0,0.0,0.0,0.0,0.0,0.0,0.0,0.0,0.0,0.0,0.0,0.0,51.0,0.07368421052631578,20030228_easy_ham.tar.bz2,706944c995446783
0,2886.0,479.0,1.0,0.0,0.0,0.0,0.0,0.0,0.0,0.0,0.0,0.0,0.0,32.0,0.040172166427546625,20030228_easy_ham.tar.bz2,6bd505561f54ac2d
0,1609.0,282.0,0.0,0.0,0.0,0.0,0.0,0.0,0.0,0.0,0.0,0.0,0.0,16.0,0.07923269391159299,20030228_easy_ham.tar.bz2,6b44da72ce85fbdd
0,557.0,89.0,0.0,0.0,0.0,0.0,0.0,0.0,0.0,0.0,0.0,0.0,1.0,17.0,0.08955223880597014,20030228_easy_ham.tar.bz2,d0f483ca18d0f6a0
0,1645.0,274.0,0.0,0.0,0.0,0.0,0.0,0.0,0.0,0.0,0.0,0.0,0.0,32.0,0.028548770816812053,20030228_easy_ham.tar.bz2,b29a91ce9f658bec
0,4195.0,643.0,2.0,0.0,0.0,0.0,0.0,0.0,0.0,0.0,0.0,0.0,0.0,32.0,0.03135672151505744,20030228_easy_ham.tar.bz2,2bb620e1a008bbcc
0,3421.0,543.0,0.0,0.0,0.0,0.0,0.0,0.0,0.0,0.0,0.0,0.0,0.0,32.0,0.0334855403348554,20030228_easy_ham.tar.bz2,d16004b0a3548cc3
0,2721.0,462.0,1.0,0.0,0.0,0.0,0.0,0.0,0.0,0.0,0.0,0.0,1.0,24.0,0.03391472868217054,20030228_easy_ham.tar.bz2,cb104e878e0f19bf
0,1420.0,243.0,0.0,0.0,0.0,0.0,0.0,0.0,0.0,0.0,0.0,0.0,0.0,16.0,0.07516650808753568,20030228_easy_ham.tar.bz2,19bda1875b228211
0,1117.0,178.0,0.0,0.0,0.0,0.0,0.0,0.0,0.0,0.0,0.0,0.0,0.0,17.0,0.06790123456790123,20030228_easy_ham.tar.bz2,78954804276a45c1
0,6586.0,897.0,6.0,0.0,0.0,0.0,0.0,0.0,0.0,0.0,0.0,0.0,0.0,16.0,0.06280648811769143,20030228_easy_ham.tar.bz2,298cb4ab95f7b0d3
0,213.0,26.0,3.0,0.0,0.0,0.0,0.0,0.0,0.0,0.0,0.0,0.0,0.0,12.0,0.0784313725490196,20030228_easy_ham.tar.bz2,c1f4035d4a6ab021
0,3875.0,627.0,2.0,0.0,0.0,0.0,0.0,0.0,0.0,0.0,0.0,0.0,1.0,32.0,0.04408749145591251,20030228_easy_ham.tar.bz2,6995e8ddfbf3a300
0,1945.0,306.0,0.0,0.0,0.0,0.0,0.0,0.0,0.0,0.0,0.0,0.0,1.0,32.0,0.043358568479008944,20030228_easy_ham.tar.bz2,9a49bf106ff58302
0,678.0,122.0,0.0,0.0,0.0,0.0,0.0,0.0,0.0,0.0,0.0,0.0,0.0,51.0,0.06860706860706861,20030228_easy_ham.tar.bz2,fa58e34971bb86bd
0,576.0,99.0,0.0,0.0,0.0,0.0,0.0,0.0,0.0,0.0,0.0,0.0,0.0,32.0,0.05057471264367816,20030228_easy_ham.tar.bz2,ca80f6815be58515
0,1316.0,170.0,2.0,0.0,0.0,0.0,0.0,0.0,0.0,0.0,0.0,0.0,0.0,21.0,0.09615384615384616,20030228_easy_ham.tar.bz2,3cb785293c2b70db
0,1316.0,212.0,1.0,0.0,0.0,0.0,0.0,0.0,0.0,0.0,0.0,0.0,0.0,51.0,0.04714142427281846,20030228_easy_ham.tar.bz2,cb3700c5de097f26
0,733.0,115.0,2.0,0.0,0.0,0.0,0.0,0.0,0.0,0.0,0.0,0.0,1.0,32.0,0.048507462686567165,20030228_easy_ham.tar.bz2,51f42ce624c55eee
0,559.0,98.0,0.0,0.0,0.0,0.0,0.0,0.0,0.0,0.0,0.0,0.0,0.0,51.0,0.05714285714285714,20030228_easy_ham.tar.bz2,9a1928dc495f23bf
0,1787.0,291.0,0.0,0.0,0.0,0.0,0.0,0.0,0.0,0.0,0.0,0.0,1.0,32.0,0.032991202346041054,20030228_easy_ham.tar.bz2,aca3498cbd0805d4
0,1925.0,314.0,0.0,0.0,0.0,0.0,0.0,0.0,0.0,0.0,0.0,0.0,0.0,16.0,0.013888888888888888,20030228_easy_ham.tar.bz2,d4aa80fdaa1f184e
0,476.0,71.0,0.0,0.0,0.0,0.0,0.0,0.0,0.0,0.0,0.0,0.0,0.0,32.0,0.046153846153846156,20030228_easy_ham.tar.bz2,971e8126404b75a2
0,593.0,96.0,0.0,0.0,0.0,0.0,0.0,0.0,0.0,0.0,0.0,0.0,1.0,32.0,0.04054054054054054,20030228_easy_ham.tar.bz2,054290dcc34bfbcd
0,534.0,82.0,0.0,0.0,0.0,0.0,0.0,0.0,0.0,0.0,0.0,0.0,1.0,32.0,0.1092896174863388,20030228_easy_ham.tar.bz2,d3f1df3b5566e05d
0,585.0,103.0,1.0,0.0,0.0,0.0,0.0,0.0,0.0,0.0,0.0,0.0,0.0,16.0,0.034324942791762014,20030228_easy_ham.tar.bz2,c02610393c94f1cb
0,1506.0,264.0,2.0,0.0,0.0,0.0,0.0,0.0,0.0,0.0,0.0,0.0,0.0,16.0,0.0671573137074517,20030228_easy_ham.tar.bz2,31bf7817fcd9fd37
0,274.0,42.0,0.0,0.0,0.0,0.0,0.0,0.0,0.0,0.0,0.0,0.0,0.0,49.0,0.03553299492385787,20030228_easy_ham.tar.bz2,89b44da5de02e487
0,557.0,85.0,2.0,0.0,0.0,0.0,0.0,0.0,0.0,0.0,0.0,0.0,0.0,20.0,0.04428904428904429,20030228_easy_ham.tar.bz2,a1e16e847f8edbf0
0,4354.0,654.0,1.0,0.0,0.0,0.0,0.0,0.0,0.0,0.0,0.0,0.0,0.0,79.0,0.054282267792521106,20030228_easy_ham.tar.bz2,2efe6ecd016d8c6c
0,168.0,26.0,0.0,0.0,0.0,0.0,0.0,0.0,0.0,0.0,0.0,0.0,0.0,16.0,0.12173913043478261,20030228_easy_ham.tar.bz2,f8e15a89ff4e26cd
0,278.0,47.0,0.0,0.0,0.0,0.0,0.0,0.0,0.0,0.0,0.0,0.0,0.0,44.0,0.0330188679245283,20030228_easy_ham.tar.bz2,b5e97557fd4bc3d2
0,366.0,50.0,2.0,0.0,0.0,0.0,0.0,0.0,0.0,0.0,0.0,0.0,0.0,20.0,0.06367041198501873,20030228_easy_ham.tar.bz2,a651f5fb86ae9c1d
0,1065.0,168.0,0.0,0.0,0.0,0.0,0.0,0.0,0.0,0.0,0.0,0.0,0.0,51.0,0.022613065326633167,20030228_easy_ham.tar.bz2,d1eafb99b575a3df
0,1109.0,188.0,1.0,0.0,0.0,0.0,0.0,0.0,0.0,0.0,0.0,0.0,0.0,20.0,0.0407185628742515,20030228_easy_ham.tar.bz2,76b1392f31cbce2c
0,493.0,75.0,0.0,0.0,0.0,0.0,0.0,0.0,0.0,0.0,0.0,0.0,1.0,20.0,0.11641791044776119,20030228_easy_ham.tar.bz2,f91ebfc18197dcb3
0,1221.0,207.0,2.0,0.0,0.0,0.0,0.0,0.0,0.0,0.0,0.0,0.0,1.0,44.0,0.036322360953461974,20030228_easy_ham.tar.bz2,de7719f2e12304de
0,3309.0,571.0,0.0,0.0,0.0,0.0,0.0,0.0,0.0,0.0,0.0,0.0,0.0,44.0,0.024849699398797595,20030228_easy_ham.tar.bz2,64a43111925b9ff4
0,2499.0,407.0,0.0,0.0,0.0,0.0,0.0,0.0,0.0,0.0,0.0,0.0,0.0,28.0,0.03314635390107088,20030228_easy_ham.tar.bz2,702df7b0ae6d5af6
0,1543.0,265.0,0.0,0.0,0.0,0.0,0.0,0.0,0.0,0.0,0.0,0.0,1.0,44.0,0.037383177570093455,20030228_easy_ham.tar.bz2,98fab0def2d7e39c
0,632.0,112.0,0.0,0.0,0.0,0.0,0.0,0.0,1.0,0.0,0.0,0.0,0.0,44.0,0.04477611940298507,20030228_easy_ham.tar.bz2,d8764723fcadcb26
0,652.0,117.0,0.0,0.0,0.0,0.0,0.0,0.0,0.0,0.0,0.0,0.0,0.0,20.0,0.03225806451612903,20030228_easy_ham.tar.bz2,c15a33e85321bf28
0,3607.0,579.0,0.0,0.0,0.0,0.0,0.0,0.0,0.0,0.0,0.0,0.0,1.0,44.0,0.07414238288454444,20030228_easy_ham.tar.bz2,3f23f55ea933fd32
0,986.0,177.0,0.0,0.0,0.0,0.0,0.0,0.0,0.0,0.0,0.0,0.0,0.0,44.0,0.04252400548696845,20030228_easy_ham.tar.bz2,a71b75e4c9439a96
0,1454.0,240.0,1.0,0.0,0.0,0.0,0.0,0.0,0.0,0.0,0.0,0.0,1.0,58.0,0.07348837209302325,20030228_easy_ham.tar.bz2,9d8f68423d3f4fff
0,110.0,20.0,0.0,0.0,0.0,0.0,0.0,0.0,0.0,0.0,0.0,0.0,0.0,62.0,0.16417910447761194,20030228_easy_ham.tar.bz2,68c48082284b1973
0,953.0,176.0,0.0,0.0,0.0,0.0,0.0,0.0,0.0,0.0,0.0,0.0,0.0,62.0,0.14387464387464388,20030228_easy_ham.tar.bz2,50d5b0bdd9e6365a
0,1311.0,232.0,0.0,0.0,0.0,0.0,0.0,0.0,0.0,0.0,0.0,0.0,0.0,62.0,0.13513513513513514,20030228_easy_ham.tar.bz2,a92f19783cc8516b
0,344.0,58.0,1.0,0.0,0.0,0.0,0.0,0.0,0.0,0.0,0.0,0.0,1.0,20.0,0.09606986899563319,20030228_easy_ham.tar.bz2,96bf520550b27a3f
0,1315.0,234.0,0.0,0.0,0.0,0.0,0.0,0.0,0.0,0.0,0.0,0.0,0.0,62.0,0.13569937369519833,20030228_easy_ham.tar.bz2,a6b74e2c51c719c7
0,1621.0,289.0,0.0,0.0,0.0,0.0,0.0,0.0,0.0,0.0,0.0,0.0,0.0,65.0,0.17256637168141592,20030228_easy_ham.tar.bz2,76ddb4979c6dbc37
0,803.0,140.0,0.0,0.0,0.0,0.0,0.0,0.0,0.0,0.0,0.0,0.0,0.0,44.0,0.04861111111111111,20030228_easy_ham.tar.bz2,1eebc4121325330e
0,495.0,81.0,0.0,0.0,0.0,0.0,0.0,0.0,0.0,0.0,0.0,0.0,0.0,44.0,0.024128686327077747,20030228_easy_ham.tar.bz2,f7e0ef70499e1c50
0,3130.0,434.0,6.0,0.0,0.0,0.0,0.0,0.0,0.0,0.0,0.0,0.0,1.0,94.0,0.06167218543046358,20030228_easy_ham.tar.bz2,f05e855efc8d6afc
0,8933.0,1586.0,2.0,0.0,0.0,0.0,0.0,0.0,0.0,0.0,0.0,0.0,0.0,37.0,0.04518841014862633,20030228_easy_ham.tar.bz2,2d5d89669551e7d0
0,747.0,125.0,3.0,0.0,0.0,0.0,0.0,0.0,0.0,0.0,0.0,0.0,1.0,41.0,0.04036697247706422,20030228_easy_ham.tar.bz2,7863e53e05e67981
0,1977.0,327.0,1.0,0.0,0.0,0.0,0.0,0.0,0.0,0.0,0.0,0.0,0.0,51.0,0.04561161022805805,20030228_easy_ham.tar.bz2,20415cd0504ea43b
0,808.0,141.0,0.0,0.0,0.0,0.0,0.0,0.0,0.0,0.0,0.0,0.0,0.0,51.0,0.03547297297297297,20030228_easy_ham.tar.bz2,398d1482681f55bf
0,47.0,6.0,0.0,0.0,0.0,0.0,0.0,0.0,0.0,0.0,0.0,0.0,0.0,51.0,0.15384615384615385,20030228_easy_ham.tar.bz2,b9390b5da2dbffd1
0,298.0,38.0,1.0,0.0,0.0,0.0,0.0,0.0,0.0,0.0,0.0,0.0,0.0,62.0,0.06857142857142857,20030228_easy_ham.tar.bz2,b829769bc7bd074a
0,582.0,88.0,1.0,0.0,0.0,0.0,0.0,0.0,0.0,0.0,0.0,0.0,0.0,44.0,0.03076923076923077,20030228_easy_ham.tar.bz2,ab0775b8472487dc
0,1238.0,223.0,0.0,0.0,0.0,0.0,0.0,0.0,0.0,0.0,0.0,0.0,0.0,51.0,0.051336898395721926,20030228_easy_ham.tar.bz2,46e94b0fb61261cb
0,822.0,125.0,1.0,0.0,0.0,0.0,0.0,0.0,0.0,0.0,0.0,0.0,1.0,51.0,0.06837606837606838,20030228_easy_ham.tar.bz2,adb557be6a715922
0,6635.0,907.0,2.0,0.0,0.0,0.0,0.0,0.0,0.0,0.0,0.0,0.0,0.0,15.0,0.03492786636294609,20030228_easy_ham.tar.bz2,738b02fe2317149c
0,517.0,73.0,2.0,0.0,0.0,0.0,0.0,0.0,0.0,0.0,0.0,0.0,0.0,21.0,0.0626865671641791,20030228_easy_ham.tar.bz2,d1c5b098287a6be4
0,1827.0,293.0,3.0,0.0,0.0,0.0,0.0,0.0,0.0,0.0,0.0,0.0,0.0,21.0,0.06097560975609756,20030228_easy_ham.tar.bz2,b9fa20eebfd11d62
0,312.0,49.0,0.0,0.0,0.0,0.0,0.0,0.0,0.0,0.0,0.0,0.0,0.0,62.0,0.030837004405286344,20030228_easy_ham.tar.bz2,4d5e36ef3e773692
0,731.0,127.0,4.0,0.0,0.0,0.0,0.0,0.0,0.0,0.0,0.0,0.0,0.0,41.0,0.03780718336483932,20030228_easy_ham.tar.bz2,ecf364e2aae878d5
0,1749.0,298.0,0.0,0.0,0.0,0.0,0.0,0.0,0.0,0.0,0.0,0.0,0.0,51.0,0.025018953752843062,20030228_easy_ham.tar.bz2,b0a59614c4f505d1
0,2476.0,413.0,0.0,0.0,0.0,0.0,0.0,0.0,0.0,0.0,0.0,0.0,0.0,51.0,0.023655913978494623,20030228_easy_ham.tar.bz2,4aade90e1637df06
0,1560.0,272.0,0.0,0.0,0.0,0.0,0.0,0.0,0.0,0.0,0.0,0.0,0.0,51.0,0.022222222222222223,20030228_easy_ham.tar.bz2,69ada524ad95894f
0,1580.0,269.0,1.0,0.0,0.0,0.0,0.0,0.0,0.0,0.0,0.0,0.0,0.0,21.0,0.04195205479452055,20030228_easy_ham.tar.bz2,073e4d327baebad7
0,2031.0,348.0,0.0,0.0,0.0,0.0,0.0,0.0,0.0,0.0,0.0,0.0,0.0,51.0,0.024167210973220117,20030228_easy_ham.tar.bz2,0547e4d3aeafcffb
0,1252.0,195.0,1.0,0.0,0.0,0.0,0.0,0.0,0.0,0.0,0.0,0.0,1.0,51.0,0.06697459584295612,20030228_easy_ham.tar.bz2,b93a290fb5fd3582
0,978.0,180.0,0.0,0.0,0.0,0.0,0.0,0.0,0.0,0.0,0.0,0.0,0.0,51.0,0.02717391304347826,20030228_easy_ham.tar.bz2,d1826a92eea60443
0,1317.0,222.0,0.0,0.0,0.0,0.0,0.0,0.0,0.0,0.0,0.0,0.0,1.0,18.0,0.028717948717948718,20030228_easy_ham.tar.bz2,559adbd0ca375e34
0,510.0,85.0,0.0,0.0,0.0,0.0,0.0,0.0,0.0,0.0,0.0,0.0,1.0,21.0,0.056022408963585436,20030228_easy_ham.tar.bz2,ae49529c8a4514d4
0,800.0,130.0,2.0,0.0,0.0,0.0,0.0,0.0,0.0,0.0,0.0,0.0,0.0,20.0,0.03099510603588907,20030228_easy_ham.tar.bz2,be59c67f217455fd
0,412.0,82.0,0.0,0.0,0.0,0.0,0.0,0.0,0.0,0.0,0.0,0.0,0.0,21.0,0.06993006993006994,20030228_easy_ham.tar.bz2,237ed0cf49630c72
0,1052.0,184.0,0.0,0.0,0.0,0.0,0.0,0.0,0.0,0.0,0.0,0.0,0.0,51.0,0.04924242424242424,20030228_easy_ham.tar.bz2,ad6b07190f82e2a9
0,657.0,87.0,1.0,0.0,0.0,0.0,0.0,0.0,0.0,0.0,0.0,0.0,1.0,49.0,0.07211538461538461,20030228_easy_ham.tar.bz2,6af8c27ba410e039
0,410.0,78.0,0.0,0.0,0.0,0.0,0.0,0.0,0.0,0.0,0.0,0.0,0.0,18.0,0.03741496598639456,20030228_easy_ham.tar.bz2,6b2c4ddeb2054f4c
0,2497.0,399.0,0.0,0.0,0.0,0.0,0.0,0.0,0.0,0.0,0.0,0.0,0.0,3.0,0.040310077519379844,20030228_easy_ham.tar.bz2,0aba47e9e299c563
0,2497.0,438.0,0.0,0.0,0.0,0.0,0.0,0.0,0.0,0.0,0.0,0.0,0.0,51.0,0.03852242744063324,20030228_easy_ham.tar.bz2,84190c74bbcf85d4
0,3288.0,533.0,1.0,0.0,0.0,0.0,0.0,0.0,0.0,0.0,0.0,0.0,1.0,28.0,0.043662568885120816,20030228_easy_ham.tar.bz2,d02fb35b7d8614ce
0,85701.0,13094.0,0.0,0.0,0.0,0.0,0.0,0.0,0.0,0.0,0.0,0.0,0.0,35.0,0.02410634041689618,20030228_easy_ham.tar.bz2,f4c8e1ba255bd5a6
0,871.0,123.0,2.0,0.0,0.0,0.0,0.0,0.0,0.0,0.0,0.0,0.0,1.0,62.0,0.05055292259083728,20030228_easy_ham.tar.bz2,8d472a583b4244e8
0,1123.0,175.0,0.0,0.0,0.0,0.0,0.0,0.0,0.0,0.0,0.0,0.0,1.0,65.0,0.05185185185185185,20030228_easy_ham.tar.bz2,1727ee889e75143c
0,398.0,62.0,1.0,0.0,0.0,0.0,0.0,0.0,0.0,0.0,0.0,0.0,0.0,73.0,0.05263157894736842,20030228_easy_ham.tar.bz2,af12d1a68bd2ac95
0,1257.0,206.0,1.0,0.0,0.0,0.0,0.0,0.0,0.0,0.0,0.0,0.0,0.0,62.0,0.035218783351120594,20030228_easy_ham.tar.bz2,d2dfcb60db1a386e
0,88.0,13.0,0.0,0.0,0.0,0.0,0.0,0.0,0.0,0.0,0.0,0.0,0.0,24.0,0.08196721311475409,20030228_easy_ham.tar.bz2,e7410ab74d402377
0,246.0,40.0,0.0,0.0,0.0,0.0,0.0,0.0,0.0,0.0,0.0,0.0,0.0,48.0,0.05813953488372093,20030228_easy_ham.tar.bz2,f229d75d8b669fe2
0,87982.0,13144.0,0.0,0.0,0.0,0.0,0.0,0.0,0.0,0.0,0.0,0.0,1.0,39.0,0.024287344862959272,20030228_easy_ham.tar.bz2,fb27a0e40f59a40c
0,3558.0,508.0,1.0,0.0,0.0,0.0,0.0,0.0,0.0,0.0,0.0,0.0,0.0,37.0,0.03666895133653187,20030228_easy_ham.tar.bz2,b2026d7daabd1fc2
0,2439.0,396.0,1.0,0.0,0.0,0.0,0.0,0.0,0.0,0.0,0.0,0.0,0.0,46.0,0.04707112970711297,20030228_easy_ham.tar.bz2,a480de11a92deb0e
0,347.0,70.0,0.0,0.0,0.0,0.0,0.0,0.0,0.0,0.0,0.0,0.0,0.0,27.0,0.10943396226415095,20030228_easy_ham.tar.bz2,843b6d66cc1e9387
0,1373.0,251.0,1.0,0.0,0.0,0.0,0.0,0.0,0.0,0.0,0.0,0.0,0.0,15.0,0.03048180924287119,20030228_easy_ham.tar.bz2,041ba7219a7a1e5c
0,655.0,102.0,0.0,0.0,0.0,0.0,0.0,0.0,0.0,0.0,0.0,0.0,1.0,39.0,0.07982261640798226,20030228_easy_ham.tar.bz2,4a77f83157971712
0,990.0,192.0,0.0,0.0,0.0,0.0,0.0,0.0,0.0,0.0,0.0,0.0,0.0,39.0,0.02666666666666667,20030228_easy_ham.tar.bz2,57966178efd73c64
0,441.0,69.0,1.0,0.0,0.0,0.0,0.0,0.0,0.0,0.0,0.0,0.0,0.0,8.0,0.07,20030228_easy_ham.tar.bz2,cc7e7ab8106f9017
0,833.0,135.0,0.0,0.0,0.0,0.0,0.0,0.0,0.0,0.0,0.0,0.0,0.0,15.0,0.09515260323159784,20030228_easy_ham.tar.bz2,2712d0c2edf6d829
0,1915.0,310.0,2.0,0.0,0.0,0.0,1.0,0.0,0.0,0.0,0.0,0.0,1.0,39.0,0.028552005438477225,20030228_easy_ham.tar.bz2,19fb8763294d0cee
0,786.0,123.0,2.0,0.0,0.0,0.0,0.0,0.0,0.0,0.0,0.0,0.0,1.0,39.0,0.06060606060606061,20030228_easy_ham.tar.bz2,940647980f511b40
0,2511.0,383.0,0.0,0.0,0.0,0.0,0.0,0.0,0.0,0.0,0.0,0.0,1.0,39.0,0.08945686900958466,20030228_easy_ham.tar.bz2,1ab047040c97c840
0,318.0,48.0,0.0,0.0,0.0,0.0,0.0,0.0,0.0,0.0,0.0,0.0,1.0,39.0,0.04,20030228_easy_ham.tar.bz2,c16feabd7f4a6192
0,458.0,70.0,0.0,0.0,0.0,0.0,0.0,0.0,0.0,0.0,0.0,0.0,1.0,39.0,0.040372670807453416,20030228_easy_ham.tar.bz2,d113157d30bac856
0,603.0,93.0,0.0,0.0,0.0,0.0,0.0,0.0,0.0,0.0,0.0,0.0,1.0,39.0,0.0350109409190372,20030228_easy_ham.tar.bz2,ee7ad4475f5b8977
0,758.0,123.0,2.0,0.0,0.0,0.0,0.0,0.0,0.0,1.0,0.0,0.0,0.0,12.0,0.0650887573964497,20030228_easy_ham.tar.bz2,be5b5dd6f6ecae41
0,400.0,64.0,0.0,0.0,0.0,0.0,0.0,0.0,0.0,0.0,0.0,0.0,0.0,39.0,0.030303030303030304,20030228_easy_ham.tar.bz2,3cd2a2db44725e27
0,302.0,48.0,0.0,0.0,0.0,0.0,0.0,0.0,0.0,1.0,0.0,0.0,1.0,12.0,0.052884615384615384,20030228_easy_ham.tar.bz2,d37b0819fe6071ac
0,396.0,62.0,0.0,0.0,0.0,0.0,0.0,0.0,0.0,0.0,0.0,0.0,1.0,39.0,0.04827586206896552,20030228_easy_ham.tar.bz2,6ee928041a1f62af
0,1149.0,176.0,1.0,0.0,0.0,0.0,0.0,0.0,0.0,0.0,0.0,0.0,1.0,39.0,0.06165228113440197,20030228_easy_ham.tar.bz2,332c061283fb119c
0,633.0,97.0,1.0,0.0,0.0,0.0,0.0,0.0,0.0,0.0,0.0,0.0,0.0,26.0,0.014227642276422764,20030228_easy_ham.tar.bz2,64c20bae2c60fc9d
0,482.0,90.0,0.0,0.0,0.0,0.0,0.0,0.0,0.0,0.0,0.0,0.0,0.0,14.0,0.052486187845303865,20030228_easy_ham.tar.bz2,ea50f5d8f3171f4d
0,781.0,123.0,0.0,0.0,0.0,0.0,0.0,0.0,0.0,0.0,0.0,0.0,1.0,39.0,0.060362173038229376,20030228_easy_ham.tar.bz2,7cd2539385c6e6cc
0,1481.0,246.0,1.0,0.0,0.0,0.0,0.0,0.0,0.0,0.0,0.0,0.0,0.0,61.0,0.059130434782608696,20030228_easy_ham.tar.bz2,4d412356d416f916
0,938.0,149.0,1.0,0.0,0.0,0.0,0.0,0.0,0.0,0.0,0.0,0.0,0.0,34.0,0.05652759084791386,20030228_easy_ham.tar.bz2,20c7bac705cf9d10
0,785.0,121.0,1.0,0.0,0.0,0.0,0.0,0.0,0.0,1.0,0.0,0.0,0.0,12.0,0.07045009784735812,20030228_easy_ham.tar.bz2,f9c8c412dbaabc1c
0,661.0,109.0,2.0,0.0,0.0,0.0,0.0,0.0,0.0,0.0,0.0,0.0,1.0,18.0,0.057569296375266525,20030228_easy_ham.tar.bz2,64def4d79a90881b
0,2575.0,386.0,0.0,0.0,0.0,0.0,0.0,0.0,0.0,0.0,0.0,0.0,1.0,39.0,0.06592797783933518,20030228_easy_ham.tar.bz2,7da94f74c31715b1
0,498.0,86.0,0.0,0.0,0.0,0.0,0.0,0.0,0.0,0.0,0.0,0.0,0.0,18.0,0.141643059490085,20030228_easy_ham.tar.bz2,c2b2c3c44e572974
0,3155.0,482.0,1.0,0.0,0.0,0.0,0.0,0.0,0.0,0.0,0.0,0.0,1.0,62.0,0.07025344597598933,20030228_easy_ham.tar.bz2,d5364cc5b2c01db3
0,1340.0,221.0,1.0,0.0,0.0,0.0,0.0,0.0,0.0,0.0,0.0,0.0,0.0,30.0,0.0328879753340185,20030228_easy_ham.tar.bz2,045c1bb11478a7bf
0,426.0,78.0,0.0,0.0,0.0,0.0,0.0,0.0,0.0,0.0,0.0,0.0,0.0,18.0,0.11627906976744186,20030228_easy_ham.tar.bz2,ec99db5700c34381
0,3638.0,577.0,2.0,0.0,0.0,0.0,1.0,0.0,0.0,0.0,0.0,0.0,1.0,19.0,0.04298310066127847,20030228_easy_ham.tar.bz2,705a8e7bf10d7b10
0,845.0,145.0,0.0,0.0,0.0,0.0,0.0,0.0,0.0,0.0,0.0,0.0,0.0,39.0,0.05679862306368331,20030228_easy_ham.tar.bz2,ffde58fbb9104f53
0,605.0,112.0,1.0,0.0,0.0,0.0,0.0,0.0,0.0,0.0,0.0,0.0,0.0,31.0,0.15538847117794485,20030228_easy_ham.tar.bz2,8f0c6da38ea5b949
0,5490.0,901.0,0.0,0.0,0.0,0.0,0.0,0.0,0.0,0.0,0.0,0.0,1.0,93.0,0.05128205128205128,20030228_easy_ham.tar.bz2,beaa4bae6789df7b
0,13172.0,2024.0,8.0,0.0,0.0,0.0,0.0,1.0,0.0,0.0,0.0,0.0,0.0,22.0,0.06313448709271971,20030228_easy_ham.tar.bz2,febd542211e1d6e6
0,2596.0,335.0,0.0,0.0,0.0,0.0,0.0,0.0,0.0,0.0,0.0,0.0,0.0,26.0,0.05524518932340161,20030228_easy_ham.tar.bz2,5c0f756ae25c957b
0,150.0,29.0,0.0,0.0,0.0,0.0,0.0,0.0,0.0,0.0,0.0,0.0,0.0,97.0,0.05434782608695652,20030228_easy_ham.tar.bz2,59c1f5f79b07e6e5
0,4876.0,839.0,1.0,0.0,0.0,0.0,0.0,0.0,0.0,0.0,0.0,0.0,1.0,20.0,0.04635238346062681,20030228_easy_ham.tar.bz2,9417a9510880ea5a
0,5519.0,940.0,1.0,0.0,0.0,0.0,0.0,0.0,0.0,0.0,0.0,0.0,1.0,22.0,0.041676422383516744,20030228_easy_ham.tar.bz2,2a5e68372ba5d0aa
0,1522.0,254.0,1.0,0.0,0.0,0.0,0.0,0.0,0.0,0.0,0.0,0.0,0.0,55.0,0.061068702290076333,20030228_easy_ham.tar.bz2,eadce02431c33842
0,9005.0,1478.0,0.0,0.0,0.0,0.0,0.0,0.0,0.0,0.0,0.0,0.0,1.0,97.0,0.027781860943701307,20030228_easy_ham.tar.bz2,8b44e10db972b191
0,1777.0,275.0,0.0,0.0,0.0,0.0,0.0,0.0,0.0,0.0,0.0,0.0,0.0,39.0,0.027550260610573342,20030228_easy_ham.tar.bz2,25dbb0789ba4411e
0,1323.0,227.0,0.0,0.0,0.0,0.0,0.0,0.0,0.0,0.0,0.0,0.0,0.0,44.0,0.03153611393692777,20030228_easy_ham.tar.bz2,77b72e2d637d2d85
0,442.0,75.0,0.0,0.0,0.0,0.0,0.0,0.0,0.0,0.0,0.0,0.0,0.0,39.0,0.059006211180124224,20030228_easy_ham.tar.bz2,9a204b6031b4c08d
0,631.0,99.0,0.0,0.0,0.0,0.0,0.0,0.0,0.0,0.0,0.0,0.0,0.0,26.0,0.024742268041237112,20030228_easy_ham.tar.bz2,77054a70658303a0
0,1078.0,159.0,2.0,0.0,0.0,0.0,0.0,0.0,0.0,0.0,0.0,0.0,1.0,26.0,0.03636363636363636,20030228_easy_ham.tar.bz2,36ab5d111d03f3d3
0,2506.0,393.0,0.0,0.0,0.0,0.0,1.0,0.0,0.0,0.0,0.0,0.0,0.0,26.0,0.011970074812967581,20030228_easy_ham.tar.bz2,eadd26e2e69b4d39
0,2491.0,407.0,1.0,0.0,0.0,0.0,0.0,0.0,0.0,0.0,0.0,0.0,0.0,26.0,0.04538174052322477,20030228_easy_ham.tar.bz2,853fd8d4137ba511
0,714.0,108.0,0.0,0.0,0.0,0.0,0.0,0.0,0.0,0.0,0.0,0.0,0.0,26.0,0.03429602888086643,20030228_easy_ham.tar.bz2,7d7aae4e7f156fc9
0,2452.0,386.0,0.0,0.0,0.0,0.0,0.0,0.0,0.0,0.0,0.0,0.0,0.0,26.0,0.02133062468257999,20030228_easy_ham.tar.bz2,d3b7353ba5f6d631
0,539.0,81.0,0.0,0.0,0.0,0.0,0.0,0.0,0.0,0.0,0.0,0.0,1.0,26.0,0.019417475728155338,20030228_easy_ham.tar.bz2,c9984e433960e690
0,194.0,32.0,0.0,0.0,0.0,0.0,0.0,0.0,0.0,0.0,0.0,0.0,1.0,26.0,0.09302325581395349,20030228_easy_ham.tar.bz2,1b1357ebcf8685ae
0,242.0,43.0,0.0,0.0,0.0,0.0,0.0,0.0,0.0,0.0,0.0,0.0,0.0,26.0,0.06060606060606061,20030228_easy_ham.tar.bz2,3917f576b2e99ce7
0,450.0,70.0,0.0,0.0,0.0,0.0,0.0,0.0,0.0,0.0,0.0,0.0,1.0,26.0,0.12982456140350876,20030228_easy_ham.tar.bz2,5e42a477aa5e463c
0,6118.0,1006.0,1.0,0.0,0.0,0.0,0.0,0.0,0.0,0.0,0.0,0.0,0.0,26.0,0.031087001877738368,20030228_easy_ham.tar.bz2,395593f9dd7e81e5
0,4254.0,669.0,0.0,0.0,0.0,0.0,0.0,0.0,0.0,0.0,0.0,0.0,0.0,43.0,0.04417067307692308,20030228_easy_ham.tar.bz2,1f31c4dbee1baf4f
0,7026.0,1142.0,0.0,0.0,0.0,0.0,0.0,0.0,0.0,0.0,0.0,0.0,1.0,29.0,0.05000940026320737,20030228_easy_ham.tar.bz2,92e7a42ff8ddf920
0,819.0,137.0,0.0,0.0,0.0,0.0,0.0,0.0,0.0,0.0,0.0,0.0,1.0,26.0,0.07368421052631578,20030228_easy_ham.tar.bz2,e62c7c6cbf0e2d66
0,803.0,145.0,0.0,0.0,0.0,0.0,0.0,0.0,0.0,0.0,0.0,0.0,0.0,33.0,0.040336134453781515,20030228_easy_ham.tar.bz2,e3157734fd0b19ef
0,5022.0,781.0,5.0,0.0,0.0,0.0,0.0,0.0,0.0,0.0,0.0,0.0,0.0,39.0,0.032197977647684936,20030228_easy_ham.tar.bz2,68a85467c99b82e6
0,206.0,36.0,0.0,0.0,0.0,0.0,0.0,0.0,0.0,0.0,0.0,0.0,0.0,10.0,0.039735099337748346,20030228_easy_ham.tar.bz2,f9f1fd45ce08e11f
0,901.0,146.0,1.0,0.0,0.0,0.0,0.0,0.0,0.0,0.0,0.0,0.0,0.0,17.0,0.07296137339055794,20030228_easy_ham.tar.bz2,f9bc6f62174da754
0,1234.0,204.0,1.0,0.0,0.0,0.0,0.0,0.0,0.0,0.0,0.0,0.0,0.0,43.0,0.033632286995515695,20030228_easy_ham.tar.bz2,106e35b035243b19
0,1015.0,194.0,0.0,0.0,0.0,0.0,0.0,0.0,0.0,0.0,0.0,0.0,0.0,43.0,0.027202072538860103,20030228_easy_ham.tar.bz2,2fb3c25be3bcb9ea
0,466.0,79.0,3.0,0.0,0.0,0.0,0.0,0.0,0.0,0.0,0.0,0.0,0.0,41.0,0.05,20030228_easy_ham.tar.bz2,2553d59bf44e9293
0,7084.0,1165.0,0.0,0.0,0.0,0.0,1.0,0.0,0.0,0.0,0.0,0.0,1.0,97.0,0.055680119581464876,20030228_easy_ham.tar.bz2,db0ffcc4ce14b654
0,5491.0,857.0,1.0,0.0,0.0,0.0,0.0,0.0,0.0,0.0,0.0,0.0,1.0,47.0,0.04878048780487805,20030228_easy_ham.tar.bz2,4784ab164cf6a007
0,9390.0,1501.0,0.0,0.0,0.0,0.0,1.0,0.0,0.0,0.0,0.0,0.0,1.0,14.0,0.05847185768445611,20030228_easy_ham.tar.bz2,e1a34c513478a7fc
0,6315.0,1035.0,1.0,0.0,0.0,0.0,0.0,0.0,0.0,0.0,0.0,0.0,1.0,26.0,0.03392929703372613,20030228_easy_ham.tar.bz2,db7b9143b305e013
0,688.0,100.0,0.0,0.0,0.0,0.0,0.0,0.0,0.0,0.0,0.0,0.0,1.0,26.0,0.13975903614457832,20030228_easy_ham.tar.bz2,8f521c06c2ac66cf
0,708.0,112.0,0.0,0.0,0.0,0.0,0.0,0.0,0.0,0.0,0.0,0.0,1.0,26.0,0.09649122807017543,20030228_easy_ham.tar.bz2,cba2df6115cbe518
0,710.0,114.0,0.0,0.0,0.0,0.0,0.0,0.0,0.0,0.0,0.0,0.0,1.0,26.0,0.081799591002045,20030228_easy_ham.tar.bz2,b14dbb5613dabdee
0,1143.0,211.0,0.0,0.0,0.0,0.0,0.0,0.0,0.0,0.0,0.0,0.0,0.0,47.0,0.029782359679266894,20030228_easy_ham.tar.bz2,49e5fb84b695ba4f
0,358.0,52.0,1.0,0.0,0.0,0.0,0.0,0.0,0.0,0.0,0.0,0.0,1.0,26.0,0.11688311688311688,20030228_easy_ham.tar.bz2,3a87ac1c3a41ad20
0,390.0,61.0,1.0,0.0,0.0,0.0,0.0,0.0,0.0,0.0,0.0,0.0,0.0,26.0,0.046610169491525424,20030228_easy_ham.tar.bz2,62c48898269fc015
0,358.0,67.0,0.0,0.0,0.0,0.0,0.0,0.0,0.0,0.0,0.0,0.0,0.0,47.0,0.05813953488372093,20030228_easy_ham.tar.bz2,687748e11f9cebc6
0,1044.0,161.0,1.0,0.0,0.0,0.0,0.0,0.0,0.0,0.0,0.0,0.0,1.0,26.0,0.06224627875507442,20030228_easy_ham.tar.bz2,11c536ccf132b169
0,621.0,96.0,0.0,0.0,0.0,0.0,0.0,0.0,0.0,0.0,0.0,0.0,1.0,18.0,0.10070257611241218,20030228_easy_ham.tar.bz2,4a471ac9a3cb0b39
0,497.0,74.0,0.0,0.0,0.0,0.0,0.0,0.0,0.0,0.0,0.0,0.0,1.0,97.0,0.1044776119402985,20030228_easy_ham.tar.bz2,51d41ccc7e332995
0,1460.0,230.0,0.0,0.0,0.0,0.0,0.0,0.0,0.0,0.0,0.0,0.0,0.0,18.0,0.022887323943661973,20030228_easy_ham.tar.bz2,ef0cc5517e73e1b2
0,221.0,36.0,1.0,0.0,0.0,0.0,0.0,0.0,0.0,0.0,0.0,0.0,0.0,18.0,0.07228915662650602,20030228_easy_ham.tar.bz2,7836a349289d5188
0,168.0,29.0,0.0,0.0,0.0,0.0,0.0,0.0,0.0,0.0,0.0,0.0,0.0,22.0,0.07142857142857142,20030228_easy_ham.tar.bz2,55a348d3918dba61
0,2140.0,338.0,0.0,0.0,0.0,0.0,0.0,0.0,0.0,0.0,0.0,0.0,0.0,22.0,0.034650455927051675,20030228_easy_ham.tar.bz2,83f98b22d76f6cd2
0,255.0,43.0,0.0,0.0,0.0,0.0,0.0,0.0,0.0,0.0,0.0,0.0,0.0,43.0,0.022727272727272728,20030228_easy_ham.tar.bz2,34ac2fa96a3af353
0,478.0,85.0,0.0,0.0,0.0,0.0,0.0,0.0,0.0,0.0,0.0,0.0,0.0,17.0,0.040345821325648415,20030228_easy_ham.tar.bz2,fd9c35161359990f
0,255.0,32.0,3.0,0.0,0.0,0.0,0.0,0.0,0.0,0.0,0.0,0.0,0.0,28.0,0.06818181818181818,20030228_easy_ham.tar.bz2,8f63d546b441ecfc
0,35014.0,5791.0,1.0,0.0,0.0,0.0,1.0,0.0,0.0,0.0,0.0,0.0,1.0,20.0,0.033786449553459344,20030228_easy_ham.tar.bz2,620aa52eb0a4b580
0,821.0,126.0,0.0,0.0,0.0,0.0,0.0,0.0,0.0,0.0,0.0,0.0,0.0,22.0,0.03764320785597381,20030228_easy_ham.tar.bz2,abd70efbef19c748
0,1626.0,268.0,2.0,0.0,0.0,0.0,0.0,0.0,0.0,0.0,0.0,0.0,0.0,39.0,0.03897254207263064,20030228_easy_ham.tar.bz2,639be331dad56c28
0,455.0,70.0,0.0,0.0,0.0,0.0,0.0,0.0,0.0,0.0,0.0,0.0,0.0,22.0,0.0924092409240924,20030228_easy_ham.tar.bz2,70a8bbfc6e4a18dc
0,1355.0,235.0,0.0,0.0,0.0,0.0,0.0,0.0,0.0,0.0,0.0,0.0,0.0,22.0,0.023010546500479387,20030228_easy_ham.tar.bz2,6673af9ec573528f
0,2926.0,482.0,0.0,0.0,0.0,0.0,0.0,0.0,0.0,0.0,0.0,0.0,0.0,48.0,0.02589555459646094,20030228_easy_ham.tar.bz2,2783c37878dcdef0
0,2823.0,432.0,0.0,0.0,0.0,0.0,0.0,0.0,0.0,0.0,0.0,0.0,0.0,22.0,0.03844282238442823,20030228_easy_ham.tar.bz2,b5c09dcb1956f599
0,441.0,75.0,0.0,0.0,0.0,0.0,0.0,0.0,0.0,0.0,0.0,0.0,0.0,43.0,0.03582089552238806,20030228_easy_ham.tar.bz2,dfd17bf1bcf0809e
0,478.0,81.0,0.0,0.0,0.0,0.0,0.0,0.0,0.0,0.0,0.0,0.0,0.0,42.0,0.04371584699453552,20030228_easy_ham.tar.bz2,ba3f4de0d318b257
0,385.0,65.0,0.0,0.0,0.0,0.0,0.0,0.0,0.0,0.0,0.0,0.0,0.0,46.0,0.05693950177935943,20030228_easy_ham.tar.bz2,bc6be553aa871977
0,687.0,108.0,1.0,1.0,0.0,0.0,0.0,0.0,0.0,0.0,0.0,0.0,0.0,21.0,0.009124087591240875,20030228_easy_ham.tar.bz2,414618c543ac9cfd
0,2662.0,428.0,0.0,0.0,0.0,0.0,0.0,0.0,0.0,0.0,0.0,0.0,1.0,43.0,0.07464324917672886,20030228_easy_ham.tar.bz2,d26506fea97c936f
0,1341.0,217.0,3.0,0.0,0.0,0.0,0.0,0.0,0.0,0.0,0.0,0.0,0.0,40.0,0.04660194174757282,20030228_easy_ham.tar.bz2,2ff6f161c5763f4f
0,527.0,92.0,0.0,0.0,0.0,0.0,0.0,0.0,0.0,0.0,0.0,0.0,0.0,43.0,0.0633245382585752,20030228_easy_ham.tar.bz2,73257e35b4350fe9
0,1423.0,231.0,0.0,0.0,0.0,0.0,0.0,0.0,0.0,0.0,0.0,0.0,0.0,33.0,0.012389380530973451,20030228_easy_ham.tar.bz2,1c10b9a1f8dda06d
0,5973.0,922.0,2.0,0.0,0.0,0.0,0.0,0.0,0.0,0.0,0.0,0.0,1.0,48.0,0.029436860068259386,20030228_easy_ham.tar.bz2,db8df11193912c85
0,5158.0,829.0,4.0,0.0,0.0,0.0,0.0,0.0,0.0,0.0,0.0,0.0,1.0,52.0,0.02657307595888694,20030228_easy_ham.tar.bz2,659b77dead458210
0,2419.0,380.0,0.0,0.0,0.0,0.0,0.0,0.0,0.0,0.0,0.0,0.0,0.0,9.0,0.025343189017951427,20030228_easy_ham.tar.bz2,431de39e0bae2062
0,872.0,165.0,0.0,0.0,0.0,0.0,0.0,0.0,0.0,0.0,0.0,0.0,0.0,44.0,0.05522388059701493,20030228_easy_ham.tar.bz2,44b818958250a3ca
0,379.0,65.0,0.0,0.0,0.0,0.0,0.0,0.0,0.0,0.0,0.0,0.0,0.0,33.0,0.053003533568904596,20030228_easy_ham.tar.bz2,e81ab1aecbfd3adf
0,1339.0,203.0,0.0,0.0,0.0,0.0,0.0,0.0,0.0,0.0,0.0,0.0,0.0,44.0,0.041176470588235294,20030228_easy_ham.tar.bz2,f10b207041913def
0,347.0,66.0,0.0,0.0,0.0,0.0,0.0,0.0,0.0,0.0,0.0,0.0,0.0,42.0,0.06513409961685823,20030228_easy_ham.tar.bz2,104d357274e387ac
0,285.0,50.0,2.0,0.0,0.0,0.0,0.0,0.0,0.0,0.0,0.0,0.0,1.0,55.0,0.06965174129353234,20030228_easy_ham.tar.bz2,23fb0621b9d870b3
0,285.0,50.0,2.0,0.0,0.0,0.0,0.0,0.0,0.0,0.0,0.0,0.0,1.0,55.0,0.06965174129353234,20030228_easy_ham.tar.bz2,5c836b0229986f1c
0,366.0,64.0,1.0,0.0,0.0,0.0,0.0,0.0,0.0,0.0,0.0,0.0,1.0,46.0,0.0984251968503937,20030228_easy_ham.tar.bz2,aabc6723434ae290
0,201.0,34.0,0.0,0.0,0.0,0.0,0.0,0.0,0.0,0.0,0.0,0.0,0.0,46.0,0.05555555555555555,20030228_easy_ham.tar.bz2,9386edf683ea134d
0,903.0,143.0,1.0,0.0,0.0,0.0,0.0,0.0,0.0,0.0,0.0,0.0,1.0,44.0,0.05030487804878049,20030228_easy_ham.tar.bz2,b12d555f3e5b3d3b
0,548.0,98.0,1.0,0.0,0.0,0.0,0.0,0.0,0.0,0.0,0.0,0.0,0.0,46.0,0.10723192019950124,20030228_easy_ham.tar.bz2,bf00a3e875da3566
0,8408.0,1410.0,0.0,0.0,0.0,0.0,0.0,0.0,0.0,0.0,0.0,0.0,1.0,74.0,0.020531400966183576,20030228_easy_ham.tar.bz2,247d6bd2f5281197
0,1371.0,219.0,1.0,0.0,0.0,0.0,0.0,0.0,0.0,0.0,0.0,0.0,0.0,25.0,0.03048180924287119,20030228_easy_ham.tar.bz2,d3dfba8e2f07ed1a
0,451.0,77.0,0.0,0.0,0.0,0.0,0.0,0.0,0.0,0.0,0.0,0.0,0.0,55.0,0.1162079510703364,20030228_easy_ham.tar.bz2,b0fca44fab591fed
0,1381.0,245.0,0.0,0.0,0.0,0.0,0.0,0.0,0.0,0.0,0.0,0.0,0.0,16.0,0.0380859375,20030228_easy_ham.tar.bz2,4dba749ba535b4f0
0,2593.0,427.0,4.0,0.0,0.0,0.0,0.0,0.0,0.0,0.0,0.0,0.0,0.0,55.0,0.04808635917566242,20030228_easy_ham.tar.bz2,287da9fec72176c6
0,2961.0,505.0,0.0,0.0,0.0,0.0,0.0,0.0,0.0,0.0,0.0,0.0,0.0,50.0,0.019332161687170474,20030228_easy_ham.tar.bz2,161a7c2a2c9b7bc7
0,3697.0,623.0,0.0,0.0,0.0,0.0,0.0,0.0,0.0,0.0,0.0,0.0,0.0,54.0,0.020356234096692113,20030228_easy_ham.tar.bz2,a6248b254e384c2f
0,2330.0,383.0,2.0,0.0,0.0,0.0,0.0,0.0,0.0,0.0,0.0,0.0,1.0,54.0,0.030267753201396973,20030228_easy_ham.tar.bz2,effd83e534646faa
0,1446.0,239.0,1.0,0.0,0.0,0.0,0.0,0.0,0.0,0.0,0.0,0.0,1.0,54.0,0.04748603351955307,20030228_easy_ham.tar.bz2,f8c7e9e40f53c33a
0,738.0,129.0,1.0,0.0,0.0,0.0,0.0,0.0,0.0,0.0,0.0,0.0,0.0,54.0,0.03571428571428571,20030228_easy_ham.tar.bz2,411e621ed578101f
0,609.0,95.0,2.0,0.0,0.0,0.0,0.0,0.0,0.0,0.0,0.0,0.0,1.0,54.0,0.05755395683453238,20030228_easy_ham.tar.bz2,de59ddca6fc4c1cc
0,925.0,167.0,0.0,0.0,0.0,0.0,0.0,0.0,0.0,0.0,0.0,0.0,0.0,27.0,0.040229885057471264,20030228_easy_ham.tar.bz2,d9df281a3909ecaf
0,2255.0,394.0,0.0,0.0,0.0,0.0,0.0,0.0,0.0,0.0,0.0,0.0,0.0,54.0,0.028868360277136258,20030228_easy_ham.tar.bz2,ce21e9cb50cd9238
0,618.0,111.0,2.0,0.0,0.0,0.0,0.0,0.0,0.0,0.0,0.0,0.0,0.0,31.0,0.05069124423963134,20030228_easy_ham.tar.bz2,4c034ea215b977f5
0,61.0,7.0,1.0,0.0,0.0,0.0,0.0,0.0,0.0,0.0,0.0,0.0,0.0,49.0,0.0,20030228_easy_ham.tar.bz2,d10d14b0203b0a8c
0,10869.0,1723.0,2.0,0.0,0.0,0.0,1.0,0.0,0.0,0.0,0.0,0.0,0.0,66.0,0.032685004028081485,20030228_easy_ham.tar.bz2,20d09e429c7337e6
0,1826.0,294.0,1.0,0.0,0.0,0.0,0.0,0.0,0.0,0.0,0.0,0.0,0.0,53.0,0.021232876712328767,20030228_easy_ham.tar.bz2,c97806622ae761a0
0,1437.0,238.0,0.0,0.0,0.0,0.0,1.0,0.0,0.0,0.0,0.0,0.0,0.0,53.0,0.021621621621621623,20030228_easy_ham.tar.bz2,d25ec8457d72abe1
0,4457.0,750.0,1.0,0.0,0.0,0.0,0.0,0.0,0.0,0.0,0.0,0.0,0.0,56.0,0.05172413793103448,20030228_easy_ham.tar.bz2,20575e1286cdcfce
0,468.0,71.0,0.0,0.0,0.0,0.0,0.0,0.0,0.0,0.0,0.0,0.0,0.0,53.0,0.019021739130434784,20030228_easy_ham.tar.bz2,bbf11b293a5251bb
0,1163.0,186.0,0.0,0.0,0.0,0.0,1.0,0.0,0.0,0.0,0.0,0.0,0.0,53.0,0.016556291390728478,20030228_easy_ham.tar.bz2,13ea1e101c758444
0,115.0,17.0,1.0,0.0,0.0,0.0,0.0,0.0,0.0,0.0,0.0,0.0,0.0,18.0,0.023809523809523808,20030228_easy_ham.tar.bz2,c94fff090343499e
0,2007.0,327.0,0.0,0.0,0.0,0.0,0.0,0.0,0.0,0.0,0.0,0.0,0.0,60.0,0.03594351732991014,20030228_easy_ham.tar.bz2,b66c23abfb3836bd
0,566.0,85.0,2.0,0.0,0.0,0.0,0.0,0.0,0.0,0.0,0.0,0.0,0.0,53.0,0.0380952380952381,20030228_easy_ham.tar.bz2,8146a219e8b8d44e
0,1112.0,175.0,0.0,0.0,0.0,0.0,0.0,0.0,0.0,0.0,0.0,0.0,0.0,56.0,0.04945717732207479,20030228_easy_ham.tar.bz2,f7ae869dc4dfd3a4
0,1594.0,250.0,0.0,0.0,0.0,0.0,0.0,0.0,0.0,0.0,0.0,0.0,0.0,53.0,0.043697478991596636,20030228_easy_ham.tar.bz2,66bc1c813667c1a5
0,1367.0,225.0,0.0,0.0,0.0,0.0,0.0,0.0,0.0,0.0,0.0,0.0,0.0,53.0,0.049951969260326606,20030228_easy_ham.tar.bz2,2d0a040a9c7fb894
0,592.0,92.0,0.0,0.0,0.0,0.0,0.0,0.0,0.0,0.0,0.0,0.0,1.0,60.0,0.0196078431372549,20030228_easy_ham.tar.bz2,08c428a2146c2e18
0,1403.0,227.0,0.0,0.0,0.0,0.0,0.0,0.0,0.0,0.0,0.0,0.0,0.0,53.0,0.02631578947368421,20030228_easy_ham.tar.bz2,2c4ce8c2fd114dee
0,1571.0,250.0,0.0,0.0,0.0,0.0,0.0,0.0,0.0,0.0,0.0,0.0,1.0,56.0,0.04366438356164384,20030228_easy_ham.tar.bz2,44cf69945a7f54e6
0,515.0,90.0,0.0,0.0,0.0,0.0,0.0,0.0,0.0,0.0,0.0,0.0,1.0,60.0,0.018229166666666668,20030228_easy_ham.tar.bz2,b97546973e104d2e
0,1519.0,245.0,0.0,0.0,0.0,0.0,0.0,0.0,0.0,0.0,0.0,0.0,0.0,54.0,0.020018198362147407,20030228_easy_ham.tar.bz2,b9aa8ffedcf5875b
0,632.0,99.0,0.0,0.0,0.0,0.0,0.0,0.0,0.0,0.0,0.0,0.0,1.0,53.0,0.03805496828752643,20030228_easy_ham.tar.bz2,64bd31f3621b3fc4
0,561.0,96.0,0.0,0.0,0.0,0.0,0.0,0.0,0.0,0.0,0.0,0.0,0.0,31.0,0.02830188679245283,20030228_easy_ham.tar.bz2,f52be312c95914e3
0,1315.0,220.0,0.0,0.0,0.0,0.0,0.0,0.0,0.0,0.0,0.0,0.0,0.0,60.0,0.03389830508474576,20030228_easy_ham.tar.bz2,d9b63893b6c90c4d
0,3678.0,622.0,0.0,0.0,0.0,0.0,0.0,0.0,0.0,0.0,0.0,0.0,0.0,56.0,0.03926512968299712,20030228_easy_ham.tar.bz2,613812710a35a797
0,2154.0,355.0,0.0,0.0,0.0,0.0,0.0,0.0,0.0,0.0,0.0,0.0,0.0,54.0,0.040880503144654086,20030228_easy_ham.tar.bz2,0677ffc930a1ccd2
0,639.0,96.0,1.0,0.0,0.0,0.0,0.0,0.0,0.0,0.0,0.0,0.0,0.0,69.0,0.05442176870748299,20030228_easy_ham.tar.bz2,1128e6c8373a2d57
0,6990.0,1202.0,1.0,0.0,0.0,0.0,0.0,0.0,0.0,0.0,0.0,0.0,0.0,47.0,0.04342387419585418,20030228_easy_ham.tar.bz2,4de2eb8c335d1d33
0,644.0,113.0,1.0,0.0,0.0,0.0,0.0,0.0,0.0,0.0,0.0,0.0,0.0,17.0,0.09465020576131687,20030228_easy_ham.tar.bz2,a97b3b59b1f5f075
0,1577.0,272.0,1.0,0.0,0.0,0.0,0.0,0.0,0.0,0.0,0.0,0.0,0.0,27.0,0.030278232405891982,20030228_easy_ham.tar.bz2,960235f84c00991e
0,89.0,13.0,1.0,0.0,0.0,0.0,0.0,0.0,0.0,0.0,0.0,0.0,0.0,33.0,0.014285714285714285,20030228_easy_ham.tar.bz2,00c6b5c94456c635
0,7531.0,1247.0,2.0,0.0,0.0,0.0,0.0,0.0,0.0,0.0,0.0,0.0,1.0,51.0,0.046419327006039686,20030228_easy_ham.tar.bz2,cbf01f131f8f20a7
0,1723.0,268.0,1.0,0.0,0.0,0.0,0.0,0.0,0.0,0.0,0.0,0.0,0.0,69.0,0.03688853247794707,20030228_easy_ham.tar.bz2,6b4e79c5eb80687f
0,328.0,56.0,1.0,0.0,0.0,0.0,0.0,0.0,0.0,0.0,0.0,0.0,0.0,22.0,0.07853403141361257,20030228_easy_ham.tar.bz2,317ec12088bc1e78
0,874.0,133.0,1.0,0.0,0.0,0.0,0.0,0.0,0.0,0.0,0.0,0.0,0.0,22.0,0.08797127468581688,20030228_easy_ham.tar.bz2,6dbf5a4bdb7e4b9d
0,332.0,52.0,1.0,0.0,0.0,0.0,0.0,0.0,0.0,0.0,0.0,0.0,0.0,22.0,0.07563025210084033,20030228_easy_ham.tar.bz2,824aba7d6d353459
0,840.0,130.0,0.0,0.0,0.0,0.0,0.0,0.0,0.0,0.0,0.0,0.0,0.0,27.0,0.06688963210702341,20030228_easy_ham.tar.bz2,815eb0060e15adf7
0,1112.0,174.0,0.0,0.0,0.0,0.0,0.0,0.0,0.0,0.0,0.0,0.0,0.0,30.0,0.07190412782956059,20030228_easy_ham.tar.bz2,a2b5713388244392
0,794.0,127.0,3.0,0.0,0.0,0.0,0.0,0.0,0.0,0.0,0.0,0.0,1.0,22.0,0.08440366972477065,20030228_easy_ham.tar.bz2,0062bd836b2a0ec5
0,1918.0,332.0,1.0,0.0,0.0,0.0,0.0,0.0,0.0,0.0,0.0,0.0,0.0,14.0,0.03355704697986577,20030228_easy_ham.tar.bz2,e039af0eaf429da3
0,787.0,122.0,0.0,0.0,0.0,0.0,0.0,0.0,0.0,0.0,0.0,0.0,0.0,29.0,0.04991680532445923,20030228_easy_ham.tar.bz2,269e9923efa1a3a9
0,2451.0,393.0,1.0,0.0,0.0,0.0,0.0,0.0,0.0,0.0,0.0,0.0,0.0,14.0,0.04374614910659273,20030228_easy_ham.tar.bz2,78274e7bec07311c
0,727.0,113.0,1.0,0.0,0.0,0.0,0.0,0.0,0.0,0.0,0.0,0.0,1.0,25.0,0.03571428571428571,20030228_easy_ham.tar.bz2,20f4209e21ea252a
0,1847.0,258.0,1.0,0.0,0.0,0.0,0.0,0.0,0.0,0.0,0.0,0.0,0.0,11.0,0.0494579945799458,20030228_easy_ham.tar.bz2,984eb118f2e0f58d
0,364.0,62.0,0.0,0.0,0.0,0.0,0.0,0.0,0.0,0.0,0.0,0.0,0.0,15.0,0.13962264150943396,20030228_easy_ham.tar.bz2,13678498e6cbdb01
0,1659.0,284.0,2.0,0.0,0.0,0.0,0.0,0.0,0.0,0.0,0.0,0.0,1.0,46.0,0.08532423208191127,20030228_easy_ham.tar.bz2,ca4ca729728f3363
0,1297.0,206.0,2.0,0.0,0.0,0.0,0.0,0.0,0.0,0.0,0.0,0.0,1.0,10.0,0.03676470588235294,20030228_easy_ham.tar.bz2,562cefd935277437
0,2327.0,394.0,3.0,0.0,0.0,0.0,0.0,0.0,0.0,0.0,0.0,0.0,0.0,15.0,0.041666666666666664,20030228_easy_ham.tar.bz2,ed8457ebadc86d06
0,396.0,72.0,0.0,0.0,0.0,0.0,0.0,0.0,0.0,0.0,0.0,0.0,0.0,15.0,0.03754266211604096,20030228_easy_ham.tar.bz2,bec4d74ce6b246f1
0,640.0,98.0,0.0,0.0,0.0,0.0,0.0,0.0,0.0,0.0,0.0,0.0,1.0,14.0,0.055944055944055944,20030228_easy_ham.tar.bz2,620a17e735dd35cd
0,524.0,77.0,2.0,0.0,0.0,0.0,0.0,0.0,0.0,0.0,0.0,0.0,0.0,15.0,0.06593406593406594,20030228_easy_ham.tar.bz2,8bb3820130973e4f
0,3338.0,501.0,3.0,0.0,0.0,0.0,0.0,0.0,0.0,0.0,0.0,0.0,1.0,29.0,0.04178615321589513,20030228_easy_ham.tar.bz2,89cb96b9d9df25a7
0,1622.0,274.0,0.0,0.0,0.0,0.0,0.0,0.0,0.0,0.0,0.0,0.0,1.0,15.0,0.022203947368421052,20030228_easy_ham.tar.bz2,97a8a9609104e31a
0,1304.0,230.0,2.0,0.0,0.0,0.0,0.0,0.0,0.0,0.0,0.0,0.0,0.0,14.0,0.0374037403740374,20030228_easy_ham.tar.bz2,5484b9bb33239866
0,3865.0,598.0,0.0,0.0,0.0,0.0,0.0,0.0,0.0,0.0,0.0,0.0,1.0,29.0,0.029280055115397864,20030228_easy_ham.tar.bz2,58398e771e1b73e5
0,460.0,74.0,0.0,0.0,0.0,0.0,0.0,0.0,0.0,0.0,0.0,0.0,1.0,15.0,0.043478260869565216,20030228_easy_ham.tar.bz2,3bec08eaeaf5f93c
0,548.0,81.0,0.0,0.0,0.0,0.0,0.0,0.0,0.0,0.0,0.0,0.0,1.0,15.0,0.061971830985915494,20030228_easy_ham.tar.bz2,85ab563843542023
0,1731.0,264.0,3.0,0.0,0.0,0.0,0.0,0.0,0.0,0.0,0.0,0.0,1.0,29.0,0.10044052863436123,20030228_easy_ham.tar.bz2,6120f16798f90e46
0,385.0,55.0,1.0,0.0,0.0,0.0,0.0,0.0,0.0,0.0,0.0,0.0,0.0,14.0,0.0653061224489796,20030228_easy_ham.tar.bz2,be30dd9825a436fd
0,1940.0,372.0,0.0,0.0,0.0,0.0,0.0,0.0,0.0,0.0,0.0,0.0,0.0,14.0,0.027303754266211604,20030228_easy_ham.tar.bz2,0ebddffa71354d86
0,529.0,78.0,0.0,0.0,0.0,0.0,0.0,0.0,0.0,0.0,0.0,0.0,1.0,29.0,0.11461318051575932,20030228_easy_ham.tar.bz2,629c0cd8dc58dfbc
0,2336.0,390.0,3.0,0.0,0.0,0.0,0.0,0.0,0.0,0.0,0.0,0.0,0.0,20.0,0.02928416485900217,20030228_easy_ham.tar.bz2,50e0b25fc438521f
0,4313.0,713.0,2.0,0.0,0.0,0.0,0.0,0.0,0.0,0.0,0.0,0.0,0.0,84.0,0.056473415440072096,20030228_easy_ham.tar.bz2,f7446c63585d7080
0,545.0,80.0,2.0,0.0,0.0,0.0,0.0,0.0,0.0,0.0,0.0,0.0,1.0,24.0,0.057441253263707574,20030228_easy_ham.tar.bz2,4ed01e70c5764d92
0,1861.0,370.0,1.0,0.0,0.0,0.0,0.0,0.0,0.0,0.0,0.0,0.0,0.0,13.0,0.026618705035971222,20030228_easy_ham.tar.bz2,dc210e2e7e57945a
0,509.0,88.0,0.0,0.0,0.0,0.0,0.0,0.0,0.0,0.0,0.0,0.0,0.0,24.0,0.07317073170731707,20030228_easy_ham.tar.bz2,730cce89dd14b6cb
0,1219.0,178.0,3.0,0.0,0.0,0.0,0.0,0.0,0.0,0.0,0.0,0.0,1.0,54.0,0.10179640718562874,20030228_easy_ham.tar.bz2,b59d713726133877
0,912.0,147.0,0.0,0.0,0.0,0.0,0.0,0.0,0.0,0.0,0.0,0.0,1.0,24.0,0.07230769230769231,20030228_easy_ham.tar.bz2,b8ef0a92ac39e8f5
0,601.0,93.0,2.0,0.0,0.0,0.0,0.0,0.0,0.0,0.0,0.0,0.0,1.0,24.0,0.07971014492753623,20030228_easy_ham.tar.bz2,c4443e01e3b640a4
0,389.0,61.0,4.0,0.0,0.0,0.0,0.0,0.0,0.0,0.0,0.0,0.0,0.0,22.0,0.04182509505703422,20030228_easy_ham.tar.bz2,029137eb5e3bfaba
0,394.0,60.0,2.0,0.0,0.0,0.0,0.0,0.0,0.0,0.0,0.0,0.0,0.0,22.0,0.037800687285223365,20030228_easy_ham.tar.bz2,3c60ab1a05751dcd
0,342.0,53.0,2.0,0.0,0.0,0.0,0.0,0.0,0.0,0.0,0.0,0.0,0.0,22.0,0.040983606557377046,20030228_easy_ham.tar.bz2,191326b4512788b9
0,1908.0,273.0,6.0,0.0,0.0,0.0,0.0,0.0,0.0,0.0,0.0,0.0,1.0,58.0,0.08209538702111024,20030228_easy_ham.tar.bz2,088d5eaedbb851c6
0,607.0,95.0,3.0,0.0,0.0,0.0,0.0,0.0,0.0,0.0,0.0,0.0,1.0,44.0,0.07710280373831775,20030228_easy_ham.tar.bz2,4aee400f0bf80867
0,2268.0,380.0,4.0,0.0,0.0,0.0,0.0,0.0,0.0,0.0,0.0,0.0,0.0,40.0,0.0378567268491555,20030228_easy_ham.tar.bz2,321f2ea0b94570a5
0,3281.0,564.0,4.0,0.0,0.0,0.0,0.0,0.0,0.0,0.0,0.0,0.0,0.0,44.0,0.03908138597904915,20030228_easy_ham.tar.bz2,856e7230fe34d5b1
0,556.0,90.0,0.0,0.0,0.0,0.0,0.0,0.0,0.0,0.0,0.0,0.0,1.0,15.0,0.053164556962025315,20030228_easy_ham.tar.bz2,9eb230aa16b8d469
0,222.0,32.0,1.0,0.0,0.0,0.0,0.0,0.0,0.0,0.0,0.0,0.0,0.0,35.0,0.04964539007092199,20030228_easy_ham.tar.bz2,50139048e6f460d2
0,331.0,41.0,2.0,0.0,0.0,0.0,0.0,0.0,0.0,0.0,0.0,0.0,0.0,57.0,0.04950495049504951,20030228_easy_ham.tar.bz2,51afac8b8a093989
0,1667.0,284.0,0.0,0.0,0.0,0.0,0.0,0.0,0.0,0.0,0.0,0.0,1.0,15.0,0.05344827586206897,20030228_easy_ham.tar.bz2,3ab01e5bc4c656c1
0,321.0,57.0,2.0,0.0,0.0,0.0,0.0,0.0,0.0,0.0,0.0,0.0,1.0,40.0,0.08962264150943396,20030228_easy_ham.tar.bz2,78e00bd3a0dca7d3
0,2277.0,369.0,0.0,0.0,0.0,0.0,1.0,0.0,0.0,0.0,0.0,0.0,1.0,26.0,0.03167155425219941,20030228_easy_ham.tar.bz2,96d11a806f75ad24
0,1584.0,229.0,1.0,0.0,0.0,0.0,0.0,0.0,0.0,0.0,0.0,0.0,0.0,58.0,0.03721298495645289,20030228_easy_ham.tar.bz2,81fb76e174af8cad
0,495.0,82.0,3.0,0.0,0.0,0.0,0.0,0.0,0.0,0.0,0.0,0.0,0.0,64.0,0.052307692307692305,20030228_easy_ham.tar.bz2,ce31d13ae5cd5cd2
0,1923.0,267.0,1.0,0.0,0.0,0.0,0.0,0.0,0.0,0.0,0.0,0.0,1.0,62.0,0.04844290657439446,20030228_easy_ham.tar.bz2,956eef3fbbb57a30
0,964.0,164.0,0.0,0.0,0.0,0.0,0.0,0.0,0.0,0.0,0.0,0.0,0.0,14.0,0.08209959623149395,20030228_easy_ham.tar.bz2,8e5d29c1c830f1dd
0,802.0,133.0,2.0,0.0,0.0,0.0,0.0,0.0,0.0,0.0,0.0,0.0,1.0,44.0,0.06830122591943957,20030228_easy_ham.tar.bz2,d51da1ca49924f9f
0,765.0,124.0,0.0,0.0,0.0,0.0,0.0,0.0,0.0,0.0,0.0,0.0,0.0,44.0,0.027210884353741496,20030228_easy_ham.tar.bz2,b49c48445ef5b055
0,1307.0,192.0,3.0,0.0,0.0,0.0,0.0,0.0,0.0,0.0,0.0,0.0,0.0,61.0,0.04395604395604396,20030228_easy_ham.tar.bz2,d83a63b28f599bf6
0,15882.0,2417.0,1.0,0.0,0.0,0.0,0.0,0.0,1.0,0.0,0.0,0.0,0.0,24.0,0.02513479226133841,20030228_easy_ham.tar.bz2,e671576c549ed428
0,615.0,91.0,2.0,0.0,0.0,0.0,0.0,0.0,0.0,0.0,0.0,0.0,0.0,57.0,0.06118143459915612,20030228_easy_ham.tar.bz2,4c536b7ab6eb23dd
0,1078.0,163.0,2.0,0.0,0.0,0.0,0.0,0.0,0.0,0.0,0.0,0.0,0.0,61.0,0.06150061500615006,20030228_easy_ham.tar.bz2,8c65eab4e1c30817
0,2676.0,395.0,2.0,0.0,0.0,0.0,0.0,0.0,0.0,0.0,0.0,0.0,0.0,61.0,0.0554675118858954,20030228_easy_ham.tar.bz2,75ec783925c803c6
0,1646.0,242.0,2.0,0.0,0.0,0.0,0.0,0.0,0.0,0.0,0.0,0.0,0.0,61.0,0.06465517241379311,20030228_easy_ham.tar.bz2,66f8e0ddf849c607
0,193.0,28.0,0.0,0.0,0.0,0.0,0.0,0.0,0.0,0.0,0.0,0.0,1.0,61.0,0.05970149253731343,20030228_easy_ham.tar.bz2,4df5794e499f2f52
0,404.0,73.0,0.0,0.0,0.0,0.0,0.0,0.0,0.0,0.0,0.0,0.0,0.0,61.0,0.03389830508474576,20030228_easy_ham.tar.bz2,19e0ad6c651760e1
0,737.0,124.0,0.0,0.0,0.0,0.0,0.0,0.0,0.0,0.0,0.0,0.0,0.0,61.0,0.09142857142857143,20030228_easy_ham.tar.bz2,4ddd5be6a55aa2e0
0,833.0,140.0,0.0,0.0,0.0,0.0,0.0,0.0,0.0,0.0,0.0,0.0,0.0,61.0,0.03307086614173228,20030228_easy_ham.tar.bz2,667c8505092491a5
0,1014.0,168.0,0.0,0.0,0.0,0.0,0.0,0.0,0.0,0.0,0.0,0.0,0.0,61.0,0.06167979002624672,20030228_easy_ham.tar.bz2,ac16b1789c88810d
0,532.0,94.0,0.0,0.0,0.0,0.0,0.0,0.0,0.0,0.0,0.0,0.0,0.0,61.0,0.06015037593984962,20030228_easy_ham.tar.bz2,21c39a606f278487
0,1959.0,362.0,0.0,0.0,0.0,0.0,0.0,1.0,0.0,0.0,0.0,0.0,0.0,28.0,0.026192075218267292,20030228_easy_ham.tar.bz2,852f30373f3cfaba
0,1292.0,237.0,0.0,0.0,0.0,0.0,0.0,0.0,0.0,0.0,0.0,0.0,0.0,28.0,0.03991130820399113,20030228_easy_ham.tar.bz2,aae5b57adee6d7e8
0,423.0,82.0,0.0,0.0,0.0,0.0,0.0,0.0,0.0,0.0,0.0,0.0,0.0,28.0,0.04234527687296417,20030228_easy_ham.tar.bz2,5d143d71a50e1110
0,887.0,152.0,1.0,0.0,0.0,0.0,0.0,0.0,0.0,0.0,0.0,0.0,0.0,23.0,0.02635658914728682,20030228_easy_ham.tar.bz2,ae70daa36d30bd2d
0,1444.0,235.0,0.0,0.0,0.0,0.0,0.0,0.0,0.0,0.0,0.0,0.0,1.0,40.0,0.03330068560235064,20030228_easy_ham.tar.bz2,381aadc7e9fe9ae0
0,480.0,83.0,3.0,0.0,0.0,0.0,0.0,0.0,0.0,0.0,0.0,0.0,0.0,22.0,0.02710843373493976,20030228_easy_ham.tar.bz2,0980bc3093ad341c
0,852.0,142.0,3.0,0.0,0.0,0.0,0.0,0.0,0.0,0.0,0.0,0.0,0.0,26.0,0.05132743362831858,20030228_easy_ham.tar.bz2,150777cdc7b738ff
0,1518.0,262.0,0.0,0.0,0.0,0.0,0.0,0.0,0.0,0.0,0.0,0.0,0.0,28.0,0.03168685927306617,20030228_easy_ham.tar.bz2,c22c37bd58b19c6d
0,2196.0,364.0,0.0,0.0,0.0,0.0,0.0,0.0,0.0,0.0,0.0,0.0,0.0,31.0,0.03806451612903226,20030228_easy_ham.tar.bz2,ccffc2ffc9248737
0,2680.0,444.0,0.0,0.0,0.0,0.0,0.0,0.0,0.0,0.0,0.0,0.0,0.0,40.0,0.03198494825964252,20030228_easy_ham.tar.bz2,241cf9064ddb13a2
0,1661.0,232.0,0.0,0.0,0.0,0.0,0.0,0.0,0.0,0.0,0.0,0.0,0.0,45.0,0.011747430249632892,20030228_easy_ham.tar.bz2,4e1136e8a7094c82
0,342.0,58.0,1.0,0.0,0.0,0.0,0.0,0.0,0.0,0.0,0.0,0.0,0.0,11.0,0.03065134099616858,20030228_easy_ham.tar.bz2,712bfb171607abf9
0,2884.0,493.0,1.0,0.0,0.0,0.0,0.0,0.0,0.0,0.0,0.0,0.0,0.0,63.0,0.037054409005628515,20030228_easy_ham.tar.bz2,367d737523cedb0d
0,553.0,100.0,1.0,0.0,0.0,0.0,0.0,0.0,0.0,0.0,0.0,0.0,0.0,21.0,0.014354066985645933,20030228_easy_ham.tar.bz2,69bb55c0a17207dc
0,599.0,101.0,1.0,0.0,0.0,0.0,0.0,0.0,0.0,0.0,0.0,0.0,0.0,17.0,0.04943820224719101,20030228_easy_ham.tar.bz2,5d6a8c517ec35efe
0,223.0,39.0,1.0,0.0,0.0,0.0,0.0,0.0,0.0,0.0,0.0,0.0,0.0,17.0,0.05813953488372093,20030228_easy_ham.tar.bz2,28e91312866ad661
0,655.0,112.0,0.0,0.0,0.0,0.0,0.0,0.0,0.0,0.0,0.0,0.0,0.0,29.0,0.053061224489795916,20030228_easy_ham.tar.bz2,59a690f4c6b51a9f
0,912.0,157.0,1.0,0.0,0.0,0.0,0.0,0.0,0.0,0.0,0.0,0.0,0.0,29.0,0.04783258594917788,20030228_easy_ham.tar.bz2,4e517b109da38e95
0,1099.0,162.0,3.0,0.0,0.0,0.0,0.0,0.0,0.0,0.0,0.0,0.0,0.0,56.0,0.07503607503607504,20030228_easy_ham.tar.bz2,a2b06a12444aba70
0,1253.0,184.0,4.0,0.0,0.0,0.0,0.0,0.0,0.0,0.0,0.0,0.0,0.0,27.0,0.0425531914893617,20030228_easy_ham.tar.bz2,73c6844bf4953000
0,674.0,99.0,2.0,0.0,0.0,0.0,0.0,0.0,0.0,0.0,0.0,0.0,0.0,31.0,0.07373271889400922,20030228_easy_ham.tar.bz2,2d2ec3058b51c8f7
0,1667.0,249.0,3.0,0.0,0.0,0.0,0.0,0.0,0.0,0.0,0.0,0.0,0.0,43.0,0.06397896581945661,20030228_easy_ham.tar.bz2,308c96594b0e10f0
0,2474.0,393.0,2.0,0.0,0.0,0.0,0.0,0.0,0.0,0.0,0.0,0.0,0.0,22.0,0.06367254121660035,20030228_easy_ham.tar.bz2,73940ba5fadd4aab
0,998.0,147.0,2.0,0.0,0.0,0.0,0.0,0.0,0.0,0.0,0.0,0.0,0.0,43.0,0.04885496183206107,20030228_easy_ham.tar.bz2,667aba08eb6e0ff9
0,607.0,78.0,2.0,0.0,0.0,0.0,0.0,0.0,0.0,0.0,0.0,0.0,0.0,59.0,0.05817174515235457,20030228_easy_ham.tar.bz2,5c6899f66601b3df
0,1235.0,185.0,3.0,0.0,0.0,0.0,0.0,0.0,0.0,0.0,0.0,0.0,0.0,38.0,0.06439393939393939,20030228_easy_ham.tar.bz2,bf685791eef1c55f
0,931.0,145.0,0.0,0.0,0.0,0.0,0.0,0.0,0.0,0.0,0.0,0.0,0.0,49.0,0.038980509745127435,20030228_easy_ham.tar.bz2,88a0d1527d675e6f
0,20031.0,2837.0,3.0,0.0,0.0,0.0,0.0,0.0,0.0,0.0,0.0,0.0,0.0,34.0,0.06550962448721995,20030228_easy_ham.tar.bz2,7944c27d25d29dca
0,1574.0,264.0,0.0,0.0,0.0,0.0,0.0,0.0,0.0,0.0,0.0,0.0,0.0,34.0,0.04099060631938514,20030228_easy_ham.tar.bz2,c055883f96303cc6
0,437.0,62.0,1.0,0.0,0.0,0.0,0.0,0.0,0.0,0.0,0.0,0.0,0.0,38.0,0.10843373493975904,20030228_easy_ham.tar.bz2,6f1ce25c7571c8e4
0,21539.0,2906.0,3.0,0.0,0.0,0.0,0.0,0.0,0.0,0.0,0.0,0.0,0.0,38.0,0.06571870170015456,20030228_easy_ham.tar.bz2,ad0d27d0e5a995db
0,585.0,101.0,0.0,0.0,0.0,0.0,0.0,0.0,0.0,0.0,0.0,0.0,0.0,38.0,0.09198113207547169,20030228_easy_ham.tar.bz2,141335717b1c1733
0,20718.0,2947.0,3.0,0.0,0.0,0.0,0.0,0.0,0.0,0.0,0.0,0.0,0.0,38.0,0.06557477235225814,20030228_easy_ham.tar.bz2,d9289f3ebff4f5d2
0,1557.0,249.0,1.0,0.0,0.0,0.0,0.0,0.0,0.0,0.0,0.0,0.0,0.0,38.0,0.08085106382978724,20030228_easy_ham.tar.bz2,88db88fbe404b8e1
0,5555.0,818.0,1.0,0.0,0.0,0.0,1.0,0.0,0.0,0.0,0.0,0.0,1.0,53.0,0.034378629500580724,20030228_easy_ham.tar.bz2,57177a065b735843
0,1590.0,258.0,0.0,0.0,0.0,0.0,1.0,0.0,0.0,0.0,0.0,0.0,0.0,40.0,0.024284475281873375,20030228_easy_ham.tar.bz2,4402688f08973c04
0,1281.0,231.0,1.0,0.0,0.0,0.0,0.0,0.0,0.0,0.0,0.0,0.0,0.0,17.0,0.03296703296703297,20030228_easy_ham.tar.bz2,dbea5f758c9ef891
0,6445.0,1052.0,0.0,0.0,0.0,0.0,0.0,0.0,0.0,0.0,0.0,0.0,0.0,29.0,0.03726220827613257,20030228_easy_ham.tar.bz2,bbcd9e1dbf7f151d
0,38521.0,6122.0,4.0,0.0,0.0,0.0,1.0,0.0,0.0,0.0,0.0,0.0,0.0,47.0,0.03461604241491363,20030228_easy_ham.tar.bz2,eac71ca7460af443
0,12857.0,2076.0,2.0,0.0,0.0,0.0,0.0,0.0,0.0,0.0,0.0,0.0,1.0,63.0,0.037261790695198554,20030228_easy_ham.tar.bz2,cad39ab3b3a21de3
0,1064.0,163.0,2.0,0.0,0.0,0.0,0.0,0.0,0.0,0.0,0.0,0.0,1.0,39.0,0.09076923076923077,20030228_easy_ham.tar.bz2,5d711882cbacd4e2
0,1302.0,213.0,2.0,0.0,0.0,0.0,0.0,0.0,0.0,0.0,0.0,0.0,1.0,24.0,0.07901234567901234,20030228_easy_ham.tar.bz2,b90ffc310e34dce8
0,699.0,104.0,1.0,0.0,0.0,0.0,0.0,0.0,0.0,0.0,0.0,0.0,0.0,13.0,0.022727272727272728,20030228_easy_ham.tar.bz2,b675a14d5d0223cd
0,1249.0,209.0,2.0,0.0,0.0,0.0,0.0,0.0,0.0,0.0,0.0,0.0,1.0,17.0,0.06411837237977805,20030228_easy_ham.tar.bz2,5803cf0880900988
0,2278.0,410.0,0.0,0.0,0.0,0.0,0.0,0.0,0.0,0.0,0.0,0.0,1.0,17.0,0.05299860529986053,20030228_easy_ham.tar.bz2,ed0e5a1842e259d5
0,864.0,149.0,2.0,0.0,0.0,0.0,0.0,0.0,0.0,0.0,0.0,0.0,0.0,17.0,0.08333333333333333,20030228_easy_ham.tar.bz2,039bb4a153bc3c93
0,1595.0,264.0,1.0,0.0,0.0,0.0,0.0,0.0,0.0,0.0,0.0,0.0,1.0,17.0,0.03614457831325301,20030228_easy_ham.tar.bz2,5244cbbb53567e2e
0,982.0,158.0,1.0,0.0,0.0,0.0,0.0,0.0,0.0,0.0,0.0,0.0,0.0,17.0,0.04213938411669368,20030228_easy_ham.tar.bz2,3fe981462f9e4206
0,1161.0,198.0,2.0,0.0,0.0,0.0,0.0,0.0,0.0,0.0,0.0,0.0,1.0,17.0,0.06369426751592357,20030228_easy_ham.tar.bz2,c56a988579ed623b
0,802.0,123.0,2.0,0.0,0.0,0.0,0.0,0.0,0.0,0.0,0.0,0.0,0.0,24.0,0.041379310344827586,20030228_easy_ham.tar.bz2,913c7e255d260390
0,1116.0,190.0,1.0,0.0,0.0,0.0,0.0,0.0,0.0,0.0,0.0,0.0,1.0,39.0,0.03443708609271523,20030228_easy_ham.tar.bz2,d4e966837d058e70
0,1915.0,306.0,2.0,0.0,0.0,0.0,0.0,0.0,0.0,0.0,0.0,0.0,1.0,39.0,0.03968871595330739,20030228_easy_ham.tar.bz2,69f3d17ecfc4285a
0,2593.0,381.0,3.0,0.0,0.0,0.0,0.0,0.0,0.0,0.0,0.0,0.0,1.0,39.0,0.038922155688622756,20030228_easy_ham.tar.bz2,4a1deea5df2d6498
0,910.0,148.0,1.0,0.0,0.0,0.0,0.0,0.0,0.0,0.0,0.0,0.0,1.0,39.0,0.037953795379537955,20030228_easy_ham.tar.bz2,5ec125d6e854da5c
0,6833.0,1119.0,1.0,0.0,0.0,0.0,0.0,0.0,0.0,0.0,0.0,0.0,1.0,39.0,0.039991258741258744,20030228_easy_ham.tar.bz2,2ce6e065baa357fa
0,455.0,62.0,1.0,0.0,0.0,0.0,0.0,0.0,0.0,0.0,0.0,0.0,1.0,39.0,0.07662835249042145,20030228_easy_ham.tar.bz2,ab04cbc0bd0f5f9a
0,1128.0,193.0,1.0,0.0,0.0,0.0,0.0,0.0,0.0,0.0,0.0,0.0,1.0,24.0,0.03594351732991014,20030228_easy_ham.tar.bz2,2ff985dcb97e7929
0,740.0,121.0,2.0,0.0,0.0,0.0,0.0,0.0,0.0,0.0,0.0,0.0,1.0,24.0,0.08955223880597014,20030228_easy_ham.tar.bz2,726861a99a40ad5d
0,1638.0,248.0,1.0,0.0,0.0,0.0,0.0,0.0,0.0,0.0,0.0,0.0,1.0,24.0,0.0362453531598513,20030228_easy_ham.tar.bz2,597647566db7ff4a
0,2628.0,406.0,2.0,0.0,0.0,0.0,0.0,0.0,0.0,0.0,0.0,0.0,1.0,24.0,0.05730994152046784,20030228_easy_ham.tar.bz2,a5788ad6b351b258
0,1473.0,239.0,2.0,0.0,0.0,0.0,0.0,0.0,0.0,0.0,0.0,0.0,1.0,17.0,0.060756972111553786,20030228_easy_ham.tar.bz2,a96c0f7b08452831
0,2680.0,408.0,2.0,0.0,0.0,0.0,0.0,0.0,0.0,0.0,0.0,0.0,1.0,24.0,0.03329694323144105,20030228_easy_ham.tar.bz2,a5850ddc988ad20d
0,1142.0,192.0,2.0,0.0,0.0,0.0,0.0,0.0,0.0,0.0,0.0,0.0,1.0,24.0,0.06649282920469361,20030228_easy_ham.tar.bz2,12d17225e41b4972
0,2583.0,402.0,4.0,0.0,0.0,0.0,0.0,0.0,0.0,0.0,0.0,0.0,1.0,24.0,0.04638009049773756,20030228_easy_ham.tar.bz2,2f7910ec9a0cca5a
0,1649.0,275.0,2.0,0.0,0.0,0.0,0.0,0.0,0.0,0.0,0.0,0.0,1.0,24.0,0.04741744284504657,20030228_easy_ham.tar.bz2,5c11a07ef382d351
0,2127.0,335.0,2.0,0.0,0.0,0.0,0.0,0.0,0.0,0.0,0.0,0.0,1.0,24.0,0.03595206391478029,20030228_easy_ham.tar.bz2,13b780d3f98ae3e2
0,1225.0,189.0,1.0,0.0,0.0,0.0,0.0,0.0,0.0,0.0,0.0,0.0,0.0,44.0,0.08005427408412483,20030228_easy_ham.tar.bz2,a4538802c9b03be8
0,944.0,136.0,2.0,0.0,0.0,0.0,0.0,0.0,0.0,0.0,0.0,0.0,0.0,44.0,0.08983050847457627,20030228_easy_ham.tar.bz2,592619119af95453
0,1801.0,248.0,3.0,0.0,0.0,0.0,0.0,0.0,0.0,0.0,0.0,0.0,0.0,44.0,0.07552581261950286,20030228_easy_ham.tar.bz2,3027bfedaab11aba
0,4360.0,646.0,5.0,0.0,0.0,0.0,0.0,0.0,0.0,0.0,0.0,0.0,0.0,44.0,0.0704383664293743,20030228_easy_ham.tar.bz2,c8bd26cde77be784
0,828.0,137.0,1.0,0.0,0.0,0.0,0.0,0.0,0.0,0.0,0.0,0.0,0.0,53.0,0.02809917355371901,20030228_easy_ham.tar.bz2,f2515541e5d43b60
0,535.0,87.0,0.0,1.0,0.0,0.0,0.0,0.0,0.0,0.0,0.0,0.0,0.0,57.0,0.05912596401028278,20030228_easy_ham.tar.bz2,8e37d6f4a0ec84bf
0,581.0,90.0,1.0,0.0,0.0,0.0,0.0,0.0,0.0,0.0,0.0,1.0,0.0,7.0,0.03431372549019608,20030228_easy_ham.tar.bz2,d13b9c9a20cb8295
0,753.0,121.0,1.0,0.0,0.0,0.0,0.0,0.0,0.0,0.0,0.0,0.0,1.0,11.0,0.050387596899224806,20030228_easy_ham.tar.bz2,f2892ca2fe550555
0,480.0,71.0,1.0,0.0,0.0,0.0,0.0,0.0,0.0,0.0,0.0,1.0,0.0,11.0,0.027522935779816515,20030228_easy_ham.tar.bz2,af829fd2f08c3edd
0,1394.0,252.0,1.0,0.0,0.0,0.0,0.0,0.0,0.0,0.0,0.0,0.0,1.0,11.0,0.048254620123203286,20030228_easy_ham.tar.bz2,c761cedcd0689d8f
0,733.0,113.0,1.0,0.0,0.0,0.0,0.0,0.0,0.0,0.0,0.0,0.0,0.0,11.0,0.03563941299790356,20030228_easy_ham.tar.bz2,cdf22a15d1997c31
0,1245.0,216.0,1.0,0.0,0.0,0.0,0.0,0.0,0.0,0.0,0.0,0.0,0.0,25.0,0.027624309392265192,20030228_easy_ham.tar.bz2,e2245f6268640aad
0,897.0,144.0,1.0,0.0,0.0,0.0,0.0,0.0,0.0,0.0,0.0,1.0,0.0,11.0,0.03430531732418525,20030228_easy_ham.tar.bz2,95751972658848f0
0,563.0,85.0,1.0,0.0,0.0,0.0,0.0,0.0,0.0,0.0,0.0,1.0,0.0,11.0,0.04395604395604396,20030228_easy_ham.tar.bz2,33b656bdecfd9f6a
0,796.0,117.0,1.0,0.0,0.0,0.0,0.0,0.0,0.0,0.0,0.0,0.0,0.0,11.0,0.02394106813996317,20030228_easy_ham.tar.bz2,78ae4ccc99247e10
0,487.0,69.0,1.0,0.0,0.0,0.0,0.0,0.0,0.0,0.0,0.0,0.0,0.0,11.0,0.0576271186440678,20030228_easy_ham.tar.bz2,f7809a4d9b1e1a85
0,797.0,151.0,0.0,1.0,0.0,0.0,0.0,0.0,0.0,0.0,0.0,0.0,0.0,29.0,0.03494176372712146,20030228_easy_ham.tar.bz2,2554e6a1f317fa82
0,1524.0,229.0,2.0,0.0,0.0,0.0,0.0,0.0,0.0,0.0,0.0,0.0,0.0,33.0,0.06002143622722401,20030228_easy_ham.tar.bz2,9edd5fd2e549d6ba
0,525.0,80.0,0.0,1.0,0.0,0.0,0.0,0.0,0.0,0.0,0.0,0.0,0.0,11.0,0.0672782874617737,20030228_easy_ham.tar.bz2,0c0fe0a7345d5091
0,1048.0,167.0,2.0,0.0,0.0,0.0,0.0,0.0,0.0,0.0,0.0,0.0,1.0,11.0,0.054491899852724596,20030228_easy_ham.tar.bz2,91fa32c235258a94
0,1259.0,211.0,1.0,0.0,0.0,0.0,0.0,0.0,0.0,0.0,0.0,0.0,1.0,11.0,0.05868544600938967,20030228_easy_ham.tar.bz2,ab269c92dde9d090
0,608.0,82.0,1.0,0.0,0.0,0.0,0.0,0.0,0.0,0.0,0.0,0.0,0.0,11.0,0.03357314148681055,20030228_easy_ham.tar.bz2,e91bff447268e547
0,2192.0,359.0,2.0,0.0,0.0,0.0,0.0,0.0,0.0,0.0,0.0,0.0,1.0,11.0,0.04118404118404118,20030228_easy_ham.tar.bz2,9ace61891f6e3996
0,951.0,153.0,0.0,1.0,0.0,0.0,0.0,0.0,0.0,0.0,0.0,0.0,1.0,11.0,0.08121019108280254,20030228_easy_ham.tar.bz2,4e8926bfc3d7a2c3
0,508.0,67.0,1.0,0.0,0.0,0.0,0.0,0.0,0.0,0.0,0.0,0.0,1.0,11.0,0.05956112852664577,20030228_easy_ham.tar.bz2,fa6671458795adff
0,792.0,122.0,1.0,0.0,0.0,0.0,0.0,0.0,0.0,0.0,0.0,0.0,1.0,11.0,0.054249547920433995,20030228_easy_ham.tar.bz2,6879737f00af3532
0,1120.0,152.0,3.0,0.0,0.0,0.0,0.0,0.0,0.0,0.0,0.0,0.0,0.0,11.0,0.05099150141643059,20030228_easy_ham.tar.bz2,debddca249ee0606
0,741.0,133.0,0.0,1.0,0.0,0.0,0.0,0.0,0.0,0.0,0.0,0.0,0.0,11.0,0.053231939163498096,20030228_easy_ham.tar.bz2,e5637599e93824d2
0,933.0,148.0,1.0,0.0,0.0,0.0,0.0,0.0,0.0,0.0,0.0,1.0,1.0,11.0,0.04354587869362364,20030228_easy_ham.tar.bz2,547ba87d243ecc20
0,1449.0,239.0,2.0,0.0,0.0,0.0,0.0,0.0,0.0,0.0,0.0,0.0,1.0,11.0,0.053069719042663895,20030228_easy_ham.tar.bz2,9fd299d3780fbf01
0,1104.0,186.0,1.0,0.0,0.0,0.0,0.0,0.0,0.0,0.0,0.0,0.0,0.0,11.0,0.0375,20030228_easy_ham.tar.bz2,7a0af6c6ef306113
0,1385.0,223.0,4.0,0.0,0.0,0.0,0.0,0.0,0.0,0.0,0.0,0.0,0.0,13.0,0.05070118662351672,20030228_easy_ham.tar.bz2,0e8841c7284c00d1
0,1718.0,288.0,1.0,0.0,0.0,0.0,0.0,0.0,0.0,0.0,0.0,0.0,1.0,13.0,0.04055220017256255,20030228_easy_ham.tar.bz2,221f9ced01555e3a
0,781.0,139.0,0.0,0.0,0.0,0.0,0.0,0.0,0.0,0.0,0.0,0.0,0.0,13.0,0.044326241134751775,20030228_easy_ham.tar.bz2,c4064648e42d803b
0,1661.0,276.0,3.0,0.0,0.0,0.0,0.0,0.0,0.0,0.0,0.0,0.0,1.0,13.0,0.04497354497354497,20030228_easy_ham.tar.bz2,1f6c430699685542
0,1880.0,254.0,2.0,0.0,0.0,0.0,0.0,0.0,0.0,0.0,0.0,0.0,1.0,13.0,0.13674496644295303,20030228_easy_ham.tar.bz2,f89ae9fb128b8855
0,684.0,115.0,1.0,0.0,0.0,0.0,0.0,0.0,0.0,0.0,0.0,0.0,1.0,26.0,0.041237113402061855,20030228_easy_ham.tar.bz2,9b28993bb15e1a1d
0,1091.0,174.0,2.0,0.0,0.0,0.0,0.0,0.0,0.0,0.0,0.0,0.0,1.0,30.0,0.05405405405405406,20030228_easy_ham.tar.bz2,62a3c8fc22d86a81
0,1119.0,178.0,1.0,0.0,0.0,0.0,0.0,0.0,0.0,0.0,0.0,0.0,1.0,30.0,0.03221649484536082,20030228_easy_ham.tar.bz2,3cbeba6ef5a707fc
0,1481.0,245.0,1.0,0.0,0.0,0.0,0.0,0.0,0.0,0.0,0.0,0.0,1.0,30.0,0.0448654037886341,20030228_easy_ham.tar.bz2,08e0bc96729f0595
0,1027.0,180.0,1.0,0.0,0.0,0.0,0.0,0.0,0.0,0.0,0.0,0.0,0.0,56.0,0.04178272980501393,20030228_easy_ham.tar.bz2,a0b76a67dbc71130
0,751.0,120.0,1.0,0.0,0.0,0.0,0.0,0.0,0.0,0.0,0.0,0.0,0.0,60.0,0.03636363636363636,20030228_easy_ham.tar.bz2,30bf1d45a9d62da3
0,2159.0,372.0,1.0,0.0,0.0,0.0,0.0,0.0,0.0,0.0,0.0,0.0,1.0,60.0,0.022935779816513763,20030228_easy_ham.tar.bz2,66a5f1f9b3977114
0,783.0,124.0,1.0,0.0,0.0,0.0,0.0,0.0,0.0,0.0,0.0,0.0,1.0,30.0,0.047058823529411764,20030228_easy_ham.tar.bz2,57e30454dc70ac6e
0,1558.0,258.0,1.0,0.0,0.0,0.0,0.0,0.0,0.0,0.0,0.0,0.0,1.0,30.0,0.03864278982092366,20030228_easy_ham.tar.bz2,e6cfe6c11a5f9d94
0,802.0,133.0,1.0,0.0,0.0,0.0,0.0,0.0,0.0,0.0,0.0,0.0,0.0,60.0,0.019784172661870502,20030228_easy_ham.tar.bz2,475c384084f64a07
0,685.0,103.0,1.0,0.0,0.0,0.0,0.0,0.0,0.0,0.0,0.0,0.0,0.0,60.0,0.05856832971800434,20030228_easy_ham.tar.bz2,42399f1f616c3198
0,1180.0,202.0,1.0,0.0,0.0,0.0,0.0,0.0,0.0,0.0,0.0,0.0,0.0,30.0,0.04529201430274136,20030228_easy_ham.tar.bz2,d03c8c86981878e7
0,2294.0,370.0,1.0,0.0,0.0,0.0,0.0,0.0,0.0,0.0,0.0,0.0,1.0,30.0,0.04938271604938271,20030228_easy_ham.tar.bz2,1dfc4fc8df825ca3
0,1165.0,168.0,1.0,0.0,0.0,0.0,0.0,0.0,0.0,0.0,0.0,0.0,1.0,60.0,0.04725415070242656,20030228_easy_ham.tar.bz2,8bfe018e4672aa94
0,1705.0,275.0,1.0,0.0,0.0,0.0,0.0,0.0,0.0,0.0,0.0,1.0,0.0,30.0,0.044141252006420544,20030228_easy_ham.tar.bz2,3118ad9885794e2e
0,1068.0,129.0,1.0,0.0,0.0,0.0,0.0,0.0,0.0,0.0,0.0,0.0,0.0,20.0,0.06567164179104477,20030228_easy_ham.tar.bz2,95b65d0b05eccecc
0,1166.0,193.0,1.0,0.0,0.0,0.0,0.0,0.0,0.0,0.0,0.0,0.0,0.0,30.0,0.04,20030228_easy_ham.tar.bz2,ef82fbc45fb4cf80
0,1431.0,222.0,1.0,0.0,0.0,0.0,0.0,0.0,0.0,0.0,0.0,0.0,0.0,30.0,0.020872865275142316,20030228_easy_ham.tar.bz2,845e4b09a448917d
0,1676.0,243.0,1.0,0.0,0.0,0.0,0.0,0.0,0.0,0.0,0.0,0.0,1.0,24.0,0.05432780847145488,20030228_easy_ham.tar.bz2,3ffc99c5081efd65
0,1820.0,300.0,1.0,0.0,0.0,0.0,0.0,0.0,0.0,0.0,0.0,0.0,1.0,30.0,0.05101214574898785,20030228_easy_ham.tar.bz2,de88c57acfd23284
0,403.0,55.0,1.0,0.0,0.0,0.0,0.0,0.0,0.0,0.0,0.0,0.0,0.0,11.0,0.043010752688172046,20030228_easy_ham.tar.bz2,557de04c1004df80
0,1050.0,169.0,1.0,0.0,0.0,0.0,0.0,0.0,0.0,0.0,0.0,0.0,0.0,49.0,0.06940509915014165,20030228_easy_ham.tar.bz2,a487c46878a29382
0,399.0,54.0,1.0,0.0,0.0,0.0,0.0,0.0,0.0,0.0,0.0,0.0,0.0,48.0,0.021352313167259787,20030228_easy_ham.tar.bz2,c1863cc01f2e7c37
0,536.0,85.0,2.0,0.0,0.0,0.0,0.0,0.0,0.0,0.0,0.0,0.0,0.0,19.0,0.10755813953488372,20030228_easy_ham.tar.bz2,cc567ff795c147fa
0,1328.0,168.0,1.0,0.0,0.0,0.0,0.0,0.0,0.0,0.0,0.0,0.0,0.0,21.0,0.06200676437429538,20030228_easy_ham.tar.bz2,852e2a4a1908ad60
0,2776.0,433.0,3.0,0.0,0.0,0.0,0.0,0.0,0.0,0.0,0.0,0.0,1.0,60.0,0.030894308943089432,20030228_easy_ham.tar.bz2,d1df7a7279bc2889
0,503.0,74.0,1.0,0.0,0.0,0.0,0.0,0.0,0.0,0.0,0.0,0.0,1.0,36.0,0.05555555555555555,20030228_easy_ham.tar.bz2,d79bf8c1245dc84a
0,305.0,38.0,1.0,0.0,0.0,0.0,0.0,0.0,0.0,0.0,0.0,0.0,1.0,40.0,0.08426966292134831,20030228_easy_ham.tar.bz2,f45556ff0b1bb34f
0,891.0,136.0,3.0,0.0,0.0,0.0,0.0,0.0,0.0,0.0,0.0,0.0,1.0,27.0,0.05354330708661417,20030228_easy_ham.tar.bz2,ae7e94423a99754a
0,1148.0,180.0,3.0,0.0,0.0,0.0,0.0,0.0,0.0,0.0,0.0,0.0,1.0,27.0,0.05822784810126582,20030228_easy_ham.tar.bz2,e0f7817d2254b7d1
0,1618.0,252.0,2.0,0.0,0.0,0.0,0.0,0.0,0.0,0.0,0.0,0.0,1.0,27.0,0.07383773928896992,20030228_easy_ham.tar.bz2,6f449ed96b76760a
0,993.0,160.0,1.0,0.0,0.0,0.0,0.0,0.0,0.0,0.0,0.0,0.0,1.0,27.0,0.06417910447761194,20030228_easy_ham.tar.bz2,d2ef5377ba1a5cbf
0,1034.0,136.0,1.0,0.0,0.0,0.0,0.0,0.0,0.0,0.0,0.0,0.0,1.0,27.0,0.08051529790660225,20030228_easy_ham.tar.bz2,13fa583d3996cf28
0,1393.0,230.0,1.0,0.0,0.0,0.0,0.0,0.0,0.0,0.0,0.0,0.0,1.0,27.0,0.05452674897119342,20030228_easy_ham.tar.bz2,30128f2d7e54813f
0,1481.0,216.0,2.0,0.0,0.0,0.0,0.0,0.0,0.0,0.0,0.0,0.0,1.0,27.0,0.0513347022587269,20030228_easy_ham.tar.bz2,b7acb8144a95eb4f
0,2185.0,318.0,5.0,0.0,0.0,0.0,0.0,0.0,0.0,0.0,0.0,0.0,1.0,27.0,0.05539971949509116,20030228_easy_ham.tar.bz2,f95382b558ae3bc0
0,1112.0,173.0,1.0,0.0,0.0,0.0,0.0,0.0,0.0,0.0,0.0,0.0,1.0,27.0,0.050340136054421766,20030228_easy_ham.tar.bz2,af6e40038467e63b
0,3100.0,440.0,6.0,0.0,0.0,0.0,0.0,0.0,0.0,0.0,0.0,0.0,1.0,27.0,0.06190975865687303,20030228_easy_ham.tar.bz2,b911e7c05e7483c6
0,1018.0,147.0,1.0,0.0,0.0,0.0,0.0,0.0,0.0,0.0,0.0,0.0,1.0,27.0,0.0609375,20030228_easy_ham.tar.bz2,dabbbbea51f196a1
0,2469.0,402.0,1.0,1.0,0.0,0.0,0.0,0.0,0.0,0.0,0.0,0.0,1.0,27.0,0.0373675404350251,20030228_easy_ham.tar.bz2,704a0d0a2c40b455
0,3724.0,568.0,1.0,0.0,0.0,0.0,0.0,0.0,0.0,0.0,0.0,0.0,1.0,27.0,0.0381372942593336,20030228_easy_ham.tar.bz2,bc061646ff1f0345
0,1436.0,225.0,1.0,0.0,0.0,0.0,0.0,0.0,0.0,0.0,0.0,0.0,1.0,27.0,0.03343465045592705,20030228_easy_ham.tar.bz2,72898ceb83e61e60
0,1286.0,188.0,1.0,0.0,0.0,0.0,0.0,0.0,0.0,0.0,0.0,0.0,1.0,14.0,0.046539379474940336,20030228_easy_ham.tar.bz2,893beb9bebd4c74f
0,385.0,58.0,1.0,0.0,0.0,0.0,0.0,0.0,0.0,0.0,0.0,0.0,1.0,18.0,0.043137254901960784,20030228_easy_ham.tar.bz2,df05c182f1e3ef72
0,3752.0,560.0,1.0,0.0,0.0,0.0,0.0,0.0,0.0,0.0,0.0,0.0,1.0,50.0,0.07775628626692456,20030228_easy_ham.tar.bz2,71471f6b504f0804
0,343.0,48.0,1.0,0.0,0.0,0.0,0.0,0.0,0.0,0.0,0.0,0.0,1.0,16.0,0.022727272727272728,20030228_easy_ham.tar.bz2,a5d877b549007e07
0,528.0,66.0,3.0,0.0,0.0,0.0,0.0,0.0,0.0,0.0,0.0,0.0,1.0,7.0,0.06382978723404255,20030228_easy_ham.tar.bz2,24a00157fb307f56
0,887.0,130.0,3.0,1.0,0.0,0.0,0.0,0.0,0.0,0.0,0.0,0.0,1.0,11.0,0.05945945945945946,20030228_easy_ham.tar.bz2,94940ae2944eef9c
0,769.0,130.0,1.0,0.0,0.0,0.0,0.0,0.0,0.0,0.0,0.0,0.0,1.0,23.0,0.04924242424242424,20030228_easy_ham.tar.bz2,cca7b3a45f55e5c6
0,804.0,133.0,1.0,0.0,0.0,0.0,0.0,0.0,0.0,0.0,0.0,0.0,1.0,27.0,0.04363636363636364,20030228_easy_ham.tar.bz2,40961285210d93ec
0,1248.0,206.0,1.0,0.0,0.0,0.0,0.0,0.0,0.0,0.0,0.0,0.0,1.0,27.0,0.04982618771726535,20030228_easy_ham.tar.bz2,4a01ebe31f5063fb
0,651.0,104.0,5.0,0.0,0.0,0.0,0.0,0.0,0.0,0.0,0.0,0.0,1.0,21.0,0.04449648711943794,20030228_easy_ham.tar.bz2,4cd15460c92158a5
0,1075.0,140.0,1.0,0.0,0.0,0.0,0.0,0.0,0.0,0.0,0.0,0.0,1.0,16.0,0.08731241473396999,20030228_easy_ham.tar.bz2,0554ce6acaed955c
0,643.0,75.0,1.0,0.0,0.0,0.0,0.0,0.0,0.0,0.0,0.0,0.0,1.0,20.0,0.08908045977011494,20030228_easy_ham.tar.bz2,1f5f6ad989960842
0,477.0,70.0,1.0,0.0,0.0,0.0,0.0,0.0,0.0,0.0,0.0,0.0,1.0,24.0,0.05504587155963303,20030228_easy_ham.tar.bz2,6d2c6579ca004357
0,584.0,83.0,1.0,0.0,0.0,0.0,0.0,0.0,0.0,0.0,0.0,0.0,1.0,40.0,0.04735376044568245,20030228_easy_ham.tar.bz2,9fbdf0473193b3f9
0,1422.0,218.0,2.0,0.0,0.0,0.0,0.0,0.0,0.0,0.0,0.0,0.0,1.0,44.0,0.04415011037527594,20030228_easy_ham.tar.bz2,d54f77d239c92956
0,1288.0,199.0,2.0,0.0,0.0,0.0,0.0,0.0,0.0,0.0,0.0,0.0,1.0,44.0,0.04141291108404385,20030228_easy_ham.tar.bz2,b4aa7ead1f16a30f
0,967.0,146.0,1.0,0.0,0.0,0.0,0.0,0.0,0.0,0.0,0.0,0.0,1.0,44.0,0.0686106346483705,20030228_easy_ham.tar.bz2,16f8838eca52057c
0,225.0,40.0,1.0,0.0,0.0,0.0,0.0,0.0,0.0,0.0,0.0,0.0,0.0,20.0,0.036585365853658534,20030228_easy_ham.tar.bz2,282bca9f0ca2c6ea
0,787.0,107.0,2.0,0.0,0.0,0.0,0.0,0.0,0.0,0.0,0.0,0.0,1.0,24.0,0.06437768240343347,20030228_easy_ham.tar.bz2,55091b745213a800
0,586.0,104.0,1.0,0.0,0.0,0.0,0.0,0.0,0.0,0.0,0.0,0.0,0.0,24.0,0.05223880597014925,20030228_easy_ham.tar.bz2,fabbe998131fe2eb
0,987.0,133.0,3.0,0.0,0.0,0.0,0.0,0.0,0.0,0.0,0.0,0.0,1.0,24.0,0.06521739130434782,20030228_easy_ham.tar.bz2,2390c487719a561f
0,810.0,137.0,3.0,0.0,0.0,0.0,0.0,0.0,0.0,0.0,0.0,0.0,0.0,24.0,0.06,20030228_easy_ham.tar.bz2,970dfcf1b4bf1e52
0,716.0,126.0,1.0,0.0,0.0,0.0,0.0,0.0,0.0,0.0,0.0,0.0,1.0,26.0,0.017892644135188866,20030228_easy_ham.tar.bz2,e032863f2cf651b6
0,2071.0,277.0,1.0,0.0,0.0,0.0,0.0,0.0,0.0,0.0,0.0,0.0,1.0,30.0,0.03042198233562316,20030228_easy_ham.tar.bz2,24639696aebb4357
0,2522.0,349.0,2.0,0.0,0.0,0.0,0.0,0.0,0.0,0.0,0.0,0.0,1.0,30.0,0.03994082840236687,20030228_easy_ham.tar.bz2,0143f0b0f89427e0
0,1385.0,225.0,3.0,0.0,0.0,0.0,0.0,0.0,0.0,0.0,0.0,0.0,1.0,30.0,0.03337041156840934,20030228_easy_ham.tar.bz2,6bd134551fb8e78a
0,1814.0,308.0,19.0,0.0,0.0,0.0,0.0,0.0,0.0,0.0,0.0,0.0,1.0,24.0,0.03542009884678748,20030228_easy_ham.tar.bz2,f58319330bc4307b
0,1354.0,172.0,2.0,0.0,0.0,0.0,0.0,0.0,0.0,0.0,0.0,0.0,1.0,38.0,0.06615776081424936,20030228_easy_ham.tar.bz2,5c152dc7461d91d6
0,3236.0,546.0,34.0,0.0,0.0,0.0,0.0,0.0,0.0,0.0,0.0,0.0,1.0,28.0,0.044755244755244755,20030228_easy_ham.tar.bz2,6c05e2de97eccfe2
0,989.0,129.0,1.0,0.0,0.0,0.0,0.0,0.0,0.0,0.0,0.0,0.0,1.0,38.0,0.06156405990016639,20030228_easy_ham.tar.bz2,72d923f7e9b0d74e
0,1270.0,156.0,2.0,0.0,0.0,0.0,0.0,0.0,0.0,0.0,0.0,0.0,1.0,38.0,0.06509695290858726,20030228_easy_ham.tar.bz2,a5ec7ac2ad1aea71
0,737.0,104.0,1.0,0.0,0.0,0.0,0.0,0.0,0.0,0.0,0.0,0.0,1.0,44.0,0.07158836689038031,20030228_easy_ham.tar.bz2,9b64b410dc4b2fb2
0,604.0,83.0,1.0,0.0,0.0,0.0,0.0,0.0,0.0,0.0,0.0,0.0,1.0,24.0,0.06521739130434782,20030228_easy_ham.tar.bz2,0d3f93be8c8cfccd
0,1277.0,187.0,3.0,0.0,0.0,0.0,0.0,0.0,0.0,0.0,0.0,0.0,1.0,24.0,0.06498194945848375,20030228_easy_ham.tar.bz2,f73787f09ab3e727
0,1112.0,146.0,1.0,0.0,0.0,0.0,0.0,0.0,0.0,0.0,0.0,0.0,1.0,24.0,0.07747489239598278,20030228_easy_ham.tar.bz2,9b8ec013bc9f5e44
0,351.0,48.0,1.0,0.0,0.0,0.0,0.0,0.0,0.0,0.0,0.0,0.0,1.0,24.0,0.0593607305936073,20030228_easy_ham.tar.bz2,e33dc3226d4a7eb2
0,2379.0,375.0,1.0,0.0,0.0,0.0,0.0,0.0,0.0,0.0,0.0,0.0,1.0,24.0,0.06547251389746757,20030228_easy_ham.tar.bz2,9f32e98d48fbe35a
0,1148.0,200.0,1.0,0.0,0.0,0.0,0.0,0.0,0.0,0.0,0.0,0.0,1.0,46.0,0.0389937106918239,20030228_easy_ham.tar.bz2,02be155459c85ca7
0,1197.0,184.0,1.0,0.0,0.0,0.0,0.0,0.0,0.0,0.0,0.0,0.0,1.0,46.0,0.05454545454545454,20030228_easy_ham.tar.bz2,d8f31d6dcd33bbb2
0,653.0,85.0,1.0,0.0,0.0,0.0,0.0,0.0,0.0,0.0,0.0,0.0,1.0,46.0,0.06845965770171149,20030228_easy_ham.tar.bz2,bd79cef5681e0c54
0,816.0,98.0,1.0,0.0,0.0,0.0,0.0,0.0,0.0,0.0,0.0,0.0,1.0,22.0,0.12098765432098765,20030228_easy_ham.tar.bz2,b54d6bf97b5002ef
0,713.0,88.0,1.0,0.0,0.0,0.0,0.0,0.0,0.0,0.0,0.0,0.0,1.0,26.0,0.08287292817679558,20030228_easy_ham.tar.bz2,ec4703fb3a0bc983
0,1001.0,152.0,1.0,0.0,0.0,0.0,0.0,0.0,0.0,0.0,0.0,0.0,1.0,26.0,0.06677265500794913,20030228_easy_ham.tar.bz2,e7fc7160f03ae58f
0,738.0,102.0,1.0,0.0,0.0,0.0,0.0,0.0,0.0,0.0,0.0,0.0,1.0,26.0,0.07424593967517401,20030228_easy_ham.tar.bz2,f47117528357aa20
0,621.0,90.0,1.0,0.0,0.0,0.0,0.0,0.0,0.0,0.0,0.0,0.0,1.0,26.0,0.06510416666666667,20030228_easy_ham.tar.bz2,6b5d6353e7712e43
0,826.0,117.0,1.0,0.0,0.0,0.0,0.0,0.0,0.0,0.0,0.0,0.0,1.0,12.0,0.038314176245210725,20030228_easy_ham.tar.bz2,d0c6fdbb0eb51bff
0,1460.0,229.0,0.0,0.0,0.0,0.0,0.0,0.0,0.0,0.0,0.0,0.0,1.0,16.0,0.037298387096774195,20030228_easy_ham.tar.bz2,10b18a4d66962305
0,2022.0,297.0,1.0,0.0,0.0,0.0,0.0,0.0,0.0,0.0,0.0,0.0,1.0,16.0,0.05088852988691438,20030228_easy_ham.tar.bz2,ee3db0ae23405df6
0,711.0,120.0,0.0,1.0,0.0,0.0,0.0,0.0,0.0,0.0,0.0,0.0,0.0,18.0,0.06273764258555133,20030228_easy_ham.tar.bz2,af9086f28383d7c0
0,603.0,89.0,1.0,0.0,0.0,0.0,0.0,0.0,0.0,0.0,0.0,0.0,1.0,16.0,0.05612244897959184,20030228_easy_ham.tar.bz2,604ad45bd1732172
0,780.0,128.0,1.0,0.0,0.0,0.0,0.0,0.0,0.0,0.0,0.0,0.0,1.0,16.0,0.05813953488372093,20030228_easy_ham.tar.bz2,828d912f59955ade
0,1492.0,223.0,1.0,0.0,0.0,0.0,0.0,0.0,0.0,0.0,0.0,0.0,1.0,16.0,0.06038135593220339,20030228_easy_ham.tar.bz2,322f524dc7b8615e
0,779.0,121.0,1.0,0.0,0.0,0.0,0.0,0.0,0.0,0.0,0.0,0.0,1.0,16.0,0.04364326375711575,20030228_easy_ham.tar.bz2,a59f7d760ece4e82
0,498.0,57.0,1.0,0.0,0.0,0.0,0.0,0.0,0.0,0.0,0.0,0.0,1.0,46.0,0.0695364238410596,20030228_easy_ham.tar.bz2,c71280abeef0d973
0,1020.0,131.0,1.0,0.0,0.0,0.0,0.0,0.0,0.0,0.0,0.0,0.0,1.0,46.0,0.06466165413533835,20030228_easy_ham.tar.bz2,6c7765dc53c046a8
0,641.0,96.0,2.0,0.0,0.0,0.0,0.0,0.0,0.0,0.0,0.0,0.0,1.0,25.0,0.034408602150537634,20030228_easy_ham.tar.bz2,39ed50117f2cf824
0,1187.0,168.0,2.0,0.0,0.0,0.0,0.0,0.0,0.0,0.0,0.0,0.0,1.0,29.0,0.04712041884816754,20030228_easy_ham.tar.bz2,b797063f5efcfd4c
0,806.0,103.0,1.0,0.0,0.0,0.0,0.0,0.0,0.0,0.0,0.0,0.0,1.0,30.0,0.06289308176100629,20030228_easy_ham.tar.bz2,ef09d5c45dad46c9
0,462.0,68.0,1.0,0.0,0.0,0.0,0.0,0.0,0.0,0.0,0.0,0.0,1.0,34.0,0.0625,20030228_easy_ham.tar.bz2,18c72091a1a3cef9
0,418.0,58.0,1.0,0.0,0.0,0.0,0.0,0.0,0.0,0.0,0.0,0.0,1.0,34.0,0.06276150627615062,20030228_easy_ham.tar.bz2,e92d37f1fdb004e3
0,1451.0,218.0,1.0,0.0,0.0,0.0,0.0,0.0,0.0,0.0,0.0,0.0,1.0,34.0,0.05177993527508091,20030228_easy_ham.tar.bz2,ef376b370105ad67
0,486.0,69.0,2.0,0.0,0.0,0.0,0.0,0.0,0.0,0.0,0.0,0.0,1.0,14.0,0.0660377358490566,20030228_easy_ham.tar.bz2,ad324be4bf928db3
0,1597.0,255.0,5.0,0.0,0.0,0.0,0.0,0.0,0.0,0.0,0.0,0.0,1.0,20.0,0.03424056189640035,20030228_easy_ham.tar.bz2,3fef4d09467439e2
0,401.0,55.0,1.0,0.0,0.0,0.0,0.0,0.0,0.0,0.0,0.0,0.0,1.0,24.0,0.05761316872427984,20030228_easy_ham.tar.bz2,bb512a814d8c5b5c
0,719.0,118.0,1.0,0.0,0.0,0.0,0.0,0.0,0.0,0.0,0.0,0.0,1.0,14.0,0.04883227176220807,20030228_easy_ham.tar.bz2,d4726963db7fc5f1
0,1320.0,221.0,2.0,0.0,0.0,0.0,0.0,0.0,0.0,0.0,0.0,0.0,1.0,14.0,0.038288288288288286,20030228_easy_ham.tar.bz2,beb5718eb1daa56f
0,632.0,95.0,1.0,0.0,0.0,0.0,0.0,0.0,0.0,0.0,0.0,0.0,1.0,24.0,0.05668934240362812,20030228_easy_ham.tar.bz2,05f6d10c3466502d
0,378.0,51.0,3.0,0.0,0.0,0.0,0.0,0.0,0.0,0.0,0.0,1.0,1.0,14.0,0.061224489795918366,20030228_easy_ham.tar.bz2,03b4cfa5b0dbbe32
0,408.0,57.0,1.0,0.0,0.0,0.0,0.0,0.0,0.0,0.0,0.0,0.0,1.0,24.0,0.044444444444444446,20030228_easy_ham.tar.bz2,1853579ca7c435cc
0,902.0,149.0,3.0,0.0,0.0,0.0,0.0,0.0,0.0,0.0,0.0,0.0,1.0,18.0,0.043697478991596636,20030228_easy_ham.tar.bz2,ebbf2107b826888e
0,810.0,120.0,1.0,0.0,0.0,0.0,0.0,0.0,0.0,0.0,0.0,0.0,1.0,46.0,0.061371841155234655,20030228_easy_ham.tar.bz2,b7371f807c83dd40
0,1486.0,239.0,2.0,0.0,0.0,0.0,0.0,0.0,0.0,0.0,0.0,0.0,1.0,46.0,0.05190989226248776,20030228_easy_ham.tar.bz2,a371bb34b8bff1e6
0,999.0,140.0,3.0,0.0,0.0,0.0,0.0,0.0,0.0,0.0,0.0,0.0,1.0,24.0,0.059282371294851796,20030228_easy_ham.tar.bz2,7e7179c92ffceefa
0,476.0,75.0,3.0,0.0,0.0,0.0,0.0,0.0,0.0,0.0,0.0,1.0,1.0,18.0,0.07665505226480836,20030228_easy_ham.tar.bz2,16bb60c436e5eab2
0,1866.0,283.0,3.0,0.0,0.0,0.0,0.0,0.0,0.0,0.0,0.0,0.0,0.0,30.0,0.048259493670886076,20030228_easy_ham.tar.bz2,ba237b74ca10856b
0,3208.0,460.0,3.0,0.0,0.0,0.0,0.0,0.0,0.0,0.0,0.0,0.0,0.0,30.0,0.04822695035460993,20030228_easy_ham.tar.bz2,9d918e86c8864f2f
0,1151.0,170.0,2.0,0.0,0.0,0.0,0.0,0.0,0.0,0.0,0.0,0.0,1.0,30.0,0.08343711083437111,20030228_easy_ham.tar.bz2,294ff5a5b56faece
0,1719.0,286.0,2.0,0.0,0.0,0.0,0.0,0.0,0.0,0.0,0.0,0.0,0.0,30.0,0.059770114942528735,20030228_easy_ham.tar.bz2,c63dd36c99d03e84
0,2311.0,387.0,1.0,0.0,0.0,0.0,0.0,0.0,0.0,0.0,0.0,0.0,1.0,30.0,0.027106658809664112,20030228_easy_ham.tar.bz2,f9a2b2d5747d8ecb
0,1922.0,262.0,2.0,0.0,0.0,0.0,0.0,0.0,0.0,0.0,0.0,0.0,1.0,25.0,0.0805921052631579,20030228_easy_ham.tar.bz2,7e02810839afa20f
0,3882.0,494.0,3.0,0.0,0.0,0.0,0.0,0.0,0.0,0.0,0.0,0.0,1.0,25.0,0.0978305362259517,20030228_easy_ham.tar.bz2,1dfcf85a53fcd077
0,2341.0,318.0,2.0,0.0,0.0,0.0,0.0,0.0,0.0,0.0,0.0,0.0,1.0,25.0,0.07837648705388384,20030228_easy_ham.tar.bz2,3cf7805b27959fbf
0,1632.0,216.0,2.0,0.0,0.0,0.0,0.0,0.0,0.0,0.0,0.0,0.0,1.0,25.0,0.07934990439770555,20030228_easy_ham.tar.bz2,6e66b2b376ed94e5
0,3207.0,480.0,3.0,0.0,0.0,0.0,0.0,0.0,0.0,0.0,0.0,0.0,1.0,25.0,0.05545286506469501,20030228_easy_ham.tar.bz2,ae0ada652c78d86f
0,1895.0,315.0,2.0,0.0,0.0,0.0,1.0,0.0,0.0,0.0,0.0,0.0,1.0,25.0,0.06269592476489028,20030228_easy_ham.tar.bz2,ee41cdef1543a6ee
0,1762.0,290.0,1.0,0.0,0.0,0.0,0.0,0.0,0.0,0.0,0.0,0.0,0.0,25.0,0.04590163934426229,20030228_easy_ham.tar.bz2,1e215ac0dcf314d9
0,1185.0,186.0,1.0,0.0,0.0,0.0,0.0,0.0,0.0,0.0,0.0,0.0,1.0,17.0,0.048507462686567165,20030228_easy_ham.tar.bz2,3ea2e8a054a50c53
0,521.0,83.0,1.0,0.0,0.0,0.0,0.0,0.0,0.0,0.0,0.0,0.0,0.0,31.0,0.017045454545454544,20030228_easy_ham.tar.bz2,ee27b1c2b623891c
0,1027.0,173.0,2.0,0.0,0.0,0.0,0.0,0.0,0.0,0.0,0.0,0.0,1.0,35.0,0.06259314456035768,20030228_easy_ham.tar.bz2,d578fdbaafcfca4a
0,1037.0,179.0,0.0,2.0,0.0,0.0,0.0,0.0,0.0,0.0,0.0,0.0,1.0,60.0,0.020833333333333332,20030228_easy_ham.tar.bz2,8aa29daa3e640d40
0,632.0,97.0,1.0,0.0,0.0,0.0,0.0,0.0,0.0,0.0,0.0,0.0,0.0,42.0,0.022222222222222223,20030228_easy_ham.tar.bz2,242dda9c4448622d
0,610.0,93.0,1.0,0.0,0.0,0.0,0.0,0.0,0.0,0.0,0.0,0.0,0.0,42.0,0.031476997578692496,20030228_easy_ham.tar.bz2,1f0836994bce532f
0,1278.0,204.0,1.0,0.0,0.0,0.0,0.0,0.0,0.0,0.0,0.0,0.0,1.0,42.0,0.04720087815587267,20030228_easy_ham.tar.bz2,8615eccddaf93c11
0,2907.0,466.0,2.0,0.0,0.0,0.0,0.0,0.0,0.0,0.0,0.0,0.0,1.0,42.0,0.16771084337349398,20030228_easy_ham.tar.bz2,a55f41c75ed3d761
0,1778.0,240.0,2.0,0.0,0.0,0.0,0.0,0.0,0.0,0.0,0.0,0.0,0.0,23.0,0.14432989690721648,20030228_easy_ham.tar.bz2,cb9a03916f3014f3
0,395.0,55.0,1.0,0.0,0.0,0.0,0.0,0.0,0.0,0.0,0.0,0.0,0.0,27.0,0.06995884773662552,20030228_easy_ham.tar.bz2,a28c3f27fb8e660c
0,1148.0,156.0,2.0,0.0,0.0,0.0,0.0,0.0,0.0,0.0,0.0,0.0,1.0,27.0,0.2098273572377158,20030228_easy_ham.tar.bz2,fce6227f0384181f
0,898.0,136.0,1.0,0.0,0.0,0.0,0.0,0.0,0.0,0.0,0.0,0.0,1.0,27.0,0.05804311774461028,20030228_easy_ham.tar.bz2,dfb0d4172062369b
0,1269.0,215.0,1.0,0.0,0.0,0.0,0.0,0.0,0.0,0.0,0.0,0.0,0.0,37.0,0.024572649572649572,20030228_easy_ham.tar.bz2,628025470f39fa7d
0,608.0,89.0,1.0,0.0,0.0,0.0,0.0,0.0,0.0,0.0,0.0,0.0,1.0,38.0,0.05489260143198091,20030228_easy_ham.tar.bz2,d3c86844c1dcc381
0,942.0,145.0,2.0,0.0,0.0,0.0,0.0,0.0,0.0,0.0,0.0,0.0,1.0,42.0,0.10526315789473684,20030228_easy_ham.tar.bz2,42c8de10da0bc591
0,672.0,114.0,2.0,0.0,0.0,0.0,0.0,0.0,0.0,0.0,0.0,0.0,1.0,41.0,0.10891089108910891,20030228_easy_ham.tar.bz2,a1c243017be9da4f
0,1015.0,185.0,1.0,0.0,0.0,0.0,0.0,0.0,0.0,0.0,0.0,0.0,0.0,19.0,0.032564450474898234,20030228_easy_ham.tar.bz2,3bb527ac14d0b8e3
0,590.0,93.0,1.0,0.0,0.0,0.0,0.0,0.0,0.0,0.0,0.0,0.0,0.0,41.0,0.046632124352331605,20030228_easy_ham.tar.bz2,6abf1e4041b269be
0,1151.0,209.0,0.0,0.0,0.0,0.0,0.0,0.0,0.0,0.0,0.0,0.0,1.0,23.0,0.04468599033816425,20030228_easy_ham.tar.bz2,63c7b53550820500
0,578.0,83.0,1.0,0.0,0.0,0.0,0.0,0.0,0.0,0.0,0.0,0.0,0.0,42.0,0.06582278481012659,20030228_easy_ham.tar.bz2,acdd095e5c28a0d0
0,615.0,89.0,1.0,0.0,0.0,0.0,0.0,0.0,0.0,0.0,0.0,0.0,1.0,32.0,0.05612244897959184,20030228_easy_ham.tar.bz2,e07b002e8ca1f493
0,1649.0,245.0,1.0,0.0,0.0,0.0,0.0,0.0,0.0,0.0,0.0,0.0,0.0,27.0,0.05410279531109107,20030228_easy_ham.tar.bz2,3f6b1199cbe89a2d
0,949.0,139.0,1.0,0.0,0.0,0.0,0.0,0.0,0.0,0.0,0.0,0.0,0.0,30.0,0.07079646017699115,20030228_easy_ham.tar.bz2,33c66a9d7982e1a3
0,928.0,143.0,1.0,0.0,0.0,0.0,0.0,0.0,0.0,0.0,0.0,0.0,1.0,34.0,0.05063291139240506,20030228_easy_ham.tar.bz2,2c56e8d942a88d55
0,1297.0,220.0,1.0,0.0,0.0,0.0,0.0,0.0,0.0,0.0,0.0,0.0,0.0,20.0,0.026172300981461286,20030228_easy_ham.tar.bz2,4fb35a57ce3df76f
0,746.0,124.0,2.0,0.0,0.0,0.0,0.0,0.0,0.0,0.0,0.0,0.0,1.0,24.0,0.10515021459227468,20030228_easy_ham.tar.bz2,f84bd80b96c3efb7
0,2272.0,346.0,1.0,0.0,0.0,0.0,0.0,0.0,0.0,0.0,0.0,0.0,1.0,24.0,0.022781774580335732,20030228_easy_ham.tar.bz2,253062fb3ae838f7
0,3511.0,749.0,1.0,0.0,0.0,0.0,0.0,0.0,0.0,0.0,0.0,0.0,0.0,14.0,0.013459621136590228,20030228_easy_ham.tar.bz2,5828fb144cb9125b
0,1317.0,194.0,2.0,0.0,0.0,0.0,0.0,0.0,0.0,0.0,0.0,0.0,1.0,14.0,0.07133757961783439,20030228_easy_ham.tar.bz2,4859d5a87809a3eb
0,1443.0,178.0,1.0,0.0,0.0,0.0,0.0,0.0,0.0,0.0,0.0,0.0,0.0,14.0,0.05268595041322314,20030228_easy_ham.tar.bz2,ba21554c23d066c0
0,1646.0,275.0,1.0,0.0,0.0,0.0,0.0,0.0,0.0,0.0,0.0,0.0,0.0,20.0,0.033277870216306155,20030228_easy_ham.tar.bz2,c473cdf2c41cb4d5
0,2069.0,321.0,2.0,0.0,0.0,0.0,0.0,0.0,0.0,0.0,0.0,0.0,0.0,20.0,0.03827072997873848,20030228_easy_ham.tar.bz2,6ee71ecf9ec284ec
0,2143.0,285.0,1.0,0.0,0.0,0.0,0.0,0.0,0.0,0.0,0.0,0.0,0.0,35.0,0.04005722460658083,20030228_easy_ham.tar.bz2,f060d4622c8fdaeb
0,834.0,141.0,1.0,0.0,0.0,0.0,0.0,0.0,0.0,0.0,0.0,0.0,0.0,20.0,0.04912280701754386,20030228_easy_ham.tar.bz2,bccb7c69dbc7d305
0,622.0,100.0,2.0,0.0,0.0,0.0,0.0,0.0,0.0,0.0,0.0,0.0,1.0,14.0,0.11716621253405994,20030228_easy_ham.tar.bz2,79dd621c69c776a3
0,980.0,146.0,1.0,0.0,0.0,0.0,0.0,0.0,0.0,0.0,0.0,0.0,1.0,14.0,0.06891025641025642,20030228_easy_ham.tar.bz2,98510a42d834cd17
0,1282.0,190.0,2.0,0.0,0.0,0.0,0.0,0.0,0.0,0.0,0.0,0.0,1.0,14.0,0.10263157894736842,20030228_easy_ham.tar.bz2,6665c279c958ac27
0,433.0,56.0,1.0,0.0,0.0,0.0,0.0,0.0,0.0,0.0,0.0,0.0,1.0,39.0,0.05714285714285714,20030228_easy_ham.tar.bz2,84971b2ed092140f
0,867.0,131.0,1.0,0.0,0.0,0.0,0.0,0.0,0.0,0.0,0.0,0.0,0.0,40.0,0.1111111111111111,20030228_easy_ham.tar.bz2,a951a58ec9a068ca
0,412.0,61.0,1.0,0.0,0.0,0.0,0.0,0.0,0.0,0.0,0.0,0.0,0.0,34.0,0.040740740740740744,20030228_easy_ham.tar.bz2,5a18ca89a4849073
0,1421.0,217.0,1.0,0.0,0.0,0.0,0.0,0.0,0.0,0.0,0.0,0.0,1.0,34.0,0.0508298755186722,20030228_easy_ham.tar.bz2,f4861d73b93d2ab4
0,676.0,111.0,2.0,0.0,0.0,0.0,0.0,0.0,0.0,0.0,0.0,0.0,0.0,4.0,0.07555555555555556,20030228_easy_ham.tar.bz2,7b9a70d0888eb1c1
0,2306.0,370.0,3.0,0.0,0.0,0.0,0.0,0.0,0.0,0.0,0.0,0.0,1.0,8.0,0.04146039603960396,20030228_easy_ham.tar.bz2,062231a26f355ed2
0,1043.0,166.0,1.0,0.0,0.0,0.0,0.0,0.0,0.0,0.0,0.0,0.0,0.0,8.0,0.057640750670241284,20030228_easy_ham.tar.bz2,1d5a528b1f6e8b60
0,2042.0,330.0,1.0,0.0,0.0,0.0,0.0,0.0,0.0,0.0,0.0,0.0,0.0,8.0,0.0703851261620186,20030228_easy_ham.tar.bz2,2096b2bc007aef3b
0,663.0,97.0,1.0,0.0,0.0,0.0,0.0,0.0,0.0,0.0,0.0,0.0,0.0,8.0,0.07729468599033816,20030228_easy_ham.tar.bz2,4cab6306b842a53e
0,423.0,60.0,1.0,0.0,0.0,0.0,0.0,0.0,0.0,0.0,0.0,0.0,1.0,8.0,0.043795620437956206,20030228_easy_ham.tar.bz2,e9c0c88bfa0d5cd3
0,410.0,66.0,0.0,1.0,0.0,0.0,0.0,0.0,0.0,0.0,0.0,0.0,0.0,8.0,0.04198473282442748,20030228_easy_ham.tar.bz2,dc1947966aca285f
0,741.0,108.0,1.0,0.0,0.0,0.0,0.0,0.0,0.0,0.0,0.0,0.0,1.0,8.0,0.10638297872340426,20030228_easy_ham.tar.bz2,bb4faf0352d1dfd2
0,1490.0,246.0,1.0,0.0,0.0,0.0,0.0,0.0,0.0,0.0,0.0,0.0,1.0,8.0,0.07996146435452794,20030228_easy_ham.tar.bz2,7ff44e25bb034b19
0,1174.0,196.0,3.0,0.0,0.0,0.0,0.0,0.0,0.0,0.0,0.0,1.0,1.0,18.0,0.049019607843137254,20030228_easy_ham.tar.bz2,92c745770d2c5751
0,1320.0,198.0,1.0,0.0,0.0,0.0,0.0,0.0,0.0,0.0,0.0,0.0,1.0,18.0,0.05696969696969697,20030228_easy_ham.tar.bz2,6e5d9f2e312542ad
0,992.0,144.0,1.0,0.0,0.0,0.0,0.0,0.0,0.0,0.0,0.0,0.0,1.0,18.0,0.06260296540362438,20030228_easy_ham.tar.bz2,feae00162175770d
0,1134.0,154.0,2.0,0.0,0.0,0.0,0.0,0.0,0.0,0.0,0.0,0.0,1.0,46.0,0.06321839080459771,20030228_easy_ham.tar.bz2,5e8b589ed69f4401
0,541.0,78.0,2.0,0.0,0.0,0.0,0.0,0.0,0.0,0.0,0.0,0.0,1.0,19.0,0.04838709677419355,20030228_easy_ham.tar.bz2,5bc105f9e75e647b
0,954.0,161.0,4.0,0.0,0.0,0.0,1.0,0.0,0.0,0.0,0.0,0.0,1.0,2.0,0.05446293494704992,20030228_easy_ham.tar.bz2,d9bb727fdc52efa9
0,1117.0,166.0,1.0,0.0,0.0,0.0,0.0,0.0,0.0,0.0,0.0,0.0,1.0,6.0,0.05790960451977401,20030228_easy_ham.tar.bz2,0f16a74ece20b37f
0,2119.0,330.0,4.0,0.0,0.0,0.0,1.0,0.0,0.0,0.0,0.0,0.0,1.0,11.0,0.04133858267716536,20030228_easy_ham.tar.bz2,5f0ca3d933a7db72
0,996.0,151.0,3.0,0.0,0.0,0.0,1.0,0.0,0.0,0.0,0.0,0.0,1.0,27.0,0.07033639143730887,20030228_easy_ham.tar.bz2,67265f319a4177b7
0,1213.0,157.0,1.0,0.0,0.0,0.0,0.0,0.0,0.0,0.0,0.0,0.0,1.0,27.0,0.07489597780859916,20030228_easy_ham.tar.bz2,509368c129d8692b
0,1555.0,237.0,3.0,0.0,0.0,0.0,1.0,0.0,0.0,0.0,0.0,0.0,1.0,27.0,0.049951969260326606,20030228_easy_ham.tar.bz2,874129424cc5a6b4
0,409.0,53.0,2.0,0.0,0.0,0.0,0.0,0.0,0.0,0.0,0.0,0.0,1.0,24.0,0.048327137546468404,20030228_easy_ham.tar.bz2,a9cfa24fcf850f86
0,935.0,161.0,1.0,0.0,0.0,0.0,0.0,0.0,0.0,0.0,0.0,0.0,1.0,33.0,0.061788617886178863,20030228_easy_ham.tar.bz2,a61ee5bbb881101b
0,615.0,79.0,1.0,0.0,0.0,0.0,0.0,0.0,0.0,0.0,0.0,0.0,1.0,24.0,0.06741573033707865,20030228_easy_ham.tar.bz2,86f20df47b502286
0,2147.0,349.0,6.0,0.0,0.0,0.0,0.0,0.0,0.0,0.0,0.0,0.0,1.0,33.0,0.038700760193503804,20030228_easy_ham.tar.bz2,c30259571a8c6ae9
0,482.0,65.0,1.0,0.0,0.0,0.0,0.0,0.0,0.0,0.0,0.0,0.0,1.0,19.0,0.04878048780487805,20030228_easy_ham.tar.bz2,067562a1ccc835f6
0,1694.0,245.0,2.0,0.0,0.0,0.0,0.0,0.0,0.0,0.0,0.0,0.0,1.0,33.0,0.04757785467128028,20030228_easy_ham.tar.bz2,b3009b5a714faa67
0,1015.0,150.0,1.0,0.0,0.0,0.0,0.0,0.0,0.0,0.0,0.0,0.0,1.0,23.0,0.07131537242472266,20030228_easy_ham.tar.bz2,c796eef997009e41
0,504.0,79.0,1.0,0.0,0.0,0.0,0.0,0.0,0.0,0.0,0.0,0.0,1.0,23.0,0.06606606606606606,20030228_easy_ham.tar.bz2,27ed0e7baee80da5
0,1002.0,158.0,1.0,0.0,0.0,0.0,0.0,0.0,0.0,0.0,0.0,0.0,1.0,33.0,0.044096728307254626,20030228_easy_ham.tar.bz2,823b1f6aab5a5544
0,1576.0,214.0,1.0,0.0,0.0,0.0,0.0,0.0,0.0,0.0,0.0,0.0,1.0,33.0,0.050746268656716415,20030228_easy_ham.tar.bz2,bd7f1d9e27600edd
0,567.0,79.0,1.0,0.0,0.0,0.0,0.0,0.0,0.0,0.0,0.0,0.0,1.0,23.0,0.03937007874015748,20030228_easy_ham.tar.bz2,54909fe98951ed26
0,1412.0,202.0,1.0,0.0,0.0,0.0,0.0,0.0,0.0,0.0,0.0,0.0,1.0,23.0,0.059012875536480686,20030228_easy_ham.tar.bz2,d1ba935f7649bebf
0,392.0,61.0,1.0,0.0,0.0,0.0,0.0,0.0,0.0,0.0,0.0,0.0,1.0,38.0,0.06048387096774194,20030228_easy_ham.tar.bz2,06c60c1a4576b313
0,1249.0,208.0,3.0,0.0,0.0,0.0,1.0,0.0,0.0,0.0,0.0,0.0,1.0,42.0,0.037714285714285714,20030228_easy_ham.tar.bz2,ae6136b5cca6e915
0,533.0,71.0,1.0,0.0,0.0,0.0,0.0,0.0,0.0,0.0,0.0,0.0,1.0,42.0,0.07801418439716312,20030228_easy_ham.tar.bz2,ef3444225b7e2ba1
0,1452.0,206.0,1.0,0.0,0.0,0.0,0.0,0.0,0.0,0.0,0.0,0.0,1.0,42.0,0.03662258392675483,20030228_easy_ham.tar.bz2,c6f217cd7617adf6
0,940.0,159.0,1.0,0.0,0.0,0.0,0.0,0.0,0.0,0.0,0.0,0.0,1.0,42.0,0.053125,20030228_easy_ham.tar.bz2,0571178c968cb6c2
0,950.0,160.0,2.0,0.0,0.0,0.0,0.0,0.0,0.0,0.0,0.0,0.0,1.0,64.0,0.0452418096723869,20030228_easy_ham.tar.bz2,8be4ab376a45b1c3
0,872.0,148.0,2.0,0.0,0.0,0.0,0.0,0.0,0.0,0.0,0.0,0.0,1.0,64.0,0.04655172413793104,20030228_easy_ham.tar.bz2,7abf03315a703dcf
0,1469.0,255.0,1.0,0.0,0.0,0.0,0.0,0.0,0.0,0.0,0.0,0.0,1.0,42.0,0.0545790934320074,20030228_easy_ham.tar.bz2,9c4c9c387a96541f
0,2664.0,473.0,3.0,0.0,0.0,0.0,1.0,0.0,0.0,0.0,0.0,0.0,1.0,42.0,0.05018106570098293,20030228_easy_ham.tar.bz2,649e258e046b884e
0,1291.0,231.0,0.0,1.0,0.0,0.0,0.0,0.0,0.0,0.0,0.0,0.0,0.0,43.0,0.04085801838610827,20030228_easy_ham.tar.bz2,47cfaa10240ea954
0,1628.0,229.0,2.0,0.0,0.0,0.0,0.0,0.0,0.0,0.0,0.0,0.0,1.0,42.0,0.09198813056379822,20030228_easy_ham.tar.bz2,99b11c4852bbe833
0,1716.0,282.0,2.0,0.0,0.0,0.0,0.0,0.0,0.0,0.0,0.0,0.0,1.0,47.0,0.045563549160671464,20030228_easy_ham.tar.bz2,10c118577c4f6248
0,833.0,126.0,1.0,0.0,0.0,0.0,0.0,0.0,0.0,0.0,0.0,0.0,1.0,47.0,0.03015075376884422,20030228_easy_ham.tar.bz2,8ca4f842d6af459e
0,1583.0,234.0,2.0,0.0,0.0,0.0,0.0,0.0,0.0,0.0,0.0,0.0,1.0,42.0,0.08917835671342686,20030228_easy_ham.tar.bz2,1d5ad7599806c11c
0,953.0,149.0,3.0,0.0,0.0,0.0,0.0,0.0,0.0,0.0,0.0,0.0,1.0,46.0,0.03367496339677892,20030228_easy_ham.tar.bz2,923d0d55a4d4fd3f
0,1435.0,223.0,1.0,0.0,0.0,0.0,0.0,0.0,0.0,0.0,0.0,0.0,1.0,75.0,0.057754010695187166,20030228_easy_ham.tar.bz2,2d6c007a7bcf20ae
0,2106.0,312.0,3.0,0.0,0.0,0.0,0.0,0.0,0.0,0.0,0.0,0.0,1.0,42.0,0.056402439024390245,20030228_easy_ham.tar.bz2,5c95a565c307d4a6
0,2437.0,394.0,1.0,0.0,0.0,0.0,0.0,0.0,0.0,0.0,0.0,0.0,1.0,42.0,0.06462984723854288,20030228_easy_ham.tar.bz2,5a679f979998c6c7
0,753.0,124.0,0.0,1.0,0.0,0.0,0.0,0.0,0.0,0.0,0.0,0.0,0.0,47.0,0.04912280701754386,20030228_easy_ham.tar.bz2,1cf74e0be016c4b8
0,695.0,109.0,1.0,0.0,0.0,0.0,0.0,0.0,0.0,0.0,0.0,0.0,1.0,42.0,0.04612159329140461,20030228_easy_ham.tar.bz2,eb8f2f8baadfd555
0,1570.0,249.0,2.0,0.0,0.0,0.0,0.0,0.0,0.0,0.0,0.0,0.0,1.0,47.0,0.04701627486437613,20030228_easy_ham.tar.bz2,55367ef2a0405722
0,825.0,128.0,2.0,0.0,0.0,0.0,0.0,0.0,0.0,0.0,0.0,0.0,1.0,42.0,0.05772811918063315,20030228_easy_ham.tar.bz2,3e2a8e0766c3ab25
0,405.0,63.0,1.0,0.0,0.0,0.0,0.0,0.0,0.0,0.0,0.0,0.0,1.0,7.0,0.0449438202247191,20030228_easy_ham.tar.bz2,29aecdf1a25f62ed
0,924.0,148.0,3.0,0.0,0.0,0.0,0.0,0.0,0.0,0.0,0.0,0.0,1.0,11.0,0.04739336492890995,20030228_easy_ham.tar.bz2,2b5a9dd7cf838057
0,1792.0,282.0,1.0,0.0,0.0,0.0,0.0,0.0,0.0,0.0,0.0,0.0,1.0,51.0,0.03218210361067504,20030228_easy_ham.tar.bz2,f2da9a1f040c56fe
0,611.0,102.0,1.0,0.0,0.0,0.0,0.0,0.0,0.0,0.0,0.0,0.0,1.0,25.0,0.05249343832020997,20030228_easy_ham.tar.bz2,db88dd9128074da6
0,583.0,119.0,0.0,1.0,0.0,0.0,0.0,0.0,0.0,0.0,0.0,0.0,0.0,25.0,0.03183023872679045,20030228_easy_ham.tar.bz2,ee3b404b8ecac479
0,725.0,111.0,1.0,0.0,0.0,0.0,0.0,0.0,0.0,0.0,0.0,0.0,1.0,32.0,0.07707509881422925,20030228_easy_ham.tar.bz2,1ac1eeb453c25011
0,736.0,124.0,4.0,0.0,0.0,0.0,0.0,0.0,0.0,0.0,0.0,1.0,1.0,7.0,0.05870020964360587,20030228_easy_ham.tar.bz2,e95b093a428ea4f3
0,712.0,108.0,1.0,0.0,0.0,0.0,0.0,0.0,0.0,0.0,0.0,0.0,1.0,19.0,0.030226700251889168,20030228_easy_ham.tar.bz2,e948da127f4df2f1
0,554.0,75.0,1.0,0.0,0.0,0.0,0.0,0.0,0.0,0.0,0.0,0.0,1.0,25.0,0.07973421926910298,20030228_easy_ham.tar.bz2,47fad40273d21892
0,840.0,142.0,2.0,0.0,0.0,0.0,0.0,0.0,0.0,0.0,0.0,0.0,1.0,7.0,0.05056179775280899,20030228_easy_ham.tar.bz2,50c994faeeed0f6f
0,980.0,164.0,2.0,0.0,0.0,0.0,0.0,0.0,0.0,0.0,0.0,0.0,1.0,23.0,0.03417533432392273,20030228_easy_ham.tar.bz2,d29a70e6815d7831
0,659.0,104.0,3.0,0.0,0.0,0.0,0.0,0.0,0.0,0.0,0.0,1.0,1.0,7.0,0.05324074074074074,20030228_easy_ham.tar.bz2,044d732bac583701
0,785.0,98.0,1.0,0.0,0.0,0.0,0.0,0.0,0.0,0.0,0.0,0.0,1.0,7.0,0.018518518518518517,20030228_easy_ham.tar.bz2,6eacc018c644fd30
0,180.0,22.0,1.0,0.0,0.0,0.0,0.0,0.0,0.0,0.0,0.0,0.0,1.0,7.0,0.06451612903225806,20030228_easy_ham.tar.bz2,98254323909a2c59
0,913.0,134.0,2.0,0.0,0.0,0.0,0.0,0.0,0.0,0.0,0.0,0.0,1.0,11.0,0.04,20030228_easy_ham.tar.bz2,518d834283106799
0,1070.0,164.0,2.0,0.0,0.0,0.0,0.0,0.0,0.0,0.0,0.0,0.0,1.0,11.0,0.038303693570451436,20030228_easy_ham.tar.bz2,03154725539d807c
0,811.0,133.0,2.0,0.0,0.0,0.0,0.0,0.0,0.0,0.0,0.0,0.0,1.0,11.0,0.058161350844277676,20030228_easy_ham.tar.bz2,a79883aac2ca1358
0,1242.0,177.0,3.0,0.0,0.0,0.0,1.0,0.0,0.0,0.0,0.0,0.0,1.0,7.0,0.031578947368421054,20030228_easy_ham.tar.bz2,02f0049db91f3703
0,1769.0,258.0,2.0,0.0,0.0,0.0,0.0,0.0,0.0,0.0,0.0,0.0,1.0,29.0,0.05389221556886228,20030228_easy_ham.tar.bz2,ba627e155ab15275
0,4250.0,680.0,21.0,0.0,0.0,0.0,0.0,0.0,0.0,0.0,0.0,0.0,1.0,30.0,0.049962714392244596,20030228_easy_ham.tar.bz2,18dfcd3fce4b98d8
0,1454.0,242.0,3.0,0.0,0.0,0.0,0.0,0.0,0.0,0.0,0.0,0.0,1.0,31.0,0.07537688442211055,20030228_easy_ham.tar.bz2,4db9d35d4afe62f6
0,1520.0,279.0,1.0,0.0,0.0,0.0,0.0,0.0,0.0,0.0,0.0,0.0,1.0,31.0,0.044424297370806894,20030228_easy_ham.tar.bz2,e53c7c71742481c1
0,725.0,115.0,1.0,0.0,0.0,0.0,0.0,0.0,0.0,0.0,0.0,0.0,1.0,35.0,0.053465346534653464,20030228_easy_ham.tar.bz2,06f897410211ba60
0,368.0,53.0,1.0,0.0,0.0,0.0,0.0,0.0,0.0,0.0,0.0,0.0,1.0,45.0,0.036585365853658534,20030228_easy_ham.tar.bz2,709bc695be41e5a8
0,812.0,126.0,1.0,0.0,0.0,0.0,0.0,0.0,0.0,0.0,0.0,0.0,1.0,17.0,0.03300970873786408,20030228_easy_ham.tar.bz2,c9e1816d2723b5f6
0,1508.0,208.0,2.0,0.0,0.0,0.0,0.0,0.0,0.0,0.0,0.0,0.0,1.0,21.0,0.050058207217694994,20030228_easy_ham.tar.bz2,ecbd45e26cef3291
0,799.0,130.0,2.0,0.0,0.0,0.0,0.0,0.0,0.0,0.0,0.0,0.0,1.0,49.0,0.052336448598130844,20030228_easy_ham.tar.bz2,05d2526081bee468
0,1931.0,323.0,1.0,0.0,0.0,0.0,0.0,0.0,0.0,0.0,0.0,0.0,1.0,47.0,0.03684971098265896,20030228_easy_ham.tar.bz2,0ae5641e5669e3d9
0,1191.0,191.0,2.0,0.0,0.0,0.0,0.0,0.0,0.0,0.0,0.0,0.0,1.0,21.0,0.03830911492734478,20030228_easy_ham.tar.bz2,ef75ecbabb182285
0,269.0,30.0,1.0,0.0,0.0,0.0,0.0,0.0,0.0,0.0,0.0,0.0,1.0,21.0,0.08333333333333333,20030228_easy_ham.tar.bz2,2f1720fbb7a58fa3
0,546.0,81.0,1.0,0.0,0.0,0.0,0.0,0.0,0.0,0.0,0.0,0.0,1.0,35.0,0.047058823529411764,20030228_easy_ham.tar.bz2,6449d2c73e468de0
0,906.0,143.0,1.0,0.0,0.0,0.0,0.0,0.0,0.0,0.0,0.0,0.0,1.0,49.0,0.022617124394184167,20030228_easy_ham.tar.bz2,dfd1e166d9158244
0,849.0,122.0,2.0,0.0,0.0,0.0,0.0,0.0,0.0,0.0,0.0,0.0,1.0,60.0,0.03460837887067395,20030228_easy_ham.tar.bz2,e19793cef2df127b
0,273.0,37.0,1.0,0.0,0.0,0.0,0.0,0.0,0.0,0.0,0.0,0.0,1.0,16.0,0.041176470588235294,20030228_easy_ham.tar.bz2,c1014d1c033124b3
0,906.0,146.0,2.0,0.0,0.0,0.0,0.0,0.0,0.0,0.0,0.0,0.0,1.0,20.0,0.0420032310177706,20030228_easy_ham.tar.bz2,c102551193445315
0,289.0,40.0,1.0,0.0,0.0,0.0,0.0,0.0,0.0,0.0,0.0,0.0,1.0,25.0,0.08695652173913043,20030228_easy_ham.tar.bz2,20db4bbff95291c1
0,404.0,59.0,1.0,0.0,0.0,0.0,0.0,0.0,0.0,0.0,0.0,0.0,1.0,29.0,0.08906882591093117,20030228_easy_ham.tar.bz2,556742975dce805d
0,838.0,121.0,2.0,0.0,0.0,0.0,0.0,0.0,0.0,0.0,0.0,0.0,1.0,29.0,0.09696969696969697,20030228_easy_ham.tar.bz2,8a4d52292477349b
0,262.0,36.0,1.0,0.0,0.0,0.0,0.0,0.0,0.0,0.0,0.0,0.0,1.0,17.0,0.049689440993788817,20030228_easy_ham.tar.bz2,483dbca566cf2842
0,853.0,103.0,2.0,0.0,0.0,0.0,0.0,0.0,0.0,0.0,0.0,0.0,1.0,21.0,0.07918552036199095,20030228_easy_ham.tar.bz2,7db14e9da26d4e01
0,838.0,132.0,3.0,0.0,0.0,0.0,1.0,0.0,0.0,0.0,0.0,0.0,1.0,22.0,0.05244122965641953,20030228_easy_ham.tar.bz2,470733bcc77e5ab4
0,764.0,125.0,1.0,0.0,0.0,0.0,0.0,0.0,0.0,0.0,0.0,0.0,1.0,29.0,0.05928853754940711,20030228_easy_ham.tar.bz2,04b3c18eb4080dbb
0,1405.0,241.0,2.0,0.0,0.0,0.0,0.0,0.0,0.0,0.0,0.0,0.0,1.0,29.0,0.062118126272912425,20030228_easy_ham.tar.bz2,700e00da758012d5
0,5384.0,828.0,3.0,0.0,0.0,0.0,0.0,0.0,0.0,0.0,0.0,0.0,1.0,29.0,0.038649972781709306,20030228_easy_ham.tar.bz2,49fa0446619e13a4
0,977.0,155.0,2.0,0.0,0.0,0.0,0.0,0.0,0.0,0.0,0.0,0.0,1.0,60.0,0.055031446540880505,20030228_easy_ham.tar.bz2,f5f92b21067f2281
0,1766.0,296.0,1.0,0.0,0.0,0.0,0.0,0.0,0.0,0.0,0.0,0.0,1.0,29.0,0.06393054459352802,20030228_easy_ham.tar.bz2,20161b1e00f0bf62
0,1435.0,239.0,2.0,0.0,0.0,0.0,0.0,0.0,0.0,0.0,0.0,0.0,1.0,29.0,0.0755082284607938,20030228_easy_ham.tar.bz2,8ddb8d2c9ebb47b7
0,1451.0,214.0,3.0,0.0,0.0,0.0,0.0,0.0,0.0,0.0,0.0,0.0,1.0,60.0,0.06373626373626373,20030228_easy_ham.tar.bz2,a5d086550512548c
0,716.0,117.0,3.0,0.0,0.0,0.0,0.0,0.0,0.0,0.0,0.0,1.0,1.0,29.0,0.10103092783505155,20030228_easy_ham.tar.bz2,1c3650490398cdf1
0,744.0,126.0,2.0,0.0,0.0,0.0,0.0,0.0,0.0,0.0,0.0,0.0,1.0,29.0,0.09330628803245436,20030228_easy_ham.tar.bz2,60d7370e52a9e12a
0,370.0,52.0,1.0,0.0,0.0,0.0,0.0,0.0,0.0,0.0,0.0,0.0,1.0,29.0,0.0730593607305936,20030228_easy_ham.tar.bz2,6a7c83ebb8e77448
0,234.0,29.0,1.0,0.0,0.0,0.0,0.0,0.0,0.0,0.0,0.0,0.0,1.0,7.0,0.0962962962962963,20030228_easy_ham.tar.bz2,1aed4045287e0af4
0,684.0,111.0,2.0,0.0,0.0,0.0,0.0,0.0,0.0,0.0,0.0,0.0,1.0,11.0,0.06904231625835189,20030228_easy_ham.tar.bz2,04a7c1ee69767157
0,595.0,94.0,3.0,0.0,0.0,0.0,0.0,0.0,0.0,0.0,0.0,0.0,1.0,11.0,0.05612244897959184,20030228_easy_ham.tar.bz2,c965c23a6124a1ca
0,472.0,72.0,1.0,0.0,0.0,0.0,0.0,0.0,0.0,0.0,0.0,0.0,1.0,24.0,0.02258064516129032,20030228_easy_ham.tar.bz2,a39c60629de297ae
0,1019.0,166.0,1.0,0.0,0.0,0.0,0.0,0.0,0.0,0.0,0.0,0.0,1.0,30.0,0.028148148148148148,20030228_easy_ham.tar.bz2,a4570769d1817d79
0,634.0,104.0,2.0,0.0,0.0,0.0,0.0,0.0,0.0,0.0,0.0,0.0,1.0,30.0,0.055825242718446605,20030228_easy_ham.tar.bz2,07b15a92c0d73eab
0,2519.0,402.0,1.0,0.0,0.0,0.0,0.0,0.0,0.0,0.0,0.0,0.0,1.0,27.0,0.05564924114671164,20030228_easy_ham.tar.bz2,89bd364d3d8ffab4
0,1964.0,284.0,3.0,0.0,0.0,0.0,0.0,0.0,0.0,0.0,0.0,0.0,1.0,27.0,0.07058823529411765,20030228_easy_ham.tar.bz2,588575b61b27f193
0,2698.0,373.0,4.0,0.0,0.0,0.0,0.0,0.0,0.0,0.0,0.0,0.0,1.0,27.0,0.07911802853437094,20030228_easy_ham.tar.bz2,f40d221c8d169362
0,1886.0,310.0,2.0,0.0,0.0,0.0,0.0,0.0,0.0,0.0,0.0,0.0,1.0,14.0,0.03720238095238095,20030228_easy_ham.tar.bz2,dcdcdcb6ece1942a
0,2190.0,272.0,2.0,0.0,0.0,0.0,0.0,0.0,0.0,0.0,0.0,0.0,1.0,56.0,0.167816091954023,20030228_easy_ham.tar.bz2,9ea9e3b2dae225c1
0,973.0,154.0,1.0,0.0,0.0,0.0,0.0,0.0,0.0,0.0,0.0,0.0,1.0,56.0,0.1004566210045662,20030228_easy_ham.tar.bz2,fbcf26030d35cace
0,773.0,99.0,1.0,0.0,0.0,0.0,0.0,0.0,0.0,0.0,0.0,0.0,1.0,56.0,0.09803921568627451,20030228_easy_ham.tar.bz2,298ed370d239fbc1
0,1707.0,265.0,5.0,0.0,0.0,0.0,0.0,0.0,0.0,0.0,0.0,0.0,1.0,41.0,0.04177545691906005,20030228_easy_ham.tar.bz2,e2edac1594976ef8
0,1728.0,279.0,7.0,0.0,0.0,0.0,0.0,0.0,0.0,0.0,0.0,0.0,1.0,33.0,0.05219552609776305,20030228_easy_ham.tar.bz2,22521d2051b44840
0,516.0,75.0,1.0,0.0,0.0,0.0,0.0,0.0,0.0,0.0,0.0,0.0,1.0,11.0,0.04229607250755287,20030228_easy_ham.tar.bz2,cbec83e4dd4bb8c5
0,883.0,142.0,2.0,0.0,0.0,0.0,0.0,0.0,0.0,0.0,0.0,0.0,1.0,38.0,0.047285464098073555,20030228_easy_ham.tar.bz2,670a17deef8403c2
0,918.0,156.0,2.0,0.0,0.0,0.0,0.0,0.0,0.0,0.0,0.0,0.0,1.0,24.0,0.04180064308681672,20030228_easy_ham.tar.bz2,65f0d9500d89f9a3
0,1016.0,154.0,1.0,0.0,0.0,0.0,0.0,0.0,0.0,0.0,0.0,0.0,1.0,26.0,0.03886397608370702,20030228_easy_ham.tar.bz2,add5affc7e970b58
0,879.0,142.0,1.0,0.0,0.0,0.0,0.0,0.0,0.0,0.0,0.0,0.0,1.0,29.0,0.11359724612736662,20030228_easy_ham.tar.bz2,27eb463d562b942a
0,1333.0,220.0,8.0,0.0,0.0,0.0,0.0,0.0,0.0,0.0,0.0,0.0,1.0,27.0,0.03991130820399113,20030228_easy_ham.tar.bz2,0efbc6fa2f81b499
0,382.0,49.0,1.0,0.0,0.0,0.0,0.0,0.0,0.0,0.0,0.0,0.0,1.0,23.0,0.04669260700389105,20030228_easy_ham.tar.bz2,37d5461a77446655
0,1312.0,217.0,2.0,0.0,0.0,0.0,0.0,0.0,0.0,0.0,0.0,0.0,1.0,53.0,0.060948081264108354,20030228_easy_ham.tar.bz2,3d1b9c12fda2768f
0,4048.0,585.0,11.0,0.0,0.0,0.0,0.0,0.0,0.0,0.0,0.0,0.0,1.0,53.0,0.0513152220784821,20030228_easy_ham.tar.bz2,180e2319f34cea16
0,905.0,86.0,2.0,0.0,0.0,0.0,0.0,0.0,0.0,0.0,0.0,0.0,1.0,15.0,0.09248554913294797,20030228_easy_ham.tar.bz2,b5528ddfe36447ec
0,688.0,120.0,2.0,0.0,0.0,0.0,0.0,0.0,0.0,0.0,0.0,0.0,1.0,19.0,0.06896551724137931,20030228_easy_ham.tar.bz2,ff179c94a6f203f3
0,996.0,164.0,4.0,0.0,0.0,0.0,0.0,0.0,0.0,0.0,0.0,0.0,1.0,24.0,0.07027818448023426,20030228_easy_ham.tar.bz2,38b75dd521b20d13
0,679.0,116.0,2.0,0.0,0.0,0.0,0.0,0.0,0.0,0.0,0.0,0.0,1.0,28.0,0.0640176600441501,20030228_easy_ham.tar.bz2,7d11cb370c5409f6
0,6189.0,1039.0,2.0,0.0,0.0,0.0,0.0,0.0,0.0,0.0,0.0,0.0,1.0,12.0,0.03202846975088968,20030228_easy_ham.tar.bz2,ccba823fbe9680a8
0,500.0,85.0,0.0,0.0,0.0,0.0,0.0,0.0,0.0,0.0,0.0,0.0,1.0,39.0,0.0658682634730539,20030228_easy_ham.tar.bz2,d2efd5e8536e0238
0,697.0,94.0,2.0,0.0,0.0,0.0,0.0,0.0,0.0,0.0,0.0,0.0,0.0,43.0,0.07415730337078652,20030228_easy_ham.tar.bz2,92d88627bef0ec26
0,718.0,98.0,2.0,0.0,0.0,0.0,0.0,1.0,0.0,0.0,0.0,0.0,0.0,43.0,0.04112554112554113,20030228_easy_ham.tar.bz2,9a619e273d65e80f
0,1625.0,243.0,3.0,0.0,0.0,0.0,0.0,1.0,0.0,0.0,0.0,0.0,0.0,43.0,0.06365313653136531,20030228_easy_ham.tar.bz2,a195be8062b8db09
0,1346.0,214.0,2.0,0.0,0.0,0.0,0.0,0.0,0.0,0.0,0.0,0.0,0.0,30.0,0.030020703933747412,20030228_easy_ham.tar.bz2,0e35d0eb58a6551b
0,1265.0,212.0,0.0,0.0,0.0,0.0,0.0,0.0,0.0,0.0,0.0,0.0,0.0,34.0,0.03118279569892473,20030228_easy_ham.tar.bz2,0f064d1372b3cb13
0,1376.0,180.0,2.0,0.0,0.0,0.0,0.0,0.0,0.0,0.0,0.0,0.0,0.0,57.0,0.05547850208044383,20030228_easy_ham.tar.bz2,8f8c383e548201d4
0,1345.0,173.0,2.0,0.0,0.0,0.0,0.0,0.0,0.0,0.0,0.0,0.0,0.0,68.0,0.03317535545023697,20030228_easy_ham.tar.bz2,abc1bde0001d8d8a
0,1001.0,147.0,2.0,0.0,0.0,0.0,0.0,0.0,0.0,0.0,0.0,0.0,0.0,55.0,0.0483619344773791,20030228_easy_ham.tar.bz2,15563d742a43a06d
0,1313.0,203.0,2.0,0.0,0.0,0.0,0.0,0.0,0.0,0.0,0.0,0.0,0.0,31.0,0.05827505827505827,20030228_easy_ham.tar.bz2,b185b5cbc8ddeb6e
0,1122.0,167.0,2.0,0.0,0.0,0.0,0.0,0.0,0.0,0.0,0.0,0.0,0.0,41.0,0.06102635228848821,20030228_easy_ham.tar.bz2,8920b997cc1addd3
0,1767.0,259.0,7.0,0.0,0.0,0.0,0.0,0.0,0.0,0.0,0.0,0.0,1.0,40.0,0.06020066889632107,20030228_easy_ham.tar.bz2,12bc8c010ad4926d
0,1841.0,297.0,3.0,0.0,0.0,0.0,0.0,0.0,0.0,0.0,0.0,0.0,0.0,46.0,0.059236165237724084,20030228_easy_ham.tar.bz2,7892ac5c87491fd0
0,1811.0,270.0,4.0,0.0,0.0,0.0,0.0,0.0,0.0,0.0,0.0,0.0,0.0,32.0,0.07692307692307693,20030228_easy_ham.tar.bz2,32432511ad849bc8
0,696.0,92.0,2.0,0.0,0.0,0.0,0.0,0.0,0.0,0.0,0.0,0.0,0.0,45.0,0.037296037296037296,20030228_easy_ham.tar.bz2,a25080d3e619c1b6
0,1077.0,153.0,2.0,0.0,0.0,0.0,0.0,0.0,0.0,0.0,0.0,0.0,1.0,35.0,0.11587982832618025,20030228_easy_ham.tar.bz2,f6796a66ebb77c90
0,818.0,117.0,2.0,0.0,0.0,0.0,0.0,0.0,0.0,0.0,0.0,0.0,1.0,47.0,0.058394160583941604,20030228_easy_ham.tar.bz2,be864a8f77eb7ddf
0,1233.0,184.0,2.0,0.0,0.0,0.0,0.0,0.0,0.0,0.0,0.0,0.0,0.0,47.0,0.0441527446300716,20030228_easy_ham.tar.bz2,574ae5fa4c7903ab
0,1501.0,221.0,3.0,0.0,0.0,0.0,0.0,0.0,0.0,0.0,0.0,0.0,0.0,42.0,0.03733602421796166,20030228_easy_ham.tar.bz2,0a8599d9797fe91f
0,992.0,141.0,2.0,0.0,0.0,0.0,0.0,0.0,0.0,0.0,0.0,0.0,0.0,41.0,0.07266982622432859,20030228_easy_ham.tar.bz2,53364656e8950715
0,495.0,62.0,2.0,0.0,0.0,0.0,0.0,0.0,0.0,0.0,0.0,0.0,0.0,18.0,0.04950495049504951,20030228_easy_ham.tar.bz2,bd95410f53d1c9d8
0,1376.0,187.0,2.0,0.0,0.0,0.0,0.0,0.0,0.0,0.0,0.0,0.0,0.0,67.0,0.07373271889400922,20030228_easy_ham.tar.bz2,9275b4db3c8a58d2
0,767.0,108.0,2.0,0.0,0.0,0.0,0.0,0.0,0.0,0.0,0.0,0.0,0.0,62.0,0.06967213114754098,20030228_easy_ham.tar.bz2,6a48017c52835063
0,1015.0,144.0,2.0,0.0,0.0,0.0,0.0,0.0,0.0,0.0,0.0,0.0,0.0,84.0,0.05555555555555555,20030228_easy_ham.tar.bz2,ff312ba410cc6e5c
0,462.0,77.0,0.0,0.0,0.0,0.0,0.0,0.0,0.0,0.0,0.0,0.0,0.0,30.0,0.07854984894259819,20030228_easy_ham.tar.bz2,307f1ffba0c3ec23
0,535.0,89.0,0.0,0.0,0.0,0.0,0.0,0.0,0.0,0.0,0.0,0.0,0.0,35.0,0.0379746835443038,20030228_easy_ham.tar.bz2,315553169cc82e99
0,454.0,79.0,0.0,0.0,0.0,0.0,0.0,0.0,0.0,0.0,0.0,0.0,0.0,35.0,0.03550295857988166,20030228_easy_ham.tar.bz2,c575f66fd22911de
0,888.0,145.0,0.0,0.0,0.0,0.0,0.0,0.0,0.0,0.0,0.0,0.0,0.0,50.0,0.07108239095315025,20030228_easy_ham.tar.bz2,84725deb6dce4635
0,2107.0,298.0,4.0,0.0,0.0,0.0,0.0,0.0,0.0,0.0,0.0,0.0,0.0,30.0,0.1504035216434336,20030228_easy_ham.tar.bz2,1aeb85ca6b25f411
0,2370.0,342.0,3.0,0.0,0.0,0.0,0.0,0.0,0.0,0.0,0.0,0.0,1.0,43.0,0.10319634703196347,20030228_easy_ham.tar.bz2,3ba0f93932e68bc7
0,1220.0,198.0,0.0,0.0,0.0,0.0,0.0,0.0,0.0,0.0,0.0,0.0,0.0,43.0,0.04812206572769953,20030228_easy_ham.tar.bz2,4e2fe8b5243c7620
0,482.0,55.0,2.0,0.0,0.0,0.0,0.0,0.0,0.0,0.0,0.0,0.0,0.0,17.0,0.0673758865248227,20030228_easy_ham.tar.bz2,276b31ddedfaa7c9
0,547.0,65.0,2.0,0.0,0.0,0.0,0.0,0.0,0.0,0.0,0.0,0.0,0.0,22.0,0.03254437869822485,20030228_easy_ham.tar.bz2,94dba49f65ce09a3
0,1023.0,138.0,2.0,0.0,0.0,0.0,0.0,0.0,0.0,0.0,0.0,0.0,0.0,22.0,0.11925042589437819,20030228_easy_ham.tar.bz2,7a9c9ccc536605e6
0,990.0,130.0,3.0,0.0,0.0,0.0,0.0,0.0,0.0,0.0,0.0,0.0,1.0,22.0,0.07321131447587355,20030228_easy_ham.tar.bz2,d4bc150c02e93d96
0,811.0,108.0,2.0,0.0,0.0,0.0,0.0,0.0,0.0,0.0,0.0,0.0,0.0,22.0,0.044145873320537425,20030228_easy_ham.tar.bz2,a0550be5ea0e9840
0,1165.0,164.0,3.0,0.0,0.0,0.0,0.0,0.0,0.0,0.0,0.0,0.0,1.0,49.0,0.025974025974025976,20030228_easy_ham.tar.bz2,c7ced987a061748b
0,629.0,68.0,2.0,0.0,0.0,0.0,0.0,0.0,0.0,0.0,0.0,0.0,0.0,53.0,0.0575,20030228_easy_ham.tar.bz2,ca8e9ae0f288ced2
0,1115.0,143.0,2.0,0.0,0.0,0.0,0.0,0.0,0.0,0.0,0.0,0.0,0.0,56.0,0.1406003159557662,20030228_easy_ham.tar.bz2,3ad561f0a72584d1
0,1631.0,217.0,4.0,0.0,0.0,0.0,0.0,0.0,0.0,0.0,0.0,0.0,0.0,22.0,0.05971563981042654,20030228_easy_ham.tar.bz2,84b72f25d9300781
0,952.0,167.0,0.0,0.0,0.0,0.0,0.0,0.0,0.0,0.0,0.0,0.0,0.0,32.0,0.0962962962962963,20030228_easy_ham.tar.bz2,31047d3801a2f1b7
0,752.0,105.0,2.0,0.0,0.0,0.0,0.0,0.0,0.0,0.0,0.0,0.0,0.0,32.0,0.052525252525252523,20030228_easy_ham.tar.bz2,f7fd18568bb0f973
0,3563.0,493.0,2.0,0.0,0.0,0.0,0.0,0.0,0.0,0.0,0.0,0.0,0.0,41.0,0.0461606746560142,20030228_easy_ham.tar.bz2,35f96d15cf5f29ea
0,1797.0,230.0,5.0,0.0,0.0,0.0,0.0,0.0,0.0,0.0,0.0,0.0,0.0,28.0,0.16209034543844109,20030228_easy_ham.tar.bz2,c2554aa62e2e3c38
0,993.0,152.0,1.0,1.0,0.0,0.0,0.0,0.0,0.0,0.0,0.0,0.0,0.0,41.0,0.07797537619699042,20030228_easy_ham.tar.bz2,d2a6d1004e8014d8
0,841.0,115.0,4.0,0.0,0.0,0.0,0.0,0.0,0.0,0.0,0.0,0.0,0.0,20.0,0.05807622504537205,20030228_easy_ham.tar.bz2,ca4df9b82b3fcc0f
0,674.0,85.0,2.0,0.0,0.0,0.0,0.0,0.0,0.0,0.0,0.0,0.0,0.0,45.0,0.05393258426966292,20030228_easy_ham.tar.bz2,11baea62c0c6df21
0,1660.0,258.0,3.0,0.0,0.0,0.0,0.0,0.0,0.0,0.0,0.0,0.0,0.0,32.0,0.06713780918727916,20030228_easy_ham.tar.bz2,b29e7b7f1ab340c7
0,894.0,121.0,3.0,0.0,0.0,0.0,0.0,0.0,0.0,0.0,0.0,0.0,0.0,24.0,0.061452513966480445,20030228_easy_ham.tar.bz2,88826d1b610f4b17
0,804.0,118.0,1.0,0.0,0.0,0.0,0.0,0.0,0.0,0.0,0.0,0.0,0.0,41.0,0.15690866510538642,20030228_easy_ham.tar.bz2,b17ec19b55959987
0,1774.0,281.0,2.0,0.0,0.0,0.0,0.0,0.0,0.0,0.0,0.0,0.0,0.0,32.0,0.04595879556259905,20030228_easy_ham.tar.bz2,e5e57300cb7b6db3
0,2252.0,297.0,5.0,0.0,0.0,0.0,0.0,0.0,0.0,0.0,0.0,0.0,0.0,32.0,0.13314840499306518,20030228_easy_ham.tar.bz2,3d04f9dc0a21bc38
0,946.0,140.0,2.0,0.0,0.0,0.0,0.0,0.0,0.0,0.0,0.0,0.0,0.0,36.0,0.04225352112676056,20030228_easy_ham.tar.bz2,1bd90616451ec28d
0,2055.0,251.0,2.0,0.0,0.0,0.0,0.0,0.0,0.0,0.0,0.0,0.0,0.0,28.0,0.04065743944636678,20030228_easy_ham.tar.bz2,ae805864055127ab
0,1128.0,139.0,2.0,0.0,0.0,0.0,0.0,0.0,0.0,0.0,0.0,0.0,0.0,71.0,0.03588907014681892,20030228_easy_ham.tar.bz2,80296438e88bee0c
0,1781.0,289.0,3.0,0.0,0.0,0.0,0.0,0.0,0.0,0.0,0.0,0.0,1.0,32.0,0.037383177570093455,20030228_easy_ham.tar.bz2,a71c928e971f1d40
0,1054.0,141.0,2.0,0.0,0.0,0.0,0.0,0.0,0.0,0.0,0.0,0.0,0.0,45.0,0.165402124430956,20030228_easy_ham.tar.bz2,538c50d3e89eaf31
0,4112.0,518.0,2.0,0.0,0.0,0.0,0.0,0.0,0.0,0.0,0.0,0.0,0.0,41.0,0.054575986565911,20030228_easy_ham.tar.bz2,a113c95f10f77056
0,644.0,84.0,2.0,0.0,0.0,0.0,0.0,0.0,0.0,0.0,0.0,0.0,0.0,51.0,0.0330188679245283,20030228_easy_ham.tar.bz2,875778c12e70f200
0,1206.0,164.0,2.0,0.0,0.0,0.0,0.0,0.0,0.0,0.0,0.0,0.0,0.0,55.0,0.09612403100775194,20030228_easy_ham.tar.bz2,82cee6631dea8a59
0,1448.0,221.0,3.0,0.0,0.0,0.0,0.0,0.0,0.0,0.0,0.0,0.0,0.0,32.0,0.050761421319796954,20030228_easy_ham.tar.bz2,4cfb1b937cf32e61
0,1146.0,173.0,2.0,0.0,0.0,0.0,0.0,0.0,0.0,0.0,0.0,0.0,0.0,32.0,0.02706027060270603,20030228_easy_ham.tar.bz2,49b0f4b02b5a3e47
0,10417.0,1350.0,2.0,0.0,0.0,0.0,0.0,0.0,0.0,0.0,0.0,0.0,1.0,83.0,0.08290965975752836,20030228_easy_ham.tar.bz2,6c22fe0ccd9c32f3
0,666.0,83.0,2.0,0.0,0.0,0.0,0.0,0.0,0.0,0.0,0.0,0.0,1.0,36.0,0.06060606060606061,20030228_easy_ham.tar.bz2,74ffeb0a6a6a3053
0,1447.0,205.0,2.0,0.0,0.0,0.0,0.0,0.0,0.0,0.0,0.0,0.0,1.0,32.0,0.025440313111545987,20030228_easy_ham.tar.bz2,4040a71db4c40c44
0,1252.0,182.0,2.0,0.0,0.0,0.0,0.0,0.0,0.0,0.0,0.0,0.0,0.0,32.0,0.03932584269662921,20030228_easy_ham.tar.bz2,c64dc02b100ccf73
0,3374.0,520.0,4.0,0.0,0.0,0.0,0.0,0.0,0.0,0.0,0.0,0.0,0.0,32.0,0.036663980660757454,20030228_easy_ham.tar.bz2,d9ea078e57af9346
0,623.0,79.0,2.0,0.0,0.0,0.0,0.0,0.0,0.0,0.0,0.0,0.0,0.0,25.0,0.0364963503649635,20030228_easy_ham.tar.bz2,2368819dc85faeec
0,1910.0,288.0,3.0,0.0,0.0,0.0,0.0,0.0,0.0,0.0,0.0,0.0,1.0,32.0,0.04338070306656694,20030228_easy_ham.tar.bz2,fe29ff41e592694f
0,4327.0,661.0,4.0,0.0,0.0,0.0,0.0,0.0,0.0,0.0,0.0,0.0,1.0,32.0,0.03500473036896878,20030228_easy_ham.tar.bz2,30d6ba7f361941f2
0,805.0,106.0,2.0,0.0,0.0,0.0,0.0,0.0,0.0,0.0,0.0,0.0,1.0,32.0,0.04924242424242424,20030228_easy_ham.tar.bz2,efc3bafddd0b2831
0,1223.0,175.0,2.0,0.0,0.0,0.0,0.0,0.0,0.0,0.0,0.0,0.0,0.0,32.0,0.03584672435105068,20030228_easy_ham.tar.bz2,cfe9ebf18352893c
0,986.0,152.0,2.0,0.0,0.0,0.0,0.0,0.0,0.0,0.0,0.0,0.0,1.0,36.0,0.028125,20030228_easy_ham.tar.bz2,f1584ab1b08779fc
0,1668.0,256.0,3.0,0.0,0.0,0.0,0.0,0.0,0.0,0.0,0.0,0.0,0.0,32.0,0.026829268292682926,20030228_easy_ham.tar.bz2,570ebc6f0f894294
0,2637.0,426.0,2.0,0.0,0.0,0.0,0.0,0.0,0.0,0.0,0.0,0.0,1.0,32.0,0.028268551236749116,20030228_easy_ham.tar.bz2,1806c9164afd9bcc
0,1530.0,236.0,3.0,0.0,0.0,0.0,0.0,0.0,0.0,0.0,0.0,0.0,0.0,32.0,0.03597122302158273,20030228_easy_ham.tar.bz2,a1807a376c8e1ddb
0,1084.0,163.0,3.0,0.0,0.0,0.0,0.0,0.0,0.0,0.0,0.0,0.0,0.0,69.0,0.04979253112033195,20030228_easy_ham.tar.bz2,ea014b8c49f051f1
0,880.0,130.0,2.0,0.0,0.0,0.0,0.0,0.0,0.0,0.0,0.0,0.0,0.0,69.0,0.052083333333333336,20030228_easy_ham.tar.bz2,d2e42b7ca3927aa0
0,1180.0,155.0,2.0,0.0,0.0,0.0,0.0,0.0,0.0,0.0,0.0,0.0,0.0,56.0,0.03463203463203463,20030228_easy_ham.tar.bz2,771f6a8d4b8dce7f
0,878.0,118.0,2.0,0.0,0.0,0.0,1.0,0.0,0.0,0.0,0.0,0.0,1.0,69.0,0.048507462686567165,20030228_easy_ham.tar.bz2,1ba8409dad130a90
0,1024.0,154.0,2.0,0.0,0.0,0.0,0.0,0.0,0.0,0.0,0.0,0.0,1.0,69.0,0.07082630691399663,20030228_easy_ham.tar.bz2,7226905ace04b1b3
0,1220.0,191.0,2.0,0.0,0.0,0.0,0.0,0.0,0.0,0.0,0.0,0.0,0.0,32.0,0.03672985781990521,20030228_easy_ham.tar.bz2,a6b3e19ef747f973
0,717.0,98.0,2.0,0.0,0.0,0.0,0.0,0.0,0.0,0.0,0.0,0.0,0.0,57.0,0.08571428571428572,20030228_easy_ham.tar.bz2,3403769ad707dc36
0,841.0,148.0,0.0,0.0,0.0,0.0,0.0,0.0,0.0,0.0,0.0,0.0,1.0,32.0,0.03536977491961415,20030228_easy_ham.tar.bz2,b8eb5eb5406cc23d
0,470.0,73.0,0.0,0.0,0.0,0.0,0.0,0.0,0.0,0.0,0.0,0.0,0.0,47.0,0.02586206896551724,20030228_easy_ham.tar.bz2,7176b92492a84c24
0,144.0,24.0,0.0,0.0,0.0,0.0,0.0,0.0,0.0,0.0,0.0,0.0,0.0,40.0,0.11956521739130435,20030228_easy_ham.tar.bz2,6ff30c3ff588e43c
0,2200.0,386.0,0.0,0.0,0.0,0.0,0.0,0.0,0.0,0.0,0.0,0.0,1.0,40.0,0.07416719044626022,20030228_easy_ham.tar.bz2,2de1ab79a44b8552
0,1891.0,231.0,2.0,0.0,0.0,0.0,0.0,0.0,0.0,0.0,0.0,0.0,0.0,32.0,0.06435643564356436,20030228_easy_ham.tar.bz2,d541f7b75ae0d772
0,397.0,62.0,0.0,0.0,0.0,0.0,0.0,0.0,0.0,0.0,0.0,0.0,1.0,50.0,0.14285714285714285,20030228_easy_ham.tar.bz2,18275c96647b6a75
0,973.0,133.0,3.0,0.0,0.0,0.0,0.0,0.0,0.0,0.0,0.0,0.0,0.0,33.0,0.040880503144654086,20030228_easy_ham.tar.bz2,3d6c5d536c0c8021
0,1696.0,238.0,5.0,0.0,0.0,0.0,0.0,0.0,0.0,0.0,0.0,0.0,0.0,37.0,0.0528714676390155,20030228_easy_ham.tar.bz2,8f1369f74e14ab34
0,881.0,130.0,5.0,0.0,0.0,0.0,0.0,0.0,0.0,0.0,0.0,0.0,0.0,33.0,0.07303370786516854,20030228_easy_ham.tar.bz2,c77182f949cc66bc
0,1070.0,170.0,2.0,0.0,0.0,0.0,0.0,0.0,0.0,0.0,0.0,0.0,0.0,40.0,0.03208556149732621,20030228_easy_ham.tar.bz2,8efcafd04d1dc230
0,1538.0,189.0,3.0,0.0,0.0,0.0,0.0,0.0,0.0,0.0,0.0,0.0,0.0,44.0,0.05184331797235023,20030228_easy_ham.tar.bz2,974aac4ec6292619
0,862.0,150.0,0.0,0.0,0.0,0.0,0.0,0.0,0.0,0.0,0.0,0.0,0.0,37.0,0.08566433566433566,20030228_easy_ham.tar.bz2,99850601aaef7aef
0,929.0,136.0,6.0,0.0,0.0,0.0,0.0,0.0,0.0,0.0,0.0,0.0,1.0,37.0,0.06902654867256637,20030228_easy_ham.tar.bz2,0d43ce44858e2706
0,1612.0,229.0,8.0,0.0,0.0,0.0,0.0,0.0,0.0,0.0,0.0,0.0,1.0,37.0,0.07042253521126761,20030228_easy_ham.tar.bz2,b8a5a7257b643f08
0,668.0,109.0,0.0,0.0,0.0,0.0,0.0,0.0,0.0,0.0,0.0,0.0,0.0,37.0,0.04008438818565401,20030228_easy_ham.tar.bz2,f0ebcace67e14ae2
0,1666.0,273.0,2.0,0.0,0.0,0.0,0.0,0.0,0.0,1.0,0.0,0.0,0.0,21.0,0.036154478225143796,20030228_easy_ham.tar.bz2,2f21cabff7602f17
0,763.0,118.0,1.0,0.0,0.0,0.0,0.0,0.0,0.0,0.0,0.0,0.0,0.0,18.0,0.22182468694096602,20030228_easy_ham.tar.bz2,b48adec744396b1b
0,789.0,108.0,3.0,0.0,0.0,0.0,0.0,0.0,0.0,0.0,0.0,0.0,0.0,22.0,0.2332155477031802,20030228_easy_ham.tar.bz2,234e5ce768e05704
0,1152.0,178.0,2.0,0.0,0.0,0.0,0.0,0.0,0.0,0.0,0.0,0.0,0.0,22.0,0.1702127659574468,20030228_easy_ham.tar.bz2,6ba862cf44153a75
0,2057.0,353.0,0.0,0.0,0.0,0.0,0.0,0.0,0.0,0.0,0.0,0.0,1.0,22.0,0.028553299492385786,20030228_easy_ham.tar.bz2,ded56f665d870608
0,1988.0,323.0,0.0,0.0,0.0,0.0,0.0,0.0,0.0,0.0,0.0,0.0,1.0,22.0,0.030483764082173626,20030228_easy_ham.tar.bz2,93325cfe5d199946
0,1174.0,196.0,1.0,0.0,0.0,0.0,0.0,0.0,0.0,0.0,0.0,0.0,0.0,22.0,0.0449438202247191,20030228_easy_ham.tar.bz2,a191441369921c45
0,1852.0,315.0,1.0,0.0,0.0,0.0,0.0,0.0,0.0,0.0,0.0,0.0,0.0,22.0,0.049019607843137254,20030228_easy_ham.tar.bz2,5dfe9b40e39448df
0,477.0,84.0,2.0,0.0,0.0,0.0,0.0,0.0,0.0,0.0,0.0,0.0,0.0,22.0,0.049707602339181284,20030228_easy_ham.tar.bz2,c2992268faf58441
0,699.0,122.0,0.0,0.0,0.0,0.0,0.0,0.0,0.0,0.0,0.0,0.0,1.0,50.0,0.07608695652173914,20030228_easy_ham.tar.bz2,bb42f9867edf949f
0,251.0,42.0,1.0,0.0,0.0,0.0,0.0,0.0,0.0,0.0,0.0,0.0,0.0,31.0,0.09326424870466321,20030228_easy_ham.tar.bz2,cf84635608dcc4f3
0,2039.0,351.0,0.0,0.0,0.0,0.0,0.0,0.0,0.0,0.0,0.0,0.0,0.0,31.0,0.0266844563042028,20030228_easy_ham.tar.bz2,cde1f307db45d49e
0,208.0,37.0,0.0,0.0,0.0,0.0,0.0,0.0,0.0,0.0,0.0,0.0,0.0,31.0,0.1,20030228_easy_ham.tar.bz2,35fd8e2adbe65e5e
0,1227.0,232.0,0.0,0.0,0.0,0.0,0.0,0.0,0.0,0.0,0.0,0.0,1.0,22.0,0.02903225806451613,20030228_easy_ham.tar.bz2,cbee36dfa9f422ed
0,1720.0,305.0,0.0,0.0,0.0,0.0,0.0,0.0,0.0,0.0,0.0,0.0,1.0,22.0,0.036306235201262825,20030228_easy_ham.tar.bz2,cd12fa9ed3927bd3
0,1926.0,309.0,0.0,0.0,0.0,0.0,0.0,0.0,0.0,0.0,0.0,0.0,1.0,31.0,0.03154362416107383,20030228_easy_ham.tar.bz2,ac383140484fc140
0,1278.0,223.0,0.0,0.0,0.0,0.0,0.0,0.0,0.0,0.0,0.0,0.0,1.0,22.0,0.029914529914529916,20030228_easy_ham.tar.bz2,7574adacc898c607
0,1317.0,167.0,0.0,0.0,0.0,0.0,0.0,0.0,0.0,0.0,0.0,0.0,1.0,65.0,0.16845878136200718,20030228_easy_ham.tar.bz2,844c9340f0b0f362
0,643.0,102.0,0.0,0.0,0.0,0.0,0.0,0.0,0.0,0.0,0.0,0.0,1.0,23.0,0.021367521367521368,20030228_easy_ham.tar.bz2,64fdd85544ab7d23
0,875.0,119.0,3.0,0.0,0.0,0.0,0.0,0.0,0.0,0.0,0.0,0.0,1.0,38.0,0.0692167577413479,20030228_easy_ham.tar.bz2,0d930f80d0f1b4e4
0,1373.0,203.0,2.0,0.0,0.0,0.0,0.0,0.0,0.0,0.0,0.0,0.0,1.0,51.0,0.05067567567567568,20030228_easy_ham.tar.bz2,29c283e3d56e137a
0,627.0,71.0,2.0,0.0,0.0,0.0,0.0,0.0,0.0,0.0,0.0,0.0,0.0,56.0,0.043373493975903614,20030228_easy_ham.tar.bz2,3b91cc81f0964d22
0,945.0,97.0,3.0,0.0,0.0,0.0,0.0,0.0,0.0,0.0,0.0,0.0,0.0,51.0,0.08369098712446352,20030228_easy_ham.tar.bz2,6216f8c3c4ea8fec
0,822.0,110.0,3.0,0.0,0.0,0.0,0.0,0.0,0.0,0.0,0.0,0.0,0.0,43.0,0.040160642570281124,20030228_easy_ham.tar.bz2,3cbd6c1daf6c1bd1
0,610.0,98.0,1.0,0.0,0.0,0.0,0.0,0.0,0.0,0.0,0.0,0.0,0.0,51.0,0.07654320987654321,20030228_easy_ham.tar.bz2,8164d6b3906aa99d
0,1028.0,185.0,0.0,0.0,0.0,0.0,0.0,0.0,0.0,0.0,0.0,0.0,0.0,26.0,0.05114401076716016,20030228_easy_ham.tar.bz2,548d19b56263f05f
0,1195.0,172.0,2.0,0.0,0.0,0.0,0.0,0.0,0.0,0.0,0.0,0.0,0.0,63.0,0.04131054131054131,20030228_easy_ham.tar.bz2,9b459f993cb7f68d
0,1254.0,190.0,2.0,0.0,0.0,0.0,0.0,0.0,0.0,0.0,0.0,0.0,0.0,49.0,0.05203619909502263,20030228_easy_ham.tar.bz2,0b8d3fb23cbb8c2c
0,1773.0,258.0,2.0,0.0,0.0,0.0,0.0,0.0,0.0,0.0,0.0,0.0,1.0,73.0,0.042727272727272725,20030228_easy_ham.tar.bz2,9d756d6312303dfd
0,1389.0,193.0,2.0,0.0,0.0,0.0,0.0,0.0,0.0,0.0,0.0,0.0,1.0,35.0,0.09518477043673013,20030228_easy_ham.tar.bz2,b9bb93ab09e2503a
0,2094.0,320.0,0.0,0.0,0.0,0.0,0.0,0.0,0.0,0.0,0.0,1.0,1.0,74.0,0.11529592621060722,20030228_easy_ham.tar.bz2,9094934ffe24022b
0,701.0,88.0,4.0,0.0,0.0,0.0,0.0,0.0,0.0,0.0,0.0,0.0,0.0,75.0,0.08208955223880597,20030228_easy_ham.tar.bz2,e34ebdc73eba7518
0,923.0,129.0,2.0,0.0,0.0,0.0,0.0,0.0,0.0,0.0,0.0,0.0,0.0,84.0,0.12709030100334448,20030228_easy_ham.tar.bz2,306e1c9ead46512c
0,1479.0,240.0,2.0,0.0,0.0,0.0,0.0,0.0,0.0,0.0,0.0,0.0,0.0,49.0,0.03813155386081983,20030228_easy_ham.tar.bz2,eeb95eab1049175c
0,778.0,101.0,2.0,0.0,0.0,0.0,0.0,0.0,0.0,0.0,0.0,0.0,0.0,30.0,0.10337972166998012,20030228_easy_ham.tar.bz2,7ff07404f416ed33
0,1107.0,150.0,2.0,0.0,0.0,0.0,0.0,0.0,0.0,0.0,0.0,0.0,0.0,42.0,0.056708160442600276,20030228_easy_ham.tar.bz2,98d59c0c9fb79158
0,1643.0,228.0,2.0,0.0,0.0,0.0,0.0,0.0,0.0,0.0,0.0,0.0,1.0,35.0,0.09161041465766634,20030228_easy_ham.tar.bz2,175e70aae89bda91
0,600.0,78.0,3.0,0.0,0.0,0.0,0.0,0.0,0.0,0.0,0.0,0.0,0.0,37.0,0.052770448548812667,20030228_easy_ham.tar.bz2,63f56b766e4a31d6
0,476.0,58.0,2.0,0.0,0.0,0.0,0.0,0.0,0.0,0.0,0.0,0.0,0.0,41.0,0.045454545454545456,20030228_easy_ham.tar.bz2,66f1b27af4bed2d2
0,730.0,137.0,0.0,0.0,0.0,0.0,0.0,0.0,0.0,0.0,0.0,0.0,0.0,61.0,0.06147540983606557,20030228_easy_ham.tar.bz2,e32405800812090e
0,1116.0,164.0,2.0,0.0,0.0,0.0,0.0,0.0,0.0,0.0,0.0,0.0,0.0,31.0,0.05540540540540541,20030228_easy_ham.tar.bz2,d5826b48788c180d
0,602.0,103.0,0.0,0.0,0.0,0.0,0.0,0.0,0.0,0.0,0.0,0.0,0.0,59.0,0.05116279069767442,20030228_easy_ham.tar.bz2,6bb99814a9164338
0,1085.0,151.0,3.0,0.0,0.0,0.0,0.0,0.0,0.0,0.0,0.0,0.0,0.0,55.0,0.043795620437956206,20030228_easy_ham.tar.bz2,908c849c54bd8d16
0,2002.0,290.0,3.0,0.0,0.0,0.0,0.0,0.0,0.0,0.0,0.0,0.0,1.0,31.0,0.046395431834404,20030228_easy_ham.tar.bz2,a184b2b64d64d9f7
0,1060.0,154.0,2.0,0.0,0.0,0.0,0.0,0.0,0.0,0.0,0.0,0.0,1.0,28.0,0.0680786686838124,20030228_easy_ham.tar.bz2,6fbd7a509cfcf674
0,1045.0,150.0,2.0,0.0,0.0,0.0,0.0,0.0,0.0,0.0,0.0,0.0,1.0,13.0,0.04783258594917788,20030228_easy_ham.tar.bz2,b93dc2e017af8232
0,849.0,115.0,3.0,0.0,0.0,0.0,0.0,0.0,0.0,0.0,0.0,0.0,0.0,73.0,0.062264150943396226,20030228_easy_ham.tar.bz2,4a5fa99c6637e056
0,788.0,103.0,3.0,0.0,0.0,0.0,0.0,0.0,0.0,0.0,0.0,0.0,0.0,81.0,0.045548654244306416,20030228_easy_ham.tar.bz2,4b0984ff66bbe416
0,460.0,51.0,2.0,0.0,0.0,0.0,0.0,0.0,0.0,0.0,0.0,0.0,1.0,35.0,0.045283018867924525,20030228_easy_ham.tar.bz2,cfd515964c9fd85c
0,1554.0,284.0,0.0,0.0,0.0,0.0,0.0,0.0,0.0,0.0,0.0,0.0,0.0,26.0,0.03423423423423423,20030228_easy_ham.tar.bz2,72b7ad5bb90ae073
0,2219.0,354.0,3.0,0.0,0.0,0.0,0.0,0.0,0.0,0.0,0.0,0.0,0.0,44.0,0.053367217280813214,20030228_easy_ham.tar.bz2,88782b715fe94c60
0,554.0,66.0,2.0,0.0,0.0,0.0,0.0,0.0,0.0,0.0,0.0,0.0,0.0,110.0,0.042492917847025496,20030228_easy_ham.tar.bz2,5a46175d2421f327
0,890.0,126.0,3.0,0.0,0.0,0.0,0.0,0.0,0.0,0.0,0.0,0.0,0.0,45.0,0.0846286701208981,20030228_easy_ham.tar.bz2,f4d3b297f988e1e6
0,2093.0,277.0,6.0,0.0,0.0,0.0,0.0,0.0,0.0,0.0,0.0,0.0,0.0,44.0,0.0520471894517696,20030228_easy_ham.tar.bz2,dace7c7eeaf5eb4a
0,1324.0,189.0,2.0,0.0,0.0,0.0,0.0,0.0,0.0,0.0,0.0,0.0,0.0,45.0,0.1100811123986095,20030228_easy_ham.tar.bz2,effae2bd9be3712d
0,580.0,66.0,2.0,0.0,0.0,0.0,0.0,0.0,0.0,0.0,0.0,0.0,0.0,25.0,0.06358381502890173,20030228_easy_ham.tar.bz2,468d39d1a1a9a8b4
0,1287.0,178.0,2.0,0.0,0.0,0.0,0.0,0.0,0.0,0.0,0.0,0.0,1.0,53.0,0.05910735826296743,20030228_easy_ham.tar.bz2,66ffa3dcdbdfcd11
0,1974.0,281.0,4.0,0.0,0.0,0.0,0.0,0.0,0.0,0.0,0.0,0.0,1.0,59.0,0.05104408352668213,20030228_easy_ham.tar.bz2,614092f2b0daf352
0,914.0,125.0,2.0,0.0,0.0,0.0,0.0,0.0,0.0,0.0,0.0,1.0,0.0,36.0,0.03875968992248062,20030228_easy_ham.tar.bz2,ca8a439de3ecbc5e
0,1546.0,239.0,2.0,0.0,0.0,0.0,0.0,0.0,0.0,0.0,0.0,0.0,0.0,47.0,0.017351598173515982,20030228_easy_ham.tar.bz2,1934f732d18acc45
0,2160.0,284.0,6.0,0.0,0.0,0.0,0.0,0.0,0.0,0.0,0.0,0.0,0.0,42.0,0.06790564689063616,20030228_easy_ham.tar.bz2,e3d4339ecfad06cf
0,2795.0,486.0,2.0,0.0,0.0,0.0,0.0,0.0,0.0,0.0,0.0,0.0,1.0,32.0,0.058823529411764705,20030228_easy_ham.tar.bz2,f7262dce75edd20a
0,1870.0,325.0,0.0,0.0,0.0,0.0,0.0,0.0,0.0,0.0,0.0,0.0,0.0,53.0,0.022447501810282405,20030228_easy_ham.tar.bz2,9ec9e49d441d02d5
0,1469.0,214.0,2.0,0.0,0.0,0.0,0.0,0.0,0.0,0.0,0.0,0.0,0.0,53.0,0.03421309872922776,20030228_easy_ham.tar.bz2,a1cb86a3abba28db
0,770.0,98.0,2.0,0.0,0.0,0.0,0.0,0.0,0.0,0.0,0.0,0.0,0.0,53.0,0.03368421052631579,20030228_easy_ham.tar.bz2,b0a6f4d8ae0707ec
0,1308.0,214.0,2.0,0.0,0.0,0.0,0.0,0.0,0.0,0.0,0.0,1.0,0.0,47.0,0.04535398230088496,20030228_easy_ham.tar.bz2,1915d6660eed8eaa
0,2207.0,365.0,0.0,0.0,0.0,0.0,0.0,0.0,0.0,0.0,0.0,0.0,0.0,51.0,0.052307692307692305,20030228_easy_ham.tar.bz2,00d0f1a4c1800696
0,1009.0,227.0,0.0,0.0,0.0,0.0,0.0,0.0,0.0,0.0,0.0,0.0,1.0,39.0,0.10648148148148148,20030228_easy_ham.tar.bz2,64d33e041934c6c8
0,851.0,112.0,2.0,0.0,0.0,0.0,0.0,0.0,0.0,0.0,0.0,0.0,0.0,51.0,0.03925233644859813,20030228_easy_ham.tar.bz2,e30ca2d6dc01325c
0,1047.0,182.0,0.0,0.0,0.0,0.0,0.0,0.0,0.0,0.0,0.0,0.0,0.0,41.0,0.047936085219707054,20030228_easy_ham.tar.bz2,6c873f5c0b3a4633
0,500.0,60.0,2.0,0.0,0.0,0.0,0.0,0.0,0.0,0.0,0.0,0.0,0.0,46.0,0.03184713375796178,20030228_easy_ham.tar.bz2,72fe0aec2b3c8ae4
0,827.0,114.0,2.0,0.0,0.0,0.0,0.0,0.0,0.0,0.0,0.0,0.0,0.0,53.0,0.04307116104868914,20030228_easy_ham.tar.bz2,ca27060f59e4d0a9
0,763.0,106.0,2.0,0.0,0.0,0.0,0.0,0.0,0.0,0.0,0.0,0.0,0.0,48.0,0.05702647657841141,20030228_easy_ham.tar.bz2,c8c0664233e9bb6a
0,1038.0,150.0,2.0,0.0,0.0,0.0,0.0,0.0,0.0,0.0,0.0,0.0,0.0,48.0,0.02631578947368421,20030228_easy_ham.tar.bz2,b43b9b5dff684abc
0,993.0,143.0,2.0,0.0,0.0,0.0,0.0,0.0,0.0,0.0,0.0,0.0,0.0,52.0,0.06327160493827161,20030228_easy_ham.tar.bz2,0c2490c7099b46ab
0,976.0,145.0,2.0,0.0,0.0,0.0,0.0,0.0,0.0,0.0,0.0,0.0,0.0,48.0,0.042682926829268296,20030228_easy_ham.tar.bz2,f2242239778815b9
0,472.0,57.0,2.0,0.0,0.0,0.0,0.0,0.0,0.0,0.0,0.0,0.0,0.0,25.0,0.030303030303030304,20030228_easy_ham.tar.bz2,cd96fa92d134d3e6
0,989.0,164.0,3.0,0.0,0.0,0.0,0.0,0.0,0.0,0.0,0.0,0.0,0.0,34.0,0.08524590163934426,20030228_easy_ham.tar.bz2,991510993dda50af
0,1684.0,259.0,0.0,0.0,0.0,0.0,0.0,0.0,0.0,0.0,0.0,0.0,0.0,35.0,0.165,20030228_easy_ham.tar.bz2,c4490b243c572417
0,420.0,64.0,0.0,0.0,0.0,0.0,0.0,0.0,0.0,0.0,0.0,0.0,1.0,35.0,0.039603960396039604,20030228_easy_ham.tar.bz2,175e13fcdc848762
0,888.0,147.0,0.0,0.0,0.0,0.0,0.0,0.0,0.0,0.0,0.0,0.0,0.0,79.0,0.02735562310030395,20030228_easy_ham.tar.bz2,4c1fd5a483941467
0,1108.0,195.0,0.0,0.0,0.0,0.0,0.0,0.0,0.0,0.0,0.0,0.0,0.0,62.0,0.03942652329749104,20030228_easy_ham.tar.bz2,7a07acecce50b36d
0,858.0,145.0,0.0,0.0,0.0,0.0,0.0,0.0,0.0,0.0,0.0,0.0,1.0,84.0,0.04754358161648178,20030228_easy_ham.tar.bz2,5bb8b3d52a614270
0,833.0,143.0,0.0,0.0,0.0,0.0,0.0,0.0,0.0,0.0,0.0,0.0,0.0,18.0,0.027868852459016394,20030228_easy_ham.tar.bz2,6e940c74e14c3bf4
0,593.0,89.0,0.0,0.0,0.0,0.0,0.0,0.0,0.0,0.0,0.0,0.0,1.0,22.0,0.04938271604938271,20030228_easy_ham.tar.bz2,ce01fa1c6f20cbb3
0,767.0,104.0,2.0,0.0,0.0,0.0,0.0,0.0,0.0,0.0,0.0,0.0,1.0,42.0,0.047244094488188976,20030228_easy_ham.tar.bz2,c63c38839765468b
0,432.0,78.0,1.0,0.0,0.0,0.0,0.0,0.0,0.0,0.0,0.0,0.0,0.0,17.0,0.04075235109717868,20030228_easy_ham.tar.bz2,5e533da8aaa7fb00
0,1004.0,151.0,0.0,0.0,0.0,0.0,0.0,0.0,0.0,0.0,0.0,0.0,0.0,73.0,0.0636604774535809,20030228_easy_ham.tar.bz2,4127cd3e7ff0ee31
0,1001.0,170.0,0.0,0.0,0.0,0.0,0.0,0.0,0.0,0.0,0.0,0.0,0.0,18.0,0.03204272363150868,20030228_easy_ham.tar.bz2,4f4c05015c8be251
0,1121.0,122.0,3.0,0.0,0.0,0.0,0.0,0.0,0.0,0.0,0.0,0.0,0.0,48.0,0.2146422628951747,20030228_easy_ham.tar.bz2,513b3484effa423d
0,1033.0,106.0,3.0,0.0,0.0,0.0,0.0,0.0,0.0,0.0,0.0,0.0,0.0,75.0,0.08133086876155268,20030228_easy_ham.tar.bz2,404145ee2ebdbe77
0,781.0,103.0,3.0,0.0,0.0,0.0,0.0,0.0,0.0,0.0,0.0,0.0,0.0,67.0,0.0411522633744856,20030228_easy_ham.tar.bz2,15471251abdb5bf3
0,702.0,93.0,3.0,0.0,0.0,0.0,0.0,0.0,0.0,0.0,0.0,0.0,0.0,45.0,0.04245283018867924,20030228_easy_ham.tar.bz2,3185f52f58845f1f
0,2143.0,291.0,3.0,0.0,0.0,0.0,0.0,0.0,0.0,0.0,0.0,0.0,0.0,44.0,0.026170798898071626,20030228_easy_ham.tar.bz2,23e98c17dacdd23b
0,1070.0,149.0,3.0,0.0,0.0,0.0,0.0,0.0,0.0,0.0,0.0,0.0,1.0,23.0,0.06074074074074074,20030228_easy_ham.tar.bz2,3b623476700c8a70
0,2073.0,291.0,4.0,0.0,0.0,0.0,0.0,0.0,0.0,0.0,0.0,0.0,0.0,42.0,0.048678720445062586,20030228_easy_ham.tar.bz2,d350ec7f88a014e6
0,3191.0,435.0,4.0,0.0,0.0,0.0,0.0,0.0,0.0,0.0,0.0,0.0,0.0,31.0,0.04170616113744076,20030228_easy_ham.tar.bz2,12813495193fad74
0,479.0,75.0,0.0,0.0,0.0,0.0,0.0,0.0,0.0,0.0,0.0,0.0,0.0,52.0,0.06303724928366762,20030228_easy_ham.tar.bz2,71f4155322a5d73f
0,679.0,103.0,2.0,0.0,0.0,0.0,0.0,0.0,0.0,0.0,0.0,0.0,0.0,22.0,0.06682027649769585,20030228_easy_ham.tar.bz2,9c6ad5b9b90d1192
0,1060.0,181.0,1.0,0.0,0.0,0.0,0.0,0.0,0.0,0.0,0.0,0.0,1.0,73.0,0.05228758169934641,20030228_easy_ham.tar.bz2,fed357cb56558e3d
0,1308.0,200.0,5.0,0.0,0.0,0.0,0.0,0.0,0.0,0.0,0.0,0.0,0.0,26.0,0.07734204793028322,20030228_easy_ham.tar.bz2,cb970cfad4f1efe8
0,89.0,15.0,0.0,0.0,0.0,0.0,0.0,0.0,0.0,0.0,0.0,0.0,1.0,105.0,0.030303030303030304,20030228_easy_ham.tar.bz2,0fffc5c338b7ec98
0,694.0,113.0,0.0,0.0,0.0,0.0,0.0,0.0,0.0,0.0,0.0,0.0,1.0,27.0,0.050970873786407765,20030228_easy_ham.tar.bz2,fe3a623e532fa526
0,222.0,41.0,0.0,0.0,0.0,0.0,0.0,0.0,0.0,0.0,0.0,0.0,0.0,17.0,0.032679738562091505,20030228_easy_ham.tar.bz2,ac14630cf0df887e
0,1383.0,238.0,0.0,0.0,0.0,0.0,0.0,0.0,0.0,0.0,0.0,0.0,1.0,43.0,0.12,20030228_easy_ham.tar.bz2,81449af1fbb7658b
0,1512.0,182.0,2.0,0.0,0.0,0.0,0.0,0.0,0.0,0.0,0.0,0.0,1.0,72.0,0.06164383561643835,20030228_easy_ham.tar.bz2,dadcf180e5548347
0,1215.0,144.0,2.0,0.0,0.0,0.0,0.0,0.0,0.0,0.0,0.0,0.0,0.0,62.0,0.03230769230769231,20030228_easy_ham.tar.bz2,418ec630d07e6dc0
0,2697.0,310.0,2.0,0.0,0.0,0.0,0.0,0.0,0.0,0.0,0.0,0.0,1.0,108.0,0.04226312201772325,20030228_easy_ham.tar.bz2,68a9627f4562c2b1
0,1167.0,130.0,2.0,0.0,0.0,0.0,0.0,0.0,0.0,0.0,0.0,0.0,0.0,52.0,0.030959752321981424,20030228_easy_ham.tar.bz2,9727e35c0edb581b
0,1786.0,215.0,2.0,0.0,0.0,0.0,0.0,0.0,0.0,0.0,0.0,0.0,0.0,85.0,0.16143497757847533,20030228_easy_ham.tar.bz2,b77c5136d55cb8ed
0,2655.0,296.0,2.0,0.0,0.0,0.0,0.0,0.0,0.0,0.0,0.0,0.0,1.0,92.0,0.041695146958304855,20030228_easy_ham.tar.bz2,a789a7c943045dcb
0,743.0,95.0,2.0,0.0,0.0,0.0,0.0,0.0,0.0,0.0,0.0,0.0,0.0,31.0,0.10407239819004525,20030228_easy_ham.tar.bz2,5a1572d9f6b0325a
0,720.0,92.0,2.0,0.0,0.0,0.0,0.0,0.0,0.0,0.0,0.0,0.0,0.0,57.0,0.024742268041237112,20030228_easy_ham.tar.bz2,68f76f56ccbc8a1d
0,1094.0,121.0,3.0,0.0,0.0,0.0,0.0,0.0,0.0,0.0,0.0,0.0,0.0,60.0,0.06621392190152801,20030228_easy_ham.tar.bz2,a01e2b5f813f66c4
0,1549.0,217.0,3.0,0.0,0.0,0.0,0.0,0.0,0.0,0.0,0.0,0.0,0.0,90.0,0.041357370095440084,20030228_easy_ham.tar.bz2,a6c3c73e1faa42cc
0,3357.0,508.0,3.0,0.0,0.0,0.0,0.0,0.0,0.0,0.0,0.0,0.0,0.0,49.0,0.0740265297389816,20030228_easy_ham.tar.bz2,a20a6154de9fd4a1
0,759.0,89.0,3.0,0.0,0.0,0.0,0.0,0.0,0.0,0.0,0.0,0.0,0.0,90.0,0.05063291139240506,20030228_easy_ham.tar.bz2,916c72d37d37fe42
0,998.0,97.0,3.0,0.0,0.0,0.0,0.0,0.0,0.0,0.0,0.0,0.0,0.0,52.0,0.07543520309477757,20030228_easy_ham.tar.bz2,8bbf7771c47effe6
0,922.0,81.0,3.0,0.0,0.0,0.0,0.0,0.0,0.0,0.0,0.0,0.0,0.0,41.0,0.07758620689655173,20030228_easy_ham.tar.bz2,bb0976f0d6e7a033
0,963.0,90.0,3.0,0.0,0.0,0.0,0.0,0.0,0.0,0.0,0.0,0.0,0.0,44.0,0.09018036072144289,20030228_easy_ham.tar.bz2,75e0c073cde276ee
0,1468.0,183.0,4.0,0.0,0.0,0.0,0.0,0.0,0.0,0.0,0.0,0.0,0.0,50.0,0.04338842975206612,20030228_easy_ham.tar.bz2,04fd6ed31f5909de
0,795.0,95.0,3.0,0.0,0.0,0.0,0.0,0.0,0.0,0.0,0.0,0.0,0.0,45.0,0.06862745098039216,20030228_easy_ham.tar.bz2,e6e9ddbddff8051a
0,6729.0,1148.0,3.0,0.0,0.0,0.0,0.0,0.0,0.0,0.0,0.0,0.0,0.0,43.0,0.38979591836734695,20030228_easy_ham.tar.bz2,1ca7ad4b3cba00bd
0,852.0,116.0,3.0,0.0,0.0,0.0,0.0,0.0,0.0,0.0,0.0,0.0,0.0,38.0,0.02962962962962963,20030228_easy_ham.tar.bz2,83c27fd2e288ecf7
0,2454.0,375.0,3.0,0.0,0.0,0.0,0.0,0.0,0.0,0.0,0.0,0.0,0.0,50.0,0.19393939393939394,20030228_easy_ham.tar.bz2,3226bacc0505f127
0,1094.0,193.0,0.0,0.0,0.0,0.0,0.0,0.0,0.0,0.0,0.0,0.0,0.0,50.0,0.062421972534332085,20030228_easy_ham.tar.bz2,11e6ea0fa04c8393
0,620.0,89.0,0.0,0.0,0.0,0.0,0.0,0.0,0.0,0.0,0.0,0.0,0.0,26.0,0.036057692307692304,20030228_easy_ham.tar.bz2,17a6bf845cf8d919
0,642.0,79.0,3.0,0.0,0.0,0.0,0.0,0.0,0.0,0.0,0.0,0.0,0.0,60.0,0.018140589569160998,20030228_easy_ham.tar.bz2,c9a6f0400da06736
0,992.0,148.0,2.0,0.0,0.0,0.0,0.0,0.0,0.0,0.0,0.0,0.0,0.0,33.0,0.03765060240963856,20030228_easy_ham.tar.bz2,cf4e0f377c84dbfd
0,662.0,94.0,2.0,0.0,0.0,0.0,0.0,0.0,0.0,0.0,0.0,0.0,0.0,38.0,0.08333333333333333,20030228_easy_ham.tar.bz2,337cda74063cdffe
0,1166.0,203.0,0.0,0.0,0.0,0.0,0.0,0.0,0.0,0.0,0.0,0.0,0.0,59.0,0.03407755581668625,20030228_easy_ham.tar.bz2,a2f7d31f79bbc196
0,1333.0,144.0,3.0,0.0,0.0,0.0,0.0,0.0,0.0,0.0,0.0,0.0,0.0,62.0,0.03247631935047361,20030228_easy_ham.tar.bz2,05e3fbde27ab5919
0,1116.0,169.0,2.0,0.0,0.0,0.0,0.0,0.0,0.0,0.0,0.0,0.0,0.0,45.0,0.033942558746736295,20030228_easy_ham.tar.bz2,28a4b5e72e718cf0
0,878.0,119.0,3.0,0.0,0.0,0.0,0.0,0.0,0.0,0.0,0.0,0.0,0.0,39.0,0.04529616724738676,20030228_easy_ham.tar.bz2,24476e76fafb835a
0,1195.0,177.0,3.0,0.0,0.0,0.0,0.0,0.0,0.0,0.0,0.0,0.0,0.0,65.0,0.03400503778337532,20030228_easy_ham.tar.bz2,ceb23c318ad33f59
0,648.0,84.0,3.0,0.0,0.0,0.0,0.0,0.0,0.0,0.0,0.0,0.0,0.0,51.0,0.06829268292682927,20030228_easy_ham.tar.bz2,d079e6dc2d1ad14b
0,616.0,99.0,1.0,1.0,0.0,0.0,0.0,0.0,0.0,0.0,0.0,0.0,0.0,53.0,0.03991130820399113,20030228_easy_ham.tar.bz2,775541b2f5dbfef6
0,850.0,106.0,2.0,0.0,0.0,0.0,0.0,0.0,0.0,0.0,0.0,0.0,0.0,54.0,0.030797101449275364,20030228_easy_ham.tar.bz2,4e29bcedbd6264e2
0,1808.0,276.0,0.0,0.0,0.0,0.0,0.0,0.0,0.0,0.0,0.0,0.0,0.0,49.0,0.030913012221423435,20030228_easy_ham.tar.bz2,f5d873af83d03f4a
0,2189.0,334.0,0.0,0.0,0.0,0.0,0.0,0.0,0.0,0.0,0.0,0.0,0.0,50.0,0.03534430225472273,20030228_easy_ham.tar.bz2,6e71e0212443f9bb
0,1240.0,187.0,3.0,0.0,0.0,0.0,0.0,0.0,0.0,0.0,0.0,0.0,1.0,37.0,0.07349081364829396,20030228_easy_ham.tar.bz2,b21f250785de4d51
0,1007.0,160.0,3.0,0.0,0.0,0.0,0.0,0.0,0.0,0.0,0.0,0.0,0.0,37.0,0.049635036496350364,20030228_easy_ham.tar.bz2,4110eab5c1ccda8f
0,774.0,107.0,3.0,0.0,0.0,0.0,0.0,0.0,0.0,0.0,0.0,0.0,0.0,60.0,0.052525252525252523,20030228_easy_ham.tar.bz2,f021d03849d7ccf5
0,1073.0,159.0,3.0,0.0,0.0,0.0,0.0,0.0,0.0,0.0,0.0,0.0,0.0,31.0,0.043923865300146414,20030228_easy_ham.tar.bz2,00f2413a5421b49a
0,1996.0,333.0,2.0,0.0,0.0,0.0,0.0,0.0,0.0,0.0,0.0,0.0,0.0,48.0,0.04654346338124572,20030228_easy_ham.tar.bz2,3df4fdddbf7d9b97
0,3086.0,473.0,4.0,0.0,0.0,0.0,0.0,0.0,0.0,0.0,0.0,0.0,0.0,52.0,0.04985888993414864,20030228_easy_ham.tar.bz2,39bce1f5161e0cfc
0,615.0,84.0,2.0,0.0,0.0,0.0,0.0,0.0,0.0,0.0,0.0,0.0,0.0,55.0,0.059431524547803614,20030228_easy_ham.tar.bz2,81c3d696fbd8ece9
0,6940.0,1046.0,2.0,0.0,0.0,0.0,0.0,0.0,0.0,0.0,0.0,0.0,1.0,37.0,0.06163126147390506,20030228_easy_ham.tar.bz2,d81e1a3629ee73aa
0,1506.0,240.0,2.0,0.0,0.0,0.0,0.0,0.0,0.0,0.0,0.0,0.0,0.0,34.0,0.033364226135310475,20030228_easy_ham.tar.bz2,0c9d9c9594654e5c
0,675.0,96.0,2.0,0.0,0.0,0.0,0.0,0.0,0.0,0.0,0.0,0.0,0.0,40.0,0.05239179954441914,20030228_easy_ham.tar.bz2,01a2a9c163bf884b
0,1285.0,168.0,4.0,0.0,0.0,0.0,0.0,0.0,0.0,0.0,0.0,0.0,1.0,44.0,0.06614785992217899,20030228_easy_ham.tar.bz2,6bdf1453ce7a0b9e
0,599.0,93.0,0.0,0.0,0.0,0.0,0.0,0.0,0.0,0.0,0.0,0.0,0.0,44.0,0.06711409395973154,20030228_easy_ham.tar.bz2,68b41d2322c95298
0,3859.0,533.0,6.0,0.0,0.0,0.0,0.0,0.0,0.0,0.0,0.0,0.0,1.0,68.0,0.07521645021645022,20030228_easy_ham.tar.bz2,1aad05091e47abbf
0,747.0,108.0,2.0,0.0,0.0,0.0,0.0,0.0,0.0,0.0,0.0,0.0,0.0,41.0,0.04251012145748988,20030228_easy_ham.tar.bz2,10e86e3c81687720
0,1741.0,265.0,2.0,1.0,0.0,0.0,0.0,0.0,0.0,0.0,0.0,0.0,0.0,63.0,0.05176876617773943,20030228_easy_ham.tar.bz2,ada0c6340f966bac
0,1060.0,155.0,2.0,0.0,0.0,0.0,0.0,0.0,0.0,0.0,0.0,0.0,0.0,63.0,0.04647887323943662,20030228_easy_ham.tar.bz2,0aed6b974b17af5d
0,1292.0,201.0,2.0,0.0,0.0,0.0,0.0,0.0,0.0,0.0,0.0,0.0,0.0,63.0,0.05510907003444317,20030228_easy_ham.tar.bz2,eeafbbf44fbedcbb
0,832.0,124.0,2.0,0.0,0.0,0.0,0.0,0.0,0.0,0.0,0.0,0.0,1.0,63.0,0.064453125,20030228_easy_ham.tar.bz2,8debb0085ab0bf6d
0,648.0,110.0,0.0,0.0,0.0,0.0,0.0,0.0,0.0,0.0,0.0,0.0,0.0,33.0,0.05454545454545454,20030228_easy_ham.tar.bz2,1dfd72a43c673998
0,2599.0,371.0,6.0,0.0,0.0,0.0,0.0,0.0,0.0,0.0,0.0,0.0,1.0,63.0,0.05309181761399125,20030228_easy_ham.tar.bz2,a02060e5e9a884e5
0,457.0,78.0,0.0,0.0,0.0,0.0,0.0,0.0,0.0,0.0,0.0,0.0,0.0,63.0,0.05504587155963303,20030228_easy_ham.tar.bz2,290f646c8fa93402
0,1628.0,243.0,2.0,0.0,0.0,0.0,0.0,0.0,0.0,0.0,0.0,0.0,1.0,37.0,0.07373271889400922,20030228_easy_ham.tar.bz2,2aad1f66f783daf5
0,1923.0,295.0,4.0,0.0,0.0,0.0,0.0,0.0,0.0,0.0,0.0,0.0,1.0,63.0,0.051628276409849086,20030228_easy_ham.tar.bz2,5e378b6445b4dc7c
0,1611.0,238.0,0.0,0.0,0.0,0.0,0.0,0.0,0.0,0.0,0.0,0.0,1.0,33.0,0.05835010060362173,20030228_easy_ham.tar.bz2,b4989ace935ba38a
0,926.0,149.0,0.0,0.0,0.0,0.0,0.0,0.0,0.0,0.0,0.0,0.0,1.0,37.0,0.07213114754098361,20030228_easy_ham.tar.bz2,54a910ca8e97368d
0,1386.0,214.0,2.0,0.0,0.0,0.0,0.0,0.0,0.0,0.0,0.0,0.0,0.0,29.0,0.04132231404958678,20030228_easy_ham.tar.bz2,40c9fcb4decbd0b3
0,1636.0,238.0,4.0,0.0,0.0,0.0,0.0,0.0,0.0,0.0,0.0,0.0,1.0,63.0,0.05853658536585366,20030228_easy_ham.tar.bz2,ddda2d03423d4aa3
0,638.0,89.0,2.0,0.0,0.0,0.0,0.0,0.0,0.0,0.0,0.0,0.0,0.0,63.0,0.06443298969072164,20030228_easy_ham.tar.bz2,fb0123484ae89f36
0,1020.0,163.0,2.0,0.0,0.0,0.0,0.0,0.0,0.0,0.0,0.0,0.0,1.0,59.0,0.05856515373352855,20030228_easy_ham.tar.bz2,101d99da625bb053
0,2687.0,386.0,5.0,0.0,0.0,0.0,0.0,0.0,0.0,0.0,0.0,0.0,1.0,37.0,0.07697006719609041,20030228_easy_ham.tar.bz2,2eab8a8f0a47d533
0,999.0,158.0,2.0,0.0,0.0,0.0,0.0,0.0,0.0,0.0,0.0,0.0,0.0,25.0,0.03829160530191458,20030228_easy_ham.tar.bz2,e3ea9cab12c2854c
0,1064.0,167.0,2.0,0.0,0.0,0.0,0.0,0.0,0.0,0.0,0.0,0.0,0.0,29.0,0.049132947976878616,20030228_easy_ham.tar.bz2,08da6f8d42b7e666
0,1576.0,226.0,4.0,0.0,0.0,0.0,0.0,0.0,0.0,0.0,0.0,0.0,1.0,29.0,0.0559662090813094,20030228_easy_ham.tar.bz2,b322a563834c9d48
0,1657.0,242.0,4.0,0.0,0.0,0.0,0.0,0.0,0.0,0.0,0.0,0.0,0.0,29.0,0.044804575786463297,20030228_easy_ham.tar.bz2,1393bd60a7d05d6c
0,730.0,110.0,2.0,0.0,0.0,0.0,0.0,0.0,0.0,0.0,0.0,0.0,0.0,38.0,0.046218487394957986,20030228_easy_ham.tar.bz2,a2ddb3754341e0e1
0,623.0,87.0,3.0,0.0,0.0,0.0,0.0,0.0,0.0,0.0,0.0,0.0,0.0,18.0,0.04774535809018567,20030228_easy_ham.tar.bz2,daf21da4f4d6ed8e
0,1178.0,183.0,2.0,0.0,0.0,0.0,0.0,0.0,0.0,0.0,0.0,0.0,0.0,31.0,0.05593451568894952,20030228_easy_ham.tar.bz2,dd52c747af1180ec
0,4352.0,770.0,3.0,0.0,0.0,0.0,0.0,0.0,0.0,0.0,0.0,0.0,1.0,37.0,0.059147180192572216,20030228_easy_ham.tar.bz2,c530b19035528ab8
0,978.0,117.0,2.0,0.0,0.0,0.0,0.0,0.0,0.0,0.0,0.0,0.0,1.0,38.0,0.048598130841121495,20030228_easy_ham.tar.bz2,6e534827273bbe67
0,762.0,119.0,2.0,0.0,0.0,0.0,0.0,0.0,0.0,0.0,0.0,0.0,0.0,38.0,0.040160642570281124,20030228_easy_ham.tar.bz2,962934e35a6618c8
0,547.0,69.0,3.0,0.0,0.0,0.0,0.0,0.0,0.0,0.0,0.0,0.0,0.0,27.0,0.03353658536585366,20030228_easy_ham.tar.bz2,11a576d3153ea556
0,597.0,81.0,2.0,0.0,0.0,0.0,0.0,0.0,0.0,0.0,0.0,0.0,0.0,34.0,0.038560411311053984,20030228_easy_ham.tar.bz2,c560fa2045b0e8a5
0,1293.0,160.0,5.0,0.0,0.0,0.0,0.0,0.0,0.0,0.0,0.0,0.0,0.0,38.0,0.051451187335092345,20030228_easy_ham.tar.bz2,8674ea43d877b73d
0,1102.0,192.0,0.0,0.0,0.0,0.0,0.0,0.0,0.0,0.0,0.0,0.0,0.0,55.0,0.0299625468164794,20030228_easy_ham.tar.bz2,ac657e19dd5b1b1a
0,1651.0,296.0,0.0,0.0,0.0,0.0,0.0,0.0,0.0,0.0,0.0,0.0,1.0,56.0,0.05422647527910686,20030228_easy_ham.tar.bz2,1342c092cbbb7aca
0,579.0,80.0,2.0,0.0,0.0,0.0,0.0,0.0,0.0,0.0,0.0,0.0,0.0,51.0,0.04087193460490463,20030228_easy_ham.tar.bz2,a2ec606cadf560cb
0,941.0,130.0,2.0,0.0,0.0,0.0,0.0,0.0,0.0,0.0,0.0,0.0,0.0,29.0,0.04230118443316413,20030228_easy_ham.tar.bz2,8a749403f48f8f0a
0,1220.0,159.0,5.0,0.0,0.0,0.0,0.0,0.0,0.0,0.0,0.0,0.0,0.0,76.0,0.055944055944055944,20030228_easy_ham.tar.bz2,e96ff45abfbd4877
0,1528.0,217.0,2.0,0.0,0.0,0.0,0.0,0.0,0.0,0.0,0.0,0.0,1.0,43.0,0.08950914340712224,20030228_easy_ham.tar.bz2,aff4b24dbc93b604
0,2180.0,298.0,4.0,0.0,0.0,0.0,0.0,0.0,0.0,0.0,0.0,0.0,1.0,43.0,0.0754985754985755,20030228_easy_ham.tar.bz2,2119cf5cba9b2cb5
0,773.0,113.0,2.0,0.0,0.0,0.0,0.0,0.0,0.0,0.0,0.0,0.0,0.0,34.0,0.032196969696969696,20030228_easy_ham.tar.bz2,d94a8f52eb299315
0,858.0,120.0,2.0,0.0,0.0,0.0,0.0,0.0,0.0,0.0,0.0,0.0,0.0,43.0,0.027586206896551724,20030228_easy_ham.tar.bz2,f91953f637c1b698
0,529.0,69.0,2.0,0.0,0.0,0.0,0.0,0.0,0.0,0.0,0.0,0.0,0.0,55.0,0.03880597014925373,20030228_easy_ham.tar.bz2,7376f658b4a5035d
0,900.0,124.0,2.0,0.0,0.0,0.0,0.0,0.0,0.0,0.0,0.0,0.0,0.0,53.0,0.09876543209876543,20030228_easy_ham.tar.bz2,6ee14770a3f97084
0,978.0,148.0,2.0,0.0,0.0,0.0,0.0,0.0,0.0,0.0,0.0,0.0,1.0,56.0,0.05958132045088567,20030228_easy_ham.tar.bz2,2d70aab979068422
0,617.0,92.0,2.0,0.0,0.0,0.0,0.0,0.0,0.0,0.0,0.0,0.0,0.0,49.0,0.035443037974683546,20030228_easy_ham.tar.bz2,7e11657104825cb4
0,864.0,137.0,2.0,0.0,0.0,0.0,0.0,0.0,0.0,0.0,0.0,0.0,0.0,53.0,0.03411513859275053,20030228_easy_ham.tar.bz2,983a8efaba2233bd
0,700.0,104.0,2.0,0.0,0.0,0.0,0.0,0.0,0.0,0.0,0.0,0.0,0.0,36.0,0.043478260869565216,20030228_easy_ham.tar.bz2,bbddc5fc342f694d
0,1223.0,190.0,2.0,0.0,0.0,0.0,0.0,0.0,0.0,0.0,0.0,0.0,0.0,53.0,0.04105571847507331,20030228_easy_ham.tar.bz2,ceaa76ea64350d52
0,1626.0,243.0,3.0,0.0,0.0,0.0,0.0,0.0,0.0,0.0,0.0,0.0,0.0,53.0,0.04950495049504951,20030228_easy_ham.tar.bz2,2d5137c64d041f3d
0,1093.0,167.0,2.0,0.0,0.0,0.0,0.0,0.0,0.0,0.0,0.0,0.0,0.0,59.0,0.04138851802403204,20030228_easy_ham.tar.bz2,d051029ac1f2aa03
0,748.0,93.0,2.0,0.0,0.0,0.0,0.0,0.0,0.0,0.0,0.0,0.0,0.0,51.0,0.021611001964636542,20030228_easy_ham.tar.bz2,c5ba3c8bee12e3c4
0,1287.0,161.0,2.0,0.0,0.0,0.0,0.0,0.0,0.0,0.0,0.0,0.0,0.0,55.0,0.033760186263096625,20030228_easy_ham.tar.bz2,0ff01af85868bea1
0,2925.0,417.0,0.0,0.0,0.0,0.0,0.0,0.0,0.0,0.0,0.0,0.0,1.0,112.0,0.09294234592445327,20030228_easy_ham.tar.bz2,40db723ed6cd47d1
0,1378.0,216.0,2.0,0.0,0.0,0.0,0.0,0.0,0.0,0.0,0.0,0.0,1.0,56.0,0.032467532467532464,20030228_easy_ham.tar.bz2,53c24cb54aaca72a
0,826.0,106.0,2.0,0.0,0.0,0.0,0.0,0.0,0.0,0.0,0.0,0.0,0.0,38.0,0.23210831721470018,20030228_easy_ham.tar.bz2,e697bfcce93f3b48
0,900.0,126.0,3.0,0.0,0.0,0.0,0.0,0.0,0.0,0.0,0.0,0.0,0.0,38.0,0.04954128440366973,20030228_easy_ham.tar.bz2,e0c6ceeeafbcb89c
0,973.0,151.0,2.0,0.0,0.0,0.0,0.0,0.0,0.0,0.0,0.0,0.0,0.0,28.0,0.028023598820058997,20030228_easy_ham.tar.bz2,1b310c02c5543576
0,1923.0,274.0,3.0,0.0,0.0,0.0,0.0,0.0,0.0,0.0,0.0,0.0,1.0,32.0,0.045454545454545456,20030228_easy_ham.tar.bz2,94843c6213cbdc37
0,1325.0,197.0,2.0,0.0,0.0,0.0,0.0,0.0,0.0,0.0,0.0,0.0,1.0,32.0,0.04424778761061947,20030228_easy_ham.tar.bz2,3be250a1abd8a6f7
0,1113.0,176.0,2.0,0.0,0.0,0.0,0.0,0.0,0.0,0.0,0.0,0.0,0.0,43.0,0.0273972602739726,20030228_easy_ham.tar.bz2,b8f30f1ac057dfef
0,3147.0,523.0,1.0,0.0,0.0,0.0,0.0,0.0,0.0,0.0,0.0,0.0,0.0,67.0,0.02126821583300512,20030228_easy_ham.tar.bz2,30392d13ed540e28
0,1110.0,190.0,0.0,0.0,0.0,0.0,0.0,0.0,0.0,0.0,0.0,0.0,0.0,22.0,0.034229828850855744,20030228_easy_ham.tar.bz2,6aca5b6c4aa24920
0,5890.0,963.0,1.0,0.0,0.0,0.0,1.0,0.0,0.0,0.0,0.0,0.0,0.0,75.0,0.03440766550522648,20030228_easy_ham.tar.bz2,5803b93dfbb51635
0,881.0,128.0,3.0,0.0,0.0,0.0,0.0,0.0,0.0,0.0,0.0,0.0,0.0,78.0,0.045180722891566265,20030228_easy_ham.tar.bz2,0d95eefd07d80fe6
0,1240.0,239.0,0.0,0.0,0.0,0.0,0.0,0.0,0.0,0.0,0.0,0.0,0.0,22.0,0.020833333333333332,20030228_easy_ham.tar.bz2,93c0c3efbbe205e4
0,938.0,135.0,1.0,0.0,0.0,0.0,0.0,0.0,0.0,0.0,0.0,0.0,0.0,74.0,0.05325443786982249,20030228_easy_ham.tar.bz2,55f81d4edf4a47c4
0,4240.0,650.0,0.0,0.0,0.0,0.0,0.0,0.0,0.0,0.0,0.0,0.0,1.0,78.0,0.031381429957942415,20030228_easy_ham.tar.bz2,c8468f3a7db542f1
0,734.0,115.0,1.0,0.0,0.0,0.0,0.0,0.0,0.0,0.0,0.0,0.0,0.0,22.0,0.07233273056057866,20030228_easy_ham.tar.bz2,b59043f2a5fee3b3
0,3241.0,479.0,3.0,0.0,0.0,0.0,0.0,0.0,0.0,0.0,0.0,0.0,1.0,74.0,0.04494882064975523,20030228_easy_ham.tar.bz2,e8971fa2ddfcf362
0,4443.0,702.0,0.0,0.0,0.0,0.0,0.0,0.0,0.0,0.0,0.0,0.0,0.0,74.0,0.04092219020172911,20030228_easy_ham.tar.bz2,996b5073aa9a01fc
0,1575.0,211.0,1.0,0.0,0.0,0.0,0.0,0.0,0.0,0.0,0.0,0.0,1.0,22.0,0.08408071748878924,20030228_easy_ham.tar.bz2,464580359acd5d49
0,1529.0,212.0,1.0,0.0,0.0,0.0,0.0,0.0,0.0,0.0,0.0,0.0,0.0,74.0,0.05555555555555555,20030228_easy_ham.tar.bz2,5e0ff4213bebceea
0,2518.0,436.0,0.0,0.0,0.0,0.0,0.0,0.0,0.0,0.0,0.0,0.0,0.0,58.0,0.035244608100999476,20030228_easy_ham.tar.bz2,ba9803a121356fb3
0,3208.0,523.0,1.0,0.0,0.0,0.0,0.0,0.0,0.0,0.0,0.0,0.0,0.0,22.0,0.03474747474747475,20030228_easy_ham.tar.bz2,d79a32d5c80a0f71
0,2005.0,322.0,0.0,0.0,0.0,0.0,0.0,0.0,0.0,0.0,0.0,0.0,0.0,22.0,0.03617571059431524,20030228_easy_ham.tar.bz2,2f4da70b71f0734e
0,779.0,127.0,0.0,0.0,0.0,0.0,0.0,0.0,0.0,0.0,0.0,0.0,1.0,74.0,0.04931972789115646,20030228_easy_ham.tar.bz2,9433ad38ae3253e3
0,2675.0,458.0,1.0,0.0,0.0,0.0,0.0,0.0,0.0,1.0,0.0,0.0,0.0,46.0,0.022520364159080018,20030228_easy_ham.tar.bz2,6e6819d2ea5c4035
0,752.0,117.0,3.0,0.0,0.0,0.0,0.0,0.0,0.0,0.0,0.0,0.0,0.0,35.0,0.05411255411255411,20030228_easy_ham.tar.bz2,8a67729a1ca8ad6b
0,1537.0,246.0,1.0,0.0,0.0,0.0,0.0,0.0,0.0,0.0,0.0,0.0,1.0,22.0,0.028864059590316574,20030228_easy_ham.tar.bz2,471446212dabd7db
0,420.0,68.0,1.0,0.0,0.0,0.0,0.0,0.0,0.0,0.0,0.0,0.0,0.0,22.0,0.02830188679245283,20030228_easy_ham.tar.bz2,235614e44993cc87
0,575.0,92.0,1.0,0.0,0.0,0.0,0.0,0.0,0.0,0.0,0.0,0.0,1.0,64.0,0.08068459657701711,20030228_easy_ham.tar.bz2,4258b127519918c7
0,614.0,107.0,0.0,0.0,0.0,0.0,0.0,0.0,0.0,0.0,0.0,0.0,1.0,22.0,0.08312958435207823,20030228_easy_ham.tar.bz2,7a9776676255730c
0,501.0,83.0,1.0,0.0,0.0,0.0,0.0,0.0,0.0,0.0,0.0,0.0,1.0,22.0,0.0234375,20030228_easy_ham.tar.bz2,8e239af15d127782
0,996.0,165.0,0.0,0.0,0.0,0.0,0.0,0.0,0.0,0.0,0.0,0.0,1.0,22.0,0.03050397877984085,20030228_easy_ham.tar.bz2,3ea6e4c6e46729f2
0,1624.0,276.0,1.0,0.0,0.0,0.0,0.0,0.0,0.0,0.0,0.0,0.0,0.0,22.0,0.023405972558514933,20030228_easy_ham.tar.bz2,6fc305353975a310
0,303.0,49.0,0.0,0.0,0.0,0.0,0.0,0.0,0.0,0.0,0.0,0.0,1.0,22.0,0.08292682926829269,20030228_easy_ham.tar.bz2,6e2028cb4e702c81
0,1160.0,191.0,1.0,0.0,0.0,0.0,0.0,0.0,0.0,0.0,0.0,0.0,0.0,22.0,0.04455445544554455,20030228_easy_ham.tar.bz2,7747ca3b82805607
0,2474.0,432.0,0.0,0.0,0.0,0.0,0.0,0.0,0.0,0.0,0.0,0.0,1.0,22.0,0.027672273467173086,20030228_easy_ham.tar.bz2,df03267ae2eb6365
0,1160.0,195.0,1.0,0.0,0.0,0.0,0.0,0.0,0.0,0.0,0.0,0.0,0.0,22.0,0.03558718861209965,20030228_easy_ham.tar.bz2,d1cc6ac8f0412315
0,2025.0,344.0,0.0,0.0,0.0,0.0,0.0,0.0,1.0,0.0,0.0,0.0,1.0,22.0,0.02601734489659773,20030228_easy_ham.tar.bz2,1457789de845b406
0,1236.0,197.0,0.0,0.0,0.0,0.0,0.0,0.0,0.0,0.0,0.0,0.0,0.0,22.0,0.048574445617740235,20030228_easy_ham.tar.bz2,58cb83139bb5f2a1
0,1311.0,206.0,1.0,0.0,0.0,0.0,0.0,0.0,0.0,0.0,0.0,0.0,0.0,22.0,0.048701298701298704,20030228_easy_ham.tar.bz2,b25342e9683a5c7b
0,1209.0,195.0,1.0,0.0,0.0,0.0,0.0,0.0,0.0,0.0,0.0,0.0,0.0,22.0,0.022727272727272728,20030228_easy_ham.tar.bz2,8463d425898be05a
0,1287.0,204.0,1.0,0.0,0.0,0.0,0.0,0.0,0.0,0.0,0.0,0.0,0.0,22.0,0.039112050739957716,20030228_easy_ham.tar.bz2,bb9c81a9ca822489
0,573.0,96.0,0.0,0.0,0.0,0.0,0.0,0.0,0.0,0.0,0.0,0.0,0.0,22.0,0.0330188679245283,20030228_easy_ham.tar.bz2,fe0e2838f70e425d
0,420.0,71.0,0.0,0.0,0.0,0.0,0.0,0.0,0.0,0.0,0.0,0.0,0.0,22.0,0.0547945205479452,20030228_easy_ham.tar.bz2,9ad302a99e6ccb9a
0,783.0,133.0,0.0,0.0,0.0,0.0,0.0,0.0,0.0,0.0,0.0,0.0,0.0,22.0,0.033925686591276254,20030228_easy_ham.tar.bz2,fb6830520893c327
0,1325.0,225.0,0.0,0.0,0.0,0.0,0.0,0.0,0.0,0.0,0.0,0.0,1.0,22.0,0.044598612487611496,20030228_easy_ham.tar.bz2,ac3f251002444601
0,2622.0,474.0,0.0,0.0,0.0,0.0,1.0,0.0,0.0,0.0,0.0,0.0,0.0,51.0,0.019801980198019802,20030228_easy_ham.tar.bz2,6545d592b3fce109
0,640.0,112.0,1.0,0.0,0.0,0.0,0.0,0.0,0.0,0.0,0.0,0.0,0.0,22.0,0.041237113402061855,20030228_easy_ham.tar.bz2,63322af6f6810082
0,742.0,123.0,0.0,0.0,0.0,0.0,0.0,0.0,0.0,0.0,0.0,0.0,0.0,22.0,0.013559322033898305,20030228_easy_ham.tar.bz2,9650d44569581f65
0,3288.0,548.0,0.0,0.0,0.0,0.0,0.0,0.0,0.0,0.0,0.0,0.0,1.0,22.0,0.04611085235211924,20030228_easy_ham.tar.bz2,efffe42d9cb3ad1a
0,1330.0,192.0,0.0,0.0,0.0,0.0,0.0,0.0,0.0,0.0,0.0,0.0,0.0,22.0,0.018610421836228287,20030228_easy_ham.tar.bz2,1f8adbba0e82b465
0,534.0,93.0,0.0,0.0,0.0,0.0,0.0,0.0,0.0,0.0,0.0,0.0,1.0,22.0,0.03865979381443299,20030228_easy_ham.tar.bz2,cfaddcc50471cd62
0,2622.0,447.0,0.0,0.0,0.0,0.0,0.0,0.0,0.0,0.0,0.0,0.0,1.0,22.0,0.035493827160493825,20030228_easy_ham.tar.bz2,7a02613576421668
0,2230.0,370.0,0.0,0.0,0.0,0.0,0.0,0.0,0.0,0.0,0.0,0.0,1.0,22.0,0.02219626168224299,20030228_easy_ham.tar.bz2,9b06ff280d008769
0,1946.0,342.0,0.0,0.0,0.0,0.0,0.0,0.0,0.0,0.0,0.0,0.0,0.0,22.0,0.05592105263157895,20030228_easy_ham.tar.bz2,4ea074a9a7ef5472
0,497.0,81.0,1.0,0.0,0.0,0.0,0.0,0.0,0.0,0.0,0.0,0.0,0.0,22.0,0.015384615384615385,20030228_easy_ham.tar.bz2,030c15c743cf6aba
0,744.0,112.0,1.0,0.0,0.0,0.0,0.0,0.0,0.0,0.0,0.0,0.0,1.0,22.0,0.058935361216730035,20030228_easy_ham.tar.bz2,49022aa21ccf30c8
0,1214.0,198.0,0.0,0.0,0.0,0.0,0.0,0.0,0.0,0.0,0.0,0.0,0.0,22.0,0.04822043628013777,20030228_easy_ham.tar.bz2,297db24ff3c83184
0,1834.0,303.0,0.0,0.0,0.0,0.0,0.0,0.0,0.0,0.0,0.0,0.0,0.0,22.0,0.04512372634643377,20030228_easy_ham.tar.bz2,d38303e56884b706
0,583.0,104.0,0.0,0.0,0.0,0.0,0.0,0.0,0.0,0.0,0.0,0.0,0.0,22.0,0.030303030303030304,20030228_easy_ham.tar.bz2,ae6d804d9bff9e78
0,766.0,133.0,1.0,0.0,0.0,0.0,0.0,0.0,0.0,0.0,0.0,0.0,0.0,22.0,0.03090909090909091,20030228_easy_ham.tar.bz2,b8a783f70b6a0a50
0,578.0,95.0,0.0,0.0,0.0,0.0,0.0,0.0,0.0,0.0,0.0,0.0,1.0,22.0,0.02588235294117647,20030228_easy_ham.tar.bz2,da51e6b5647fb698
0,1115.0,191.0,0.0,0.0,0.0,0.0,0.0,0.0,0.0,0.0,0.0,0.0,1.0,22.0,0.0378698224852071,20030228_easy_ham.tar.bz2,16b02e10ac4da84b
0,1368.0,214.0,1.0,0.0,0.0,0.0,0.0,0.0,0.0,0.0,0.0,0.0,0.0,22.0,0.051362683438155136,20030228_easy_ham.tar.bz2,2def50abaf0dc684
0,1667.0,290.0,0.0,0.0,0.0,0.0,0.0,0.0,0.0,0.0,0.0,0.0,1.0,22.0,0.04549590536851683,20030228_easy_ham.tar.bz2,22132768d1a5bbfd
0,637.0,106.0,0.0,0.0,0.0,0.0,0.0,0.0,0.0,0.0,0.0,0.0,0.0,22.0,0.081799591002045,20030228_easy_ham.tar.bz2,fac1e5070a951e98
0,1672.0,277.0,0.0,0.0,0.0,0.0,0.0,0.0,0.0,0.0,0.0,0.0,1.0,22.0,0.05982905982905983,20030228_easy_ham.tar.bz2,664d6dd82db033e2
0,264.0,41.0,0.0,0.0,0.0,0.0,0.0,0.0,0.0,0.0,0.0,0.0,0.0,50.0,0.04864864864864865,20030228_easy_ham.tar.bz2,676a7ae5e319cc99
0,707.0,121.0,0.0,0.0,0.0,0.0,0.0,0.0,0.0,0.0,0.0,0.0,0.0,50.0,0.029354207436399216,20030228_easy_ham.tar.bz2,36ce38cd2d5135f6
0,471.0,79.0,1.0,0.0,0.0,0.0,0.0,0.0,0.0,0.0,0.0,0.0,0.0,46.0,0.06578947368421052,20030228_easy_ham.tar.bz2,13f92153e0334b59
0,4127.0,644.0,0.0,0.0,0.0,0.0,0.0,0.0,0.0,0.0,0.0,0.0,1.0,50.0,0.03767403767403767,20030228_easy_ham.tar.bz2,09c7394432b70f3f
0,1828.0,296.0,0.0,0.0,0.0,0.0,0.0,0.0,0.0,0.0,0.0,0.0,1.0,29.0,0.039735099337748346,20030228_easy_ham.tar.bz2,b738aed5ac6d1610
0,887.0,162.0,0.0,0.0,0.0,0.0,0.0,0.0,0.0,0.0,0.0,0.0,1.0,22.0,0.02406015037593985,20030228_easy_ham.tar.bz2,ac8560ebe2144b82
0,561.0,103.0,0.0,0.0,0.0,0.0,0.0,0.0,0.0,0.0,0.0,0.0,0.0,50.0,0.0225,20030228_easy_ham.tar.bz2,8ef93ec8cf22ce82
0,4347.0,805.0,0.0,0.0,0.0,0.0,0.0,0.0,0.0,0.0,0.0,0.0,1.0,50.0,0.07860262008733625,20030228_easy_ham.tar.bz2,5a5d48920c39e4d5
0,923.0,147.0,0.0,0.0,0.0,0.0,0.0,0.0,0.0,0.0,0.0,0.0,1.0,23.0,0.02478134110787172,20030228_easy_ham.tar.bz2,67044f13a63001fb
0,455.0,84.0,0.0,0.0,0.0,0.0,0.0,0.0,0.0,0.0,0.0,0.0,1.0,51.0,0.02702702702702703,20030228_easy_ham.tar.bz2,faa8421b369bc927
0,875.0,148.0,0.0,0.0,0.0,0.0,0.0,0.0,0.0,0.0,0.0,0.0,1.0,51.0,0.0249609984399376,20030228_easy_ham.tar.bz2,c710887d422adb3e
0,222.0,24.0,0.0,0.0,0.0,0.0,0.0,0.0,0.0,0.0,0.0,0.0,1.0,51.0,0.0297029702970297,20030228_easy_ham.tar.bz2,6fa17f826b53620a
0,825.0,146.0,1.0,0.0,0.0,0.0,0.0,0.0,0.0,0.0,0.0,0.0,0.0,35.0,0.05573248407643312,20030228_easy_ham.tar.bz2,44b1b89965113649
0,378.0,60.0,0.0,0.0,0.0,0.0,0.0,0.0,0.0,0.0,0.0,0.0,0.0,64.0,0.05333333333333334,20030228_easy_ham.tar.bz2,8b811caddf0f7e16
0,633.0,108.0,0.0,0.0,0.0,0.0,0.0,0.0,0.0,0.0,0.0,0.0,0.0,65.0,0.0397489539748954,20030228_easy_ham.tar.bz2,8e06eb4f88e6cf64
0,282.0,47.0,0.0,0.0,0.0,0.0,0.0,0.0,0.0,0.0,0.0,0.0,0.0,35.0,0.085,20030228_easy_ham.tar.bz2,400186a14877c965
0,127.0,21.0,0.0,0.0,0.0,0.0,0.0,0.0,0.0,0.0,0.0,0.0,0.0,17.0,0.052083333333333336,20030228_easy_ham.tar.bz2,6a1713a5cdfdc1db
0,279.0,46.0,0.0,0.0,0.0,0.0,0.0,0.0,0.0,0.0,0.0,0.0,0.0,33.0,0.0673076923076923,20030228_easy_ham.tar.bz2,bac28e58c42fa5f6
0,1193.0,201.0,0.0,0.0,0.0,0.0,0.0,0.0,0.0,0.0,0.0,0.0,1.0,29.0,0.028602860286028604,20030228_easy_ham.tar.bz2,9a44e962f06d2fb0
0,990.0,168.0,1.0,0.0,0.0,0.0,0.0,0.0,0.0,0.0,0.0,0.0,0.0,29.0,0.024725274725274724,20030228_easy_ham.tar.bz2,b98cda4bcf9a2111
0,664.0,113.0,0.0,0.0,0.0,0.0,0.0,0.0,0.0,0.0,0.0,0.0,1.0,33.0,0.056910569105691054,20030228_easy_ham.tar.bz2,252c7bb468df4ea5
0,566.0,96.0,0.0,0.0,0.0,0.0,0.0,0.0,0.0,0.0,0.0,0.0,1.0,33.0,0.05289672544080604,20030228_easy_ham.tar.bz2,5e127e1108f7684b
0,369.0,64.0,0.0,0.0,0.0,0.0,0.0,0.0,0.0,0.0,0.0,0.0,0.0,64.0,0.06474820143884892,20030228_easy_ham.tar.bz2,7ad815ffcec1a06f
0,364.0,50.0,0.0,0.0,0.0,0.0,0.0,0.0,0.0,0.0,0.0,0.0,0.0,64.0,0.06614785992217899,20030228_easy_ham.tar.bz2,8201947903441392
0,141.0,25.0,0.0,0.0,0.0,0.0,0.0,0.0,0.0,0.0,0.0,0.0,0.0,33.0,0.0625,20030228_easy_ham.tar.bz2,de2ca27035bd1f88
0,415.0,72.0,0.0,0.0,0.0,0.0,0.0,0.0,0.0,0.0,0.0,0.0,0.0,64.0,0.0798611111111111,20030228_easy_ham.tar.bz2,cf49c7c9b2f18b11
0,739.0,135.0,0.0,0.0,0.0,0.0,0.0,0.0,0.0,0.0,0.0,0.0,1.0,29.0,0.027573529411764705,20030228_easy_ham.tar.bz2,997015fcb6cdec39
0,854.0,149.0,1.0,0.0,0.0,0.0,0.0,0.0,0.0,0.0,0.0,0.0,0.0,29.0,0.026359143327841845,20030228_easy_ham.tar.bz2,db214243d588c310
0,2096.0,364.0,0.0,0.0,0.0,0.0,0.0,0.0,0.0,0.0,0.0,0.0,1.0,50.0,0.05205205205205205,20030228_easy_ham.tar.bz2,9b3a410456f48bc8
0,3823.0,626.0,0.0,0.0,0.0,0.0,0.0,0.0,0.0,0.0,0.0,0.0,1.0,50.0,0.035925420645748066,20030228_easy_ham.tar.bz2,b95f081f30b5d7f6
0,769.0,130.0,1.0,0.0,0.0,0.0,0.0,0.0,0.0,0.0,0.0,0.0,1.0,22.0,0.057291666666666664,20030228_easy_ham.tar.bz2,bf1888a70c237f8d
0,1129.0,199.0,0.0,0.0,0.0,0.0,0.0,0.0,0.0,0.0,0.0,0.0,0.0,50.0,0.05236907730673317,20030228_easy_ham.tar.bz2,d3ed79a25ad30be0
0,1032.0,180.0,2.0,0.0,0.0,0.0,0.0,0.0,0.0,0.0,0.0,0.0,1.0,22.0,0.07957559681697612,20030228_easy_ham.tar.bz2,499e9c5894b089f1
0,186.0,30.0,0.0,0.0,0.0,0.0,0.0,0.0,0.0,0.0,0.0,0.0,0.0,30.0,0.02,20030228_easy_ham.tar.bz2,91dc7313889f97a0
0,408.0,54.0,0.0,0.0,0.0,0.0,0.0,0.0,0.0,0.0,0.0,0.0,0.0,50.0,0.06333333333333334,20030228_easy_ham.tar.bz2,cd033c785ff59de0
0,579.0,99.0,1.0,0.0,0.0,0.0,0.0,0.0,0.0,0.0,0.0,0.0,0.0,30.0,0.022321428571428572,20030228_easy_ham.tar.bz2,c39a8d853279c654
0,1747.0,304.0,0.0,0.0,0.0,0.0,0.0,0.0,0.0,0.0,0.0,0.0,1.0,22.0,0.06825153374233128,20030228_easy_ham.tar.bz2,849b3a42178af4b9
0,10915.0,1906.0,2.0,0.0,0.0,0.0,0.0,0.0,0.0,0.0,0.0,0.0,1.0,22.0,0.04517663043478261,20030228_easy_ham.tar.bz2,135fb1f9f6ac55f4
0,2706.0,469.0,1.0,0.0,0.0,0.0,0.0,0.0,0.0,0.0,0.0,0.0,1.0,22.0,0.0398989898989899,20030228_easy_ham.tar.bz2,9c7f21d021045f59
0,8017.0,1424.0,0.0,0.0,0.0,0.0,0.0,0.0,0.0,0.0,0.0,0.0,1.0,22.0,0.049625836943678614,20030228_easy_ham.tar.bz2,08328dd1c2648f9d
0,2680.0,529.0,0.0,0.0,0.0,0.0,0.0,0.0,0.0,0.0,0.0,0.0,0.0,22.0,0.05515587529976019,20030228_easy_ham.tar.bz2,932893a3f4d7c835
0,889.0,144.0,0.0,0.0,0.0,0.0,0.0,0.0,0.0,0.0,0.0,0.0,0.0,30.0,0.03177004538577912,20030228_easy_ham.tar.bz2,9c8c35b208606c69
0,707.0,122.0,0.0,0.0,0.0,0.0,0.0,0.0,0.0,0.0,0.0,0.0,0.0,27.0,0.01729106628242075,20030228_easy_ham.tar.bz2,ffb3f19744664f3a
0,1237.0,215.0,0.0,0.0,0.0,0.0,0.0,0.0,0.0,0.0,0.0,0.0,1.0,27.0,0.02282453637660485,20030228_easy_ham.tar.bz2,ca863c3f98d97448
0,2873.0,451.0,0.0,0.0,0.0,0.0,0.0,0.0,0.0,0.0,0.0,0.0,0.0,27.0,0.021398002853067047,20030228_easy_ham.tar.bz2,15b2afd49671316e
0,884.0,162.0,0.0,0.0,0.0,0.0,0.0,0.0,0.0,0.0,0.0,0.0,0.0,22.0,0.023703703703703703,20030228_easy_ham.tar.bz2,82203d28d2e8ea15
0,452.0,78.0,0.0,0.0,0.0,0.0,0.0,0.0,0.0,0.0,0.0,0.0,0.0,22.0,0.1094224924012158,20030228_easy_ham.tar.bz2,45c79d9638ffb852
0,1291.0,228.0,0.0,0.0,0.0,0.0,0.0,0.0,0.0,0.0,0.0,0.0,1.0,29.0,0.015592515592515593,20030228_easy_ham.tar.bz2,2e21b891df48e9c4
0,1245.0,210.0,0.0,0.0,0.0,0.0,0.0,0.0,0.0,0.0,0.0,0.0,0.0,35.0,0.044585987261146494,20030228_easy_ham.tar.bz2,bcf762b582bf3fd2
0,354.0,48.0,1.0,0.0,0.0,0.0,0.0,0.0,0.0,0.0,0.0,0.0,0.0,40.0,0.06334841628959276,20030228_easy_ham.tar.bz2,ebfb9e2280727fbe
0,650.0,99.0,0.0,0.0,0.0,0.0,0.0,0.0,0.0,0.0,0.0,0.0,1.0,40.0,0.015779092702169626,20030228_easy_ham.tar.bz2,f2841b07f50aa76c
0,1325.0,237.0,0.0,0.0,0.0,0.0,0.0,0.0,0.0,0.0,0.0,0.0,1.0,27.0,0.02074074074074074,20030228_easy_ham.tar.bz2,0bb3210f49d6ba08
0,242.0,43.0,0.0,0.0,0.0,0.0,0.0,0.0,0.0,0.0,0.0,0.0,1.0,29.0,0.036585365853658534,20030228_easy_ham.tar.bz2,ac143d47e8a1bc80
0,2740.0,479.0,0.0,0.0,0.0,0.0,0.0,0.0,0.0,0.0,0.0,0.0,1.0,27.0,0.02132701421800948,20030228_easy_ham.tar.bz2,81a76738fd60d7e5
0,577.0,91.0,1.0,0.0,0.0,0.0,0.0,0.0,0.0,0.0,0.0,0.0,1.0,30.0,0.030690537084398978,20030228_easy_ham.tar.bz2,f1e25fb636d7ee1d
0,1081.0,188.0,1.0,0.0,0.0,0.0,0.0,0.0,0.0,0.0,0.0,0.0,1.0,22.0,0.05,20030228_easy_ham.tar.bz2,a29cb0fd53f96f20
0,2510.0,412.0,0.0,0.0,0.0,0.0,0.0,0.0,0.0,0.0,0.0,0.0,1.0,22.0,0.03917179630665921,20030228_easy_ham.tar.bz2,82286bff78c2d2f0
0,394.0,62.0,0.0,0.0,0.0,0.0,0.0,0.0,0.0,0.0,0.0,0.0,0.0,30.0,0.044444444444444446,20030228_easy_ham.tar.bz2,6b9d6e18ff4682cc
0,339.0,59.0,1.0,0.0,0.0,0.0,0.0,0.0,0.0,0.0,0.0,0.0,0.0,30.0,0.027777777777777776,20030228_easy_ham.tar.bz2,4fea64327fcec024
0,241.0,41.0,0.0,0.0,0.0,0.0,0.0,0.0,0.0,0.0,0.0,0.0,0.0,30.0,0.04,20030228_easy_ham.tar.bz2,1a937d9b09616bb9
0,568.0,95.0,0.0,0.0,0.0,0.0,0.0,0.0,0.0,0.0,0.0,0.0,0.0,73.0,0.03532008830022075,20030228_easy_ham.tar.bz2,32f43a254430cce7
0,432.0,55.0,0.0,0.0,0.0,0.0,0.0,0.0,0.0,0.0,0.0,0.0,1.0,50.0,0.07023411371237458,20030228_easy_ham.tar.bz2,9dbad1d541a58e36
0,1217.0,208.0,0.0,0.0,0.0,0.0,0.0,0.0,0.0,0.0,0.0,0.0,1.0,72.0,0.026455026455026454,20030228_easy_ham.tar.bz2,574c15c389c0c255
0,194.0,34.0,0.0,0.0,0.0,0.0,0.0,0.0,0.0,0.0,0.0,0.0,0.0,30.0,0.04411764705882353,20030228_easy_ham.tar.bz2,8e5e0641468e2b25
0,1610.0,275.0,0.0,0.0,0.0,0.0,0.0,0.0,0.0,0.0,0.0,0.0,1.0,72.0,0.032067510548523206,20030228_easy_ham.tar.bz2,0cab5d4ef9321f88
0,1050.0,177.0,2.0,0.0,0.0,0.0,0.0,0.0,0.0,0.0,0.0,0.0,1.0,72.0,0.04617414248021108,20030228_easy_ham.tar.bz2,06445ad36996bb6b
0,444.0,68.0,1.0,0.0,0.0,0.0,0.0,0.0,0.0,0.0,0.0,0.0,0.0,79.0,0.08641975308641975,20030228_easy_ham.tar.bz2,00c6f6c6f4300b01
0,4971.0,753.0,1.0,0.0,0.0,0.0,0.0,1.0,0.0,0.0,0.0,0.0,1.0,53.0,0.03795662100456621,20030228_easy_ham.tar.bz2,4f459e770cde1dc1
0,2147.0,407.0,0.0,0.0,0.0,0.0,0.0,0.0,0.0,0.0,0.0,0.0,1.0,30.0,0.0249609984399376,20030228_easy_ham.tar.bz2,be56d7808d0cc9bd
0,2422.0,427.0,0.0,0.0,0.0,0.0,0.0,0.0,0.0,0.0,0.0,0.0,1.0,31.0,0.027261462205700124,20030228_easy_ham.tar.bz2,be63135c5c89e82f
0,733.0,107.0,0.0,0.0,0.0,0.0,0.0,0.0,0.0,0.0,0.0,0.0,0.0,26.0,0.03413654618473896,20030228_easy_ham.tar.bz2,33496e620b3628ce
0,1093.0,164.0,0.0,0.0,0.0,0.0,0.0,0.0,0.0,0.0,0.0,0.0,1.0,26.0,0.03204272363150868,20030228_easy_ham.tar.bz2,8680d9368454b37e
0,492.0,80.0,0.0,0.0,0.0,0.0,0.0,0.0,0.0,0.0,0.0,0.0,1.0,26.0,0.030136986301369864,20030228_easy_ham.tar.bz2,46786384ce6ceab1
0,2428.0,384.0,0.0,0.0,0.0,0.0,0.0,0.0,0.0,0.0,0.0,0.0,0.0,30.0,0.030181086519114688,20030228_easy_ham.tar.bz2,f3ea56536d57903e
0,6020.0,918.0,1.0,0.0,0.0,0.0,0.0,0.0,0.0,0.0,0.0,0.0,1.0,27.0,0.07692307692307693,20030228_easy_ham.tar.bz2,9ae55dafddf86745
0,2436.0,310.0,0.0,0.0,0.0,0.0,0.0,0.0,0.0,0.0,0.0,0.0,1.0,48.0,0.04869186046511628,20030228_easy_ham.tar.bz2,02d0cab3486644e7
0,485.0,84.0,0.0,0.0,0.0,0.0,0.0,0.0,0.0,0.0,0.0,0.0,1.0,48.0,0.04735376044568245,20030228_easy_ham.tar.bz2,85fda70bc5abe9df
0,514.0,76.0,1.0,0.0,0.0,0.0,0.0,0.0,0.0,0.0,0.0,0.0,1.0,27.0,0.046703296703296704,20030228_easy_ham.tar.bz2,ff499670812de553
0,4360.0,808.0,0.0,0.0,0.0,0.0,0.0,0.0,0.0,0.0,0.0,0.0,1.0,30.0,0.029069767441860465,20030228_easy_ham.tar.bz2,acad795032ef494a
0,1370.0,239.0,0.0,0.0,0.0,0.0,0.0,0.0,0.0,0.0,0.0,0.0,1.0,31.0,0.02654867256637168,20030228_easy_ham.tar.bz2,64354440892e20b3
0,317.0,57.0,0.0,0.0,0.0,0.0,0.0,0.0,0.0,0.0,0.0,0.0,1.0,48.0,0.06363636363636363,20030228_easy_ham.tar.bz2,db1c6030f12d55c7
0,815.0,135.0,0.0,0.0,0.0,0.0,0.0,0.0,0.0,0.0,0.0,0.0,1.0,27.0,0.027868852459016394,20030228_easy_ham.tar.bz2,84f3f6d8ebc23e0b
0,418.0,70.0,0.0,0.0,0.0,0.0,0.0,0.0,0.0,0.0,0.0,0.0,0.0,31.0,0.05128205128205128,20030228_easy_ham.tar.bz2,1c3427c15b9a8b49
0,700.0,124.0,0.0,0.0,0.0,0.0,0.0,0.0,0.0,0.0,0.0,0.0,0.0,30.0,0.03428571428571429,20030228_easy_ham.tar.bz2,359f19dc146ae2cb
0,1588.0,283.0,0.0,0.0,0.0,0.0,0.0,0.0,0.0,0.0,0.0,0.0,0.0,31.0,0.09117221418234443,20030228_easy_ham.tar.bz2,2e59b3043ed7fb51
0,2499.0,336.0,14.0,0.0,0.0,0.0,0.0,0.0,0.0,0.0,0.0,0.0,0.0,33.0,0.052083333333333336,20030228_easy_ham.tar.bz2,6f015c36639c18ef
0,650.0,108.0,0.0,0.0,0.0,0.0,0.0,0.0,0.0,0.0,0.0,0.0,1.0,22.0,0.07802874743326489,20030228_easy_ham.tar.bz2,84bba238f29511c7
0,1439.0,246.0,0.0,0.0,0.0,0.0,0.0,0.0,0.0,0.0,0.0,0.0,1.0,28.0,0.045998160073597055,20030228_easy_ham.tar.bz2,b66e6ec921814f3d
0,1871.0,240.0,7.0,0.0,0.0,0.0,0.0,0.0,0.0,0.0,0.0,0.0,0.0,33.0,0.04633620689655173,20030228_easy_ham.tar.bz2,455ca06611f4d490
0,784.0,121.0,3.0,0.0,0.0,0.0,0.0,0.0,0.0,0.0,0.0,0.0,0.0,35.0,0.0502092050209205,20030228_easy_ham.tar.bz2,65037ebc4174db14
0,947.0,159.0,1.0,0.0,0.0,0.0,0.0,0.0,0.0,0.0,0.0,0.0,1.0,39.0,0.044444444444444446,20030228_easy_ham.tar.bz2,49e61d3a10a22fca
0,608.0,91.0,2.0,0.0,0.0,0.0,0.0,0.0,0.0,0.0,0.0,0.0,0.0,35.0,0.05026455026455026,20030228_easy_ham.tar.bz2,a03b1b3fc71ede96
0,1381.0,184.0,4.0,0.0,0.0,0.0,0.0,0.0,0.0,0.0,0.0,0.0,0.0,33.0,0.06718346253229975,20030228_easy_ham.tar.bz2,3d8eedbb45e6efa9
0,606.0,91.0,2.0,0.0,0.0,0.0,0.0,0.0,0.0,0.0,0.0,0.0,0.0,35.0,0.0582010582010582,20030228_easy_ham.tar.bz2,a7bcf5ca3501987b
0,1568.0,226.0,9.0,0.0,0.0,0.0,0.0,0.0,0.0,0.0,0.0,0.0,0.0,33.0,0.06987951807228916,20030228_easy_ham.tar.bz2,4badcd52b6936a53
0,590.0,89.0,2.0,0.0,0.0,0.0,0.0,0.0,0.0,0.0,0.0,0.0,0.0,35.0,0.04395604395604396,20030228_easy_ham.tar.bz2,f69e341d80965775
0,1457.0,204.0,4.0,0.0,0.0,0.0,0.0,0.0,0.0,0.0,0.0,0.0,0.0,33.0,0.047619047619047616,20030228_easy_ham.tar.bz2,d6b9d0a00725e03c
0,2199.0,282.0,9.0,0.0,0.0,0.0,0.0,0.0,0.0,0.0,0.0,0.0,0.0,33.0,0.05958549222797927,20030228_easy_ham.tar.bz2,09f3f2310187036d
0,781.0,121.0,3.0,0.0,0.0,0.0,0.0,0.0,0.0,0.0,0.0,0.0,0.0,35.0,0.046511627906976744,20030228_easy_ham.tar.bz2,975afdeeaeae49f7
0,882.0,141.0,4.0,0.0,0.0,0.0,0.0,0.0,0.0,0.0,0.0,0.0,0.0,35.0,0.054820415879017016,20030228_easy_ham.tar.bz2,d9b4fb7c43d37888
0,3172.0,410.0,15.0,0.0,0.0,0.0,0.0,0.0,0.0,0.0,0.0,0.0,0.0,33.0,0.05922270203578038,20030228_easy_ham.tar.bz2,745acb5438230bab
0,593.0,88.0,2.0,0.0,0.0,0.0,0.0,0.0,0.0,0.0,0.0,0.0,0.0,35.0,0.040983606557377046,20030228_easy_ham.tar.bz2,21f1f8084e090883
0,1331.0,180.0,5.0,0.0,0.0,0.0,0.0,0.0,0.0,0.0,0.0,0.0,0.0,33.0,0.04207573632538569,20030228_easy_ham.tar.bz2,de1a73049c635651
0,813.0,140.0,1.0,0.0,0.0,0.0,0.0,0.0,0.0,0.0,0.0,0.0,1.0,31.0,0.05756578947368421,20030228_easy_ham.tar.bz2,436fdd0170aaced7
0,632.0,93.0,2.0,0.0,0.0,0.0,0.0,0.0,0.0,0.0,0.0,0.0,0.0,35.0,0.041025641025641026,20030228_easy_ham.tar.bz2,56377f876f53d790
0,1229.0,161.0,4.0,0.0,0.0,0.0,0.0,0.0,0.0,0.0,0.0,0.0,0.0,33.0,0.03787878787878788,20030228_easy_ham.tar.bz2,f81c33bd28eaff23
0,617.0,94.0,2.0,0.0,0.0,0.0,0.0,0.0,0.0,0.0,0.0,0.0,0.0,35.0,0.07012987012987013,20030228_easy_ham.tar.bz2,4453577eec48ce89
0,1509.0,212.0,7.0,0.0,0.0,0.0,0.0,0.0,0.0,0.0,0.0,0.0,0.0,33.0,0.07497116493656286,20030228_easy_ham.tar.bz2,65024b1015740106
0,613.0,91.0,2.0,0.0,0.0,0.0,0.0,0.0,0.0,0.0,0.0,0.0,0.0,35.0,0.046753246753246755,20030228_easy_ham.tar.bz2,0361e79768b56f19
0,1625.0,234.0,4.0,0.0,0.0,0.0,0.0,0.0,0.0,0.0,0.0,0.0,0.0,33.0,0.04531410916580844,20030228_easy_ham.tar.bz2,c70e33c2e9cdc77a
0,619.0,94.0,2.0,0.0,0.0,0.0,0.0,0.0,0.0,0.0,0.0,0.0,0.0,35.0,0.04699738903394256,20030228_easy_ham.tar.bz2,570cdceba992b90b
0,1233.0,163.0,4.0,0.0,0.0,0.0,0.0,0.0,0.0,0.0,0.0,0.0,0.0,33.0,0.05128205128205128,20030228_easy_ham.tar.bz2,e4ebc59171c107c3
0,902.0,143.0,4.0,0.0,0.0,0.0,0.0,0.0,0.0,0.0,0.0,0.0,0.0,35.0,0.053703703703703705,20030228_easy_ham.tar.bz2,59380b8c3ec32467
0,3302.0,453.0,11.0,0.0,0.0,0.0,0.0,0.0,0.0,0.0,0.0,0.0,0.0,33.0,0.03948110547095319,20030228_easy_ham.tar.bz2,c43f8d03be42f095
0,1293.0,198.0,2.0,0.0,0.0,0.0,0.0,0.0,0.0,0.0,0.0,0.0,1.0,18.0,0.06875,20030228_easy_ham.tar.bz2,2de721c1f60e876e
0,608.0,91.0,2.0,0.0,0.0,0.0,0.0,0.0,0.0,0.0,0.0,0.0,0.0,35.0,0.04473684210526316,20030228_easy_ham.tar.bz2,4d05cf8a866d9342
0,1338.0,180.0,4.0,0.0,0.0,0.0,0.0,0.0,0.0,0.0,0.0,0.0,0.0,33.0,0.0445945945945946,20030228_easy_ham.tar.bz2,93fced7850a3c580
0,1487.0,260.0,1.0,0.0,0.0,0.0,0.0,0.0,0.0,0.0,0.0,0.0,1.0,25.0,0.057777777777777775,20030228_easy_ham.tar.bz2,b5892963f5415ef1
0,1688.0,279.0,0.0,0.0,0.0,0.0,0.0,0.0,0.0,0.0,0.0,0.0,0.0,16.0,0.0499219968798752,20030228_easy_ham.tar.bz2,07181fd946349ba5
0,626.0,95.0,2.0,0.0,0.0,0.0,0.0,0.0,0.0,0.0,0.0,0.0,0.0,35.0,0.05128205128205128,20030228_easy_ham.tar.bz2,a5012ab85fc49b1a
0,1611.0,234.0,5.0,0.0,0.0,0.0,0.0,0.0,0.0,0.0,0.0,0.0,0.0,33.0,0.0694300518134715,20030228_easy_ham.tar.bz2,6519d09479ea9349
0,599.0,89.0,2.0,0.0,0.0,0.0,0.0,0.0,0.0,0.0,0.0,0.0,0.0,35.0,0.04582210242587601,20030228_easy_ham.tar.bz2,0e7c9d927a3f7146
0,1334.0,180.0,6.0,0.0,0.0,0.0,0.0,0.0,0.0,0.0,0.0,0.0,0.0,33.0,0.046218487394957986,20030228_easy_ham.tar.bz2,55f77bcc325e06cb
0,601.0,91.0,2.0,0.0,0.0,0.0,0.0,0.0,0.0,0.0,0.0,0.0,0.0,35.0,0.059782608695652176,20030228_easy_ham.tar.bz2,89a16c99b75f21ff
0,1345.0,181.0,6.0,0.0,0.0,0.0,0.0,0.0,0.0,0.0,0.0,0.0,0.0,33.0,0.08310249307479224,20030228_easy_ham.tar.bz2,eb056d31f925081b
0,783.0,121.0,3.0,0.0,0.0,0.0,0.0,0.0,0.0,0.0,0.0,0.0,0.0,35.0,0.05063291139240506,20030228_easy_ham.tar.bz2,58dc4c32489687f7
0,2535.0,373.0,8.0,0.0,0.0,0.0,0.0,0.0,0.0,0.0,0.0,0.0,0.0,33.0,0.039492242595204514,20030228_easy_ham.tar.bz2,033221360b5c504b
0,626.0,93.0,2.0,0.0,0.0,0.0,0.0,0.0,0.0,0.0,0.0,0.0,0.0,35.0,0.047979797979797977,20030228_easy_ham.tar.bz2,41650dec3e0411a0
0,1265.0,164.0,4.0,0.0,0.0,0.0,0.0,0.0,0.0,0.0,0.0,0.0,0.0,33.0,0.06950354609929078,20030228_easy_ham.tar.bz2,735b9c997e1ad046
0,634.0,93.0,2.0,0.0,0.0,0.0,0.0,0.0,0.0,0.0,0.0,0.0,0.0,35.0,0.041025641025641026,20030228_easy_ham.tar.bz2,2921b65ed9c63715
0,1251.0,166.0,4.0,0.0,0.0,0.0,0.0,0.0,0.0,0.0,0.0,0.0,0.0,33.0,0.03545051698670606,20030228_easy_ham.tar.bz2,10cad711b0b1122b
0,1538.0,219.0,6.0,0.0,0.0,0.0,0.0,0.0,0.0,0.0,0.0,0.0,0.0,33.0,0.06555423122765197,20030228_easy_ham.tar.bz2,34b0a92fe7beaa61
0,606.0,89.0,2.0,0.0,0.0,0.0,0.0,0.0,0.0,0.0,0.0,0.0,0.0,35.0,0.04221635883905013,20030228_easy_ham.tar.bz2,e957fd8d5131de43
0,2694.0,523.0,0.0,0.0,0.0,0.0,0.0,0.0,0.0,0.0,0.0,0.0,1.0,26.0,0.04950495049504951,20030228_easy_ham.tar.bz2,888bd05f7f6c89fd
0,772.0,117.0,3.0,0.0,0.0,0.0,0.0,0.0,0.0,0.0,0.0,0.0,0.0,35.0,0.043478260869565216,20030228_easy_ham.tar.bz2,527f42cb5728f64b
0,1987.0,243.0,7.0,0.0,0.0,0.0,0.0,0.0,0.0,0.0,0.0,0.0,0.0,33.0,0.05566218809980806,20030228_easy_ham.tar.bz2,6d75a5dc28631cd0
0,1031.0,176.0,2.0,0.0,0.0,0.0,0.0,0.0,0.0,0.0,0.0,0.0,1.0,30.0,0.08623087621696801,20030228_easy_ham.tar.bz2,cb073bfffce929e2
0,518.0,90.0,0.0,0.0,0.0,0.0,0.0,0.0,0.0,0.0,0.0,0.0,1.0,29.0,0.043243243243243246,20030228_easy_ham.tar.bz2,8ed8733aaebce8d1
0,428.0,69.0,0.0,0.0,0.0,0.0,0.0,0.0,0.0,0.0,0.0,0.0,1.0,23.0,0.11764705882352941,20030228_easy_ham.tar.bz2,f808c18fe7dfd745
0,1453.0,202.0,5.0,0.0,0.0,0.0,0.0,0.0,0.0,0.0,0.0,0.0,0.0,33.0,0.03365384615384615,20030228_easy_ham.tar.bz2,cc20b6ea20c7e79e
0,1360.0,197.0,4.0,0.0,0.0,0.0,0.0,0.0,0.0,0.0,0.0,0.0,0.0,33.0,0.0642570281124498,20030228_easy_ham.tar.bz2,61da0854477e8944
0,835.0,149.0,0.0,0.0,0.0,0.0,0.0,0.0,0.0,0.0,0.0,0.0,1.0,9.0,0.05853658536585366,20030228_easy_ham.tar.bz2,380b86a33ae8a514
0,328.0,50.0,0.0,0.0,0.0,0.0,0.0,0.0,0.0,0.0,0.0,0.0,1.0,34.0,0.08502024291497975,20030228_easy_ham.tar.bz2,d25b1bac317dfb76
0,376.0,56.0,0.0,0.0,0.0,0.0,0.0,0.0,0.0,0.0,0.0,0.0,1.0,7.0,0.07885304659498207,20030228_easy_ham.tar.bz2,c8672cb8094c2cca
0,748.0,117.0,3.0,0.0,0.0,0.0,0.0,0.0,0.0,0.0,0.0,0.0,0.0,35.0,0.05664488017429194,20030228_easy_ham.tar.bz2,cefbe2b95729f6ff
0,2288.0,319.0,8.0,0.0,0.0,0.0,0.0,0.0,0.0,0.0,0.0,0.0,0.0,33.0,0.05403225806451613,20030228_easy_ham.tar.bz2,290d952d6d2b851c
0,1205.0,149.0,4.0,0.0,0.0,0.0,0.0,0.0,1.0,0.0,0.0,0.0,0.0,33.0,0.05255023183925812,20030228_easy_ham.tar.bz2,528ec8e44c0b41ae
0,967.0,176.0,3.0,0.0,0.0,0.0,0.0,0.0,0.0,0.0,0.0,0.0,0.0,8.0,0.04277286135693215,20030228_easy_ham.tar.bz2,2a936a0a8edeb6e2
0,979.0,185.0,6.0,0.0,0.0,0.0,0.0,0.0,0.0,0.0,0.0,0.0,0.0,78.0,0.07784431137724551,20030228_easy_ham.tar.bz2,862840e98fa2a2eb
0,990.0,168.0,2.0,0.0,0.0,0.0,0.0,0.0,0.0,0.0,0.0,0.0,0.0,12.0,0.07275320970042796,20030228_easy_ham.tar.bz2,84215769b700328c
0,281.0,43.0,2.0,0.0,0.0,0.0,0.0,0.0,0.0,0.0,0.0,0.0,0.0,77.0,0.08823529411764706,20030228_easy_ham.tar.bz2,4f8261aee759908f
0,1100.0,183.0,9.0,0.0,0.0,0.0,0.0,0.0,0.0,0.0,0.0,0.0,0.0,13.0,0.09028727770177838,20030228_easy_ham.tar.bz2,9f17203c96585f80
0,281.0,49.0,2.0,0.0,0.0,0.0,0.0,0.0,0.0,0.0,0.0,0.0,0.0,41.0,0.17419354838709677,20030228_easy_ham.tar.bz2,c00b5c94a54d9adf
0,209.0,41.0,2.0,0.0,0.0,0.0,0.0,0.0,0.0,0.0,0.0,0.0,0.0,48.0,0.1388888888888889,20030228_easy_ham.tar.bz2,45758f129a42d16b
0,777.0,124.0,4.0,0.0,0.0,0.0,0.0,0.0,0.0,0.0,0.0,0.0,0.0,44.0,0.051457975986277875,20030228_easy_ham.tar.bz2,94925bf2ae2e7e5a
0,208.0,38.0,2.0,0.0,0.0,0.0,0.0,0.0,0.0,0.0,0.0,0.0,0.0,50.0,0.12,20030228_easy_ham.tar.bz2,8859a360af7ae897
0,1247.0,191.0,3.0,0.0,0.0,0.0,0.0,0.0,0.0,0.0,0.0,0.0,0.0,41.0,0.04352557127312296,20030228_easy_ham.tar.bz2,8470c1e75a26d5bd
0,555.0,99.0,3.0,0.0,0.0,0.0,0.0,0.0,0.0,0.0,0.0,0.0,0.0,17.0,0.09462915601023018,20030228_easy_ham.tar.bz2,bb6c9895d3392882
0,471.0,76.0,4.0,0.0,0.0,0.0,0.0,0.0,0.0,0.0,0.0,0.0,0.0,27.0,0.11044776119402985,20030228_easy_ham.tar.bz2,e5b8fb869cb8e56f
0,915.0,162.0,4.0,0.0,0.0,0.0,0.0,0.0,0.0,0.0,0.0,0.0,0.0,44.0,0.051593323216995446,20030228_easy_ham.tar.bz2,f46044b4c25eedce
0,1436.0,209.0,3.0,0.0,0.0,0.0,0.0,0.0,0.0,0.0,0.0,0.0,0.0,39.0,0.05410628019323672,20030228_easy_ham.tar.bz2,38b6f24702c0a8af
0,255.0,48.0,2.0,0.0,0.0,0.0,0.0,0.0,0.0,0.0,0.0,0.0,0.0,59.0,0.10067114093959731,20030228_easy_ham.tar.bz2,adb644c794133da3
0,693.0,109.0,3.0,0.0,0.0,0.0,0.0,0.0,0.0,0.0,0.0,0.0,0.0,15.0,0.058823529411764705,20030228_easy_ham.tar.bz2,12b6fa6a38ac7341
0,329.0,61.0,2.0,0.0,0.0,0.0,0.0,0.0,0.0,0.0,0.0,0.0,0.0,78.0,0.07281553398058252,20030228_easy_ham.tar.bz2,78235a942eb9dd39
0,977.0,183.0,2.0,0.0,0.0,0.0,0.0,0.0,0.0,0.0,0.0,0.0,0.0,78.0,0.08131241084165478,20030228_easy_ham.tar.bz2,a936d5c845b5fc62
0,284.0,51.0,2.0,0.0,0.0,0.0,0.0,0.0,0.0,0.0,0.0,0.0,0.0,77.0,0.08648648648648649,20030228_easy_ham.tar.bz2,7476cbbfe9efdea9
0,284.0,51.0,2.0,0.0,0.0,0.0,0.0,0.0,0.0,0.0,0.0,0.0,0.0,77.0,0.08648648648648649,20030228_easy_ham.tar.bz2,4b284ee38aeca6d2
0,1598.0,243.0,3.0,0.0,0.0,0.0,0.0,0.0,0.0,0.0,0.0,0.0,0.0,33.0,0.03492333901192504,20030228_easy_ham.tar.bz2,21cc327f6d4a585f
0,219.0,41.0,2.0,0.0,0.0,0.0,0.0,0.0,0.0,0.0,0.0,0.0,0.0,41.0,0.13043478260869565,20030228_easy_ham.tar.bz2,63acd37cc03199cb
0,344.0,52.0,3.0,0.0,0.0,0.0,0.0,0.0,0.0,0.0,0.0,0.0,0.0,15.0,0.07317073170731707,20030228_easy_ham.tar.bz2,88186ba1504b27cf
0,197.0,36.0,2.0,0.0,0.0,0.0,0.0,0.0,0.0,0.0,0.0,0.0,0.0,36.0,0.1391304347826087,20030228_easy_ham.tar.bz2,34a101d88730a0cb
0,233.0,47.0,2.0,0.0,0.0,0.0,0.0,0.0,0.0,0.0,0.0,0.0,0.0,42.0,0.2,20030228_easy_ham.tar.bz2,a4ef02d1c29fce56
0,445.0,79.0,2.0,0.0,0.0,0.0,0.0,0.0,0.0,0.0,0.0,0.0,0.0,78.0,0.08389261744966443,20030228_easy_ham.tar.bz2,2e824fcdebd0b775
0,209.0,41.0,2.0,0.0,0.0,0.0,0.0,0.0,0.0,0.0,0.0,0.0,0.0,48.0,0.1388888888888889,20030228_easy_ham.tar.bz2,6a6d76e90a20609b
0,530.0,81.0,5.0,0.0,0.0,0.0,0.0,0.0,0.0,0.0,0.0,0.0,0.0,75.0,0.0881542699724518,20030228_easy_ham.tar.bz2,3284fc0bd37f6235
0,471.0,83.0,2.0,0.0,0.0,0.0,0.0,0.0,0.0,0.0,0.0,0.0,0.0,78.0,0.08484848484848485,20030228_easy_ham.tar.bz2,04776c96d09bccff
0,383.0,71.0,2.0,0.0,0.0,0.0,0.0,0.0,0.0,0.0,0.0,0.0,0.0,78.0,0.10505836575875487,20030228_easy_ham.tar.bz2,9af5518aa99e8f5f
0,426.0,72.0,4.0,0.0,0.0,0.0,0.0,0.0,0.0,0.0,0.0,0.0,0.0,38.0,0.057432432432432436,20030228_easy_ham.tar.bz2,f8cfff053768c070
0,2863.0,466.0,17.0,0.0,0.0,0.0,0.0,0.0,0.0,0.0,0.0,0.0,0.0,21.0,0.07312049433573635,20030228_easy_ham.tar.bz2,abb4777eb1a0293d
0,1971.0,331.0,2.0,0.0,0.0,0.0,0.0,0.0,0.0,0.0,0.0,0.0,0.0,30.0,0.03884795713328868,20030228_easy_ham.tar.bz2,6de23d0b4f4bbd38
0,348.0,59.0,4.0,0.0,0.0,0.0,0.0,0.0,0.0,0.0,0.0,0.0,0.0,21.0,0.08520179372197309,20030228_easy_ham.tar.bz2,a586acf502cd9306
0,557.0,101.0,3.0,0.0,0.0,0.0,0.0,0.0,0.0,0.0,0.0,0.0,0.0,78.0,0.06770833333333333,20030228_easy_ham.tar.bz2,2afbde32c8b99419
0,966.0,150.0,3.0,0.0,0.0,0.0,0.0,0.0,0.0,0.0,0.0,0.0,0.0,27.0,0.06017191977077364,20030228_easy_ham.tar.bz2,5124abf0e1831038
0,238.0,44.0,2.0,0.0,0.0,0.0,0.0,0.0,0.0,0.0,0.0,0.0,0.0,37.0,0.1111111111111111,20030228_easy_ham.tar.bz2,4aef4a7a7a27e407
0,2732.0,474.0,12.0,0.0,0.0,0.0,0.0,0.0,0.0,0.0,0.0,0.0,0.0,10.0,0.07806691449814127,20030228_easy_ham.tar.bz2,1f083e742418e31d
0,355.0,70.0,2.0,0.0,0.0,0.0,0.0,0.0,0.0,0.0,0.0,0.0,0.0,78.0,0.12037037037037036,20030228_easy_ham.tar.bz2,117a40df2173e7f3
0,685.0,119.0,4.0,0.0,0.0,0.0,0.0,0.0,0.0,0.0,0.0,0.0,0.0,12.0,0.0525164113785558,20030228_easy_ham.tar.bz2,21349c82873da704
0,258.0,47.0,2.0,0.0,0.0,0.0,0.0,0.0,0.0,0.0,0.0,0.0,0.0,56.0,0.10810810810810811,20030228_easy_ham.tar.bz2,d48d7d860b9af4de
0,957.0,143.0,2.0,0.0,0.0,0.0,0.0,0.0,0.0,0.0,0.0,0.0,0.0,17.0,0.05053598774885146,20030228_easy_ham.tar.bz2,f3dbea6f36a107bb
0,1601.0,277.0,9.0,0.0,0.0,0.0,0.0,0.0,0.0,0.0,0.0,0.0,0.0,11.0,0.04903677758318739,20030228_easy_ham.tar.bz2,91773a8ee1f0d9f7
0,1821.0,314.0,4.0,0.0,0.0,0.0,0.0,0.0,0.0,0.0,0.0,0.0,0.0,13.0,0.07479431563201197,20030228_easy_ham.tar.bz2,522a5c7778bc218e
0,210.0,41.0,2.0,0.0,0.0,0.0,0.0,0.0,0.0,0.0,0.0,0.0,0.0,44.0,0.1452991452991453,20030228_easy_ham.tar.bz2,c9e6e1be26d8b4ef
0,219.0,40.0,2.0,0.0,0.0,0.0,0.0,0.0,0.0,0.0,0.0,0.0,0.0,51.0,0.1111111111111111,20030228_easy_ham.tar.bz2,5f4efc2b82e612a3
0,266.0,49.0,2.0,0.0,0.0,0.0,0.0,0.0,0.0,0.0,0.0,0.0,0.0,78.0,0.09937888198757763,20030228_easy_ham.tar.bz2,4d88135df11ddda3
0,360.0,63.0,2.0,0.0,0.0,0.0,0.0,0.0,0.0,0.0,0.0,0.0,0.0,78.0,0.08974358974358974,20030228_easy_ham.tar.bz2,de86a6b0aec8ae0f
0,432.0,76.0,2.0,0.0,0.0,0.0,0.0,0.0,0.0,0.0,0.0,0.0,0.0,78.0,0.07744107744107744,20030228_easy_ham.tar.bz2,c579b9a869e7f370
0,206.0,38.0,2.0,0.0,0.0,0.0,0.0,0.0,0.0,0.0,0.0,0.0,0.0,45.0,0.12173913043478261,20030228_easy_ham.tar.bz2,a023b75ed00be9e1
0,407.0,66.0,4.0,0.0,0.0,0.0,0.0,0.0,0.0,0.0,0.0,0.0,0.0,78.0,0.10196078431372549,20030228_easy_ham.tar.bz2,e3dc27f7ed9c24f9
0,306.0,53.0,2.0,0.0,0.0,0.0,0.0,0.0,0.0,0.0,0.0,0.0,0.0,78.0,0.1099476439790576,20030228_easy_ham.tar.bz2,fa79f93147db2625
0,238.0,40.0,2.0,0.0,0.0,0.0,0.0,0.0,0.0,0.0,0.0,0.0,0.0,38.0,0.13013698630136986,20030228_easy_ham.tar.bz2,3bf2a8ca67f944b0
0,403.0,69.0,2.0,0.0,1.0,0.0,1.0,0.0,0.0,0.0,0.0,0.0,0.0,78.0,0.05860805860805861,20030228_easy_ham.tar.bz2,b53def0202e33086
0,242.0,40.0,2.0,0.0,0.0,0.0,0.0,0.0,0.0,0.0,0.0,0.0,0.0,39.0,0.13286713286713286,20030228_easy_ham.tar.bz2,087526cf9a8b7923
0,242.0,45.0,2.0,0.0,0.0,0.0,0.0,0.0,0.0,0.0,0.0,0.0,0.0,68.0,0.1111111111111111,20030228_easy_ham.tar.bz2,30c17949fd1bbdc4
0,328.0,55.0,2.0,0.0,0.0,0.0,0.0,0.0,0.0,0.0,0.0,0.0,0.0,76.0,0.14659685863874344,20030228_easy_ham.tar.bz2,e26640838ea650d0
0,777.0,126.0,2.0,0.0,0.0,0.0,0.0,0.0,0.0,0.0,0.0,0.0,0.0,9.0,0.0446927374301676,20030228_easy_ham.tar.bz2,864f9e1fbb597ff9
0,402.0,70.0,2.0,0.0,0.0,0.0,0.0,0.0,0.0,0.0,0.0,0.0,0.0,10.0,0.07777777777777778,20030228_easy_ham.tar.bz2,6fe7c6f78f7296e2
0,730.0,137.0,4.0,0.0,0.0,0.0,0.0,0.0,0.0,0.0,0.0,0.0,0.0,78.0,0.09787234042553192,20030228_easy_ham.tar.bz2,50ad5d16161212c9
0,268.0,48.0,2.0,0.0,0.0,0.0,0.0,0.0,0.0,0.0,0.0,0.0,0.0,78.0,0.125,20030228_easy_ham.tar.bz2,ab71f76154d9617c
0,1063.0,174.0,4.0,0.0,0.0,0.0,0.0,0.0,0.0,0.0,0.0,0.0,0.0,11.0,0.0563564875491481,20030228_easy_ham.tar.bz2,3cc5d818528d222d
0,504.0,76.0,3.0,0.0,0.0,0.0,0.0,0.0,0.0,0.0,0.0,0.0,0.0,43.0,0.05337078651685393,20030228_easy_ham.tar.bz2,718d339f093d87f4
0,1203.0,181.0,3.0,0.0,0.0,0.0,0.0,0.0,0.0,0.0,0.0,0.0,0.0,32.0,0.08700696055684455,20030228_easy_ham.tar.bz2,bfcdd4233b4f3767
0,386.0,68.0,2.0,0.0,0.0,0.0,0.0,0.0,0.0,0.0,0.0,0.0,0.0,19.0,0.09124087591240876,20030228_easy_ham.tar.bz2,814c0fd05b20bc87
0,1471.0,226.0,4.0,0.0,0.0,0.0,0.0,0.0,0.0,0.0,0.0,0.0,0.0,23.0,0.04843304843304843,20030228_easy_ham.tar.bz2,4f408967bd7a6f18
0,812.0,141.0,4.0,0.0,0.0,0.0,0.0,0.0,0.0,0.0,0.0,0.0,0.0,31.0,0.08121827411167512,20030228_easy_ham.tar.bz2,57030f3fc450031d
0,958.0,149.0,3.0,0.0,0.0,0.0,0.0,0.0,0.0,0.0,0.0,0.0,0.0,17.0,0.08615384615384615,20030228_easy_ham.tar.bz2,d9f904469fa52716
0,678.0,109.0,3.0,0.0,0.0,0.0,0.0,0.0,0.0,0.0,0.0,0.0,0.0,33.0,0.08786610878661087,20030228_easy_ham.tar.bz2,17b80b7cd21d76ac
0,1481.0,240.0,4.0,0.0,0.0,0.0,0.0,0.0,0.0,0.0,0.0,0.0,0.0,63.0,0.03651685393258427,20030228_easy_ham.tar.bz2,d098a88b0da04480
0,643.0,109.0,4.0,0.0,0.0,0.0,0.0,0.0,0.0,0.0,0.0,0.0,0.0,61.0,0.07640449438202247,20030228_easy_ham.tar.bz2,2c97ceb8679aefe6
0,899.0,136.0,4.0,0.0,0.0,0.0,0.0,0.0,0.0,0.0,0.0,0.0,0.0,32.0,0.06201550387596899,20030228_easy_ham.tar.bz2,d0425d9ccf70e3df
0,866.0,128.0,4.0,0.0,0.0,0.0,0.0,0.0,0.0,0.0,0.0,0.0,0.0,40.0,0.05591054313099041,20030228_easy_ham.tar.bz2,772f33c89cd4f788
0,637.0,97.0,4.0,0.0,0.0,0.0,0.0,0.0,0.0,0.0,0.0,0.0,0.0,75.0,0.1585081585081585,20030228_easy_ham.tar.bz2,9f534a9019dd7ca4
0,522.0,76.0,6.0,0.0,0.0,0.0,0.0,0.0,0.0,0.0,0.0,0.0,0.0,36.0,0.07988980716253444,20030228_easy_ham.tar.bz2,6d03ca6a15f8dd0f
0,1123.0,185.0,2.0,0.0,0.0,0.0,0.0,0.0,0.0,0.0,0.0,0.0,0.0,10.0,0.036427732079905996,20030228_easy_ham.tar.bz2,2f4ad0648340b07b
0,689.0,115.0,3.0,0.0,0.0,0.0,0.0,0.0,0.0,0.0,0.0,0.0,0.0,77.0,0.06451612903225806,20030228_easy_ham.tar.bz2,5d6fb542dcb8d48e
0,222.0,39.0,2.0,0.0,0.0,0.0,0.0,0.0,0.0,0.0,0.0,0.0,0.0,49.0,0.11940298507462686,20030228_easy_ham.tar.bz2,764a13569243b857
0,336.0,58.0,2.0,0.0,0.0,0.0,0.0,0.0,0.0,0.0,0.0,0.0,0.0,78.0,0.0684931506849315,20030228_easy_ham.tar.bz2,5ec6dba8b8ff4895
0,471.0,79.0,3.0,0.0,0.0,0.0,0.0,0.0,0.0,0.0,0.0,0.0,0.0,78.0,0.10862619808306709,20030228_easy_ham.tar.bz2,c1454ff95621c8bd
0,239.0,45.0,2.0,0.0,0.0,0.0,0.0,0.0,0.0,0.0,0.0,0.0,0.0,69.0,0.1079136690647482,20030228_easy_ham.tar.bz2,fa4a6a02a7c7144e
0,329.0,60.0,2.0,0.0,0.0,0.0,0.0,0.0,0.0,0.0,0.0,0.0,0.0,78.0,0.08571428571428572,20030228_easy_ham.tar.bz2,28be57a31d80e780
0,1062.0,170.0,3.0,0.0,0.0,0.0,0.0,0.0,0.0,0.0,0.0,0.0,0.0,55.0,0.05387647831800263,20030228_easy_ham.tar.bz2,241a1763a5453d4e
0,317.0,54.0,2.0,0.0,0.0,0.0,0.0,0.0,0.0,0.0,0.0,0.0,0.0,78.0,0.07389162561576355,20030228_easy_ham.tar.bz2,ca6200684c8a7ccd
0,376.0,60.0,3.0,0.0,0.0,0.0,0.0,0.0,0.0,0.0,0.0,0.0,0.0,29.0,0.13805970149253732,20030228_easy_ham.tar.bz2,89c3847ac7d973c0
0,1195.0,210.0,5.0,0.0,0.0,0.0,0.0,0.0,0.0,0.0,0.0,0.0,0.0,19.0,0.05944055944055944,20030228_easy_ham.tar.bz2,6b586bc269791004
0,776.0,127.0,4.0,0.0,0.0,0.0,0.0,0.0,0.0,0.0,0.0,0.0,0.0,46.0,0.06108202443280977,20030228_easy_ham.tar.bz2,a42eea330deeed63
0,696.0,124.0,4.0,0.0,0.0,0.0,0.0,0.0,0.0,0.0,0.0,0.0,0.0,78.0,0.07543103448275862,20030228_easy_ham.tar.bz2,f9505e05371ec865
0,831.0,128.0,4.0,0.0,0.0,0.0,0.0,0.0,0.0,0.0,0.0,0.0,0.0,16.0,0.07445008460236886,20030228_easy_ham.tar.bz2,0243efaca84636a8
0,175.0,34.0,2.0,0.0,0.0,0.0,0.0,0.0,0.0,0.0,0.0,0.0,0.0,24.0,0.14736842105263157,20030228_easy_ham.tar.bz2,6b95efde5f2668c1
0,211.0,41.0,2.0,0.0,0.0,0.0,0.0,0.0,0.0,0.0,0.0,0.0,0.0,45.0,0.21008403361344538,20030228_easy_ham.tar.bz2,a2958551eea6c5c4
0,1529.0,284.0,3.0,0.0,0.0,0.0,0.0,0.0,0.0,0.0,0.0,0.0,0.0,13.0,0.03832442067736185,20030228_easy_ham.tar.bz2,a530d6558cd341c0
0,488.0,87.0,3.0,0.0,0.0,0.0,0.0,0.0,0.0,0.0,0.0,0.0,0.0,78.0,0.10091743119266056,20030228_easy_ham.tar.bz2,ccbad0ba454f2bbd
0,497.0,81.0,2.0,0.0,0.0,0.0,0.0,0.0,0.0,0.0,0.0,0.0,0.0,77.0,0.1196319018404908,20030228_easy_ham.tar.bz2,ac81fe4964d49ebd
0,245.0,44.0,2.0,0.0,0.0,0.0,0.0,0.0,0.0,0.0,0.0,0.0,0.0,64.0,0.1095890410958904,20030228_easy_ham.tar.bz2,c5b66691a4f92ce9
0,341.0,64.0,2.0,0.0,0.0,0.0,0.0,0.0,0.0,0.0,0.0,0.0,0.0,77.0,0.12389380530973451,20030228_easy_ham.tar.bz2,ff0cf2a339c920bb
0,270.0,47.0,2.0,0.0,0.0,0.0,0.0,0.0,0.0,0.0,0.0,0.0,0.0,78.0,0.1111111111111111,20030228_easy_ham.tar.bz2,1da6f14b237133d2
0,364.0,64.0,2.0,0.0,0.0,0.0,0.0,0.0,0.0,0.0,0.0,0.0,0.0,78.0,0.10080645161290322,20030228_easy_ham.tar.bz2,5b81147715b930d4
0,1264.0,216.0,8.0,0.0,0.0,0.0,0.0,0.0,0.0,0.0,0.0,0.0,0.0,18.0,0.06557377049180328,20030228_easy_ham.tar.bz2,ba9ea8e734099214
0,243.0,46.0,2.0,0.0,0.0,0.0,0.0,0.0,0.0,0.0,0.0,0.0,0.0,74.0,0.12949640287769784,20030228_easy_ham.tar.bz2,30bd9dd977ab4b15
0,733.0,129.0,2.0,0.0,0.0,0.0,0.0,0.0,0.0,0.0,0.0,0.0,0.0,13.0,0.058712121212121215,20030228_easy_ham.tar.bz2,ba64a7ddee637a98
0,391.0,64.0,2.0,0.0,0.0,0.0,0.0,0.0,0.0,0.0,0.0,0.0,0.0,4.0,0.0796812749003984,20030228_easy_ham.tar.bz2,5050f4eedb9a4703
0,433.0,80.0,2.0,0.0,0.0,0.0,0.0,0.0,0.0,0.0,0.0,0.0,0.0,4.0,0.058823529411764705,20030228_easy_ham.tar.bz2,25df5dd2ecd94b49
0,1540.0,238.0,3.0,0.0,0.0,0.0,0.0,0.0,0.0,0.0,0.0,0.0,0.0,42.0,0.023636363636363636,20030228_easy_ham.tar.bz2,9a1a0245e91b76ec
0,3199.0,532.0,3.0,0.0,0.0,0.0,0.0,0.0,0.0,0.0,0.0,0.0,0.0,17.0,0.02595797280593325,20030228_easy_ham.tar.bz2,772431853cef4a8b
0,2720.0,472.0,1.0,0.0,0.0,0.0,0.0,0.0,0.0,0.0,0.0,0.0,0.0,18.0,0.020942408376963352,20030228_easy_ham.tar.bz2,337e12ad3f043fdb
0,446.0,70.0,5.0,0.0,0.0,0.0,0.0,0.0,0.0,0.0,0.0,0.0,0.0,60.0,0.06329113924050633,20030228_easy_ham.tar.bz2,b4d4495ecbe2f5bd
0,424.0,65.0,1.0,0.0,0.0,0.0,0.0,0.0,0.0,0.0,0.0,0.0,0.0,16.0,0.052307692307692305,20030228_easy_ham.tar.bz2,de7a07319d69932e
0,2947.0,486.0,3.0,0.0,0.0,0.0,0.0,0.0,0.0,0.0,0.0,0.0,0.0,31.0,0.043010752688172046,20030228_easy_ham.tar.bz2,1b4b64f5dc1684fe
0,783.0,114.0,3.0,0.0,0.0,0.0,0.0,0.0,0.0,0.0,0.0,0.0,0.0,37.0,0.06007067137809187,20030228_easy_ham.tar.bz2,3518ad35cfcb818a
0,4411.0,777.0,2.0,0.0,0.0,0.0,0.0,0.0,0.0,0.0,0.0,0.0,0.0,77.0,0.02673325499412456,20030228_easy_ham.tar.bz2,4f63095ee7769b39
0,1027.0,174.0,3.0,0.0,0.0,0.0,0.0,0.0,0.0,0.0,0.0,0.0,0.0,76.0,0.029831387808041506,20030228_easy_ham.tar.bz2,d556ac6b1e2542ed
0,1864.0,311.0,4.0,0.0,0.0,0.0,0.0,0.0,0.0,0.0,0.0,0.0,0.0,10.0,0.042222222222222223,20030228_easy_ham.tar.bz2,9cefbaea012d484f
0,1408.0,235.0,2.0,0.0,0.0,0.0,0.0,0.0,0.0,0.0,0.0,0.0,0.0,77.0,0.04059040590405904,20030228_easy_ham.tar.bz2,a86a5e0579c657b6
0,1163.0,182.0,3.0,0.0,0.0,0.0,0.0,0.0,0.0,0.0,0.0,0.0,0.0,78.0,0.02796420581655481,20030228_easy_ham.tar.bz2,3ab7432c315d9715
0,2040.0,344.0,2.0,0.0,0.0,0.0,0.0,0.0,0.0,0.0,0.0,0.0,0.0,21.0,0.030245746691871456,20030228_easy_ham.tar.bz2,03790900637a69f3
0,105.0,18.0,1.0,0.0,0.0,0.0,0.0,0.0,0.0,0.0,0.0,0.0,0.0,34.0,0.18181818181818182,20030228_easy_ham.tar.bz2,17c01a4a828b6afd
0,103.0,17.0,1.0,0.0,0.0,0.0,0.0,0.0,0.0,0.0,0.0,0.0,0.0,63.0,0.16279069767441862,20030228_easy_ham.tar.bz2,2cdf562a7b399bde
0,166.0,25.0,2.0,0.0,0.0,0.0,0.0,0.0,0.0,0.0,0.0,0.0,0.0,121.0,0.12087912087912088,20030228_easy_ham.tar.bz2,8dddb0b10c0eb02f
0,2365.0,422.0,5.0,0.0,0.0,0.0,0.0,0.0,0.0,0.0,0.0,0.0,0.0,78.0,0.03697284806470248,20030228_easy_ham.tar.bz2,9c4dceea6fb0da39
0,158.0,25.0,2.0,0.0,0.0,0.0,0.0,0.0,0.0,0.0,0.0,0.0,0.0,107.0,0.12048192771084337,20030228_easy_ham.tar.bz2,ddf527a6c9b0b610
0,2281.0,418.0,1.0,0.0,0.0,0.0,0.0,0.0,0.0,0.0,0.0,0.0,0.0,10.0,0.03788334335538184,20030228_easy_ham.tar.bz2,788ecd101e4d11ec
0,155.0,25.0,2.0,0.0,0.0,0.0,0.0,0.0,0.0,0.0,0.0,0.0,0.0,86.0,0.17721518987341772,20030228_easy_ham.tar.bz2,76505b8ac13073e2
0,315.0,52.0,1.0,0.0,0.0,0.0,0.0,0.0,0.0,0.0,0.0,0.0,0.0,69.0,0.10697674418604651,20030228_easy_ham.tar.bz2,e19cc9578687bb42
0,106.0,17.0,1.0,0.0,0.0,0.0,0.0,0.0,0.0,0.0,0.0,0.0,0.0,81.0,0.15217391304347827,20030228_easy_ham.tar.bz2,074b999fa14bd20c
0,242.0,40.0,1.0,0.0,0.0,0.0,0.0,0.0,0.0,0.0,0.0,0.0,0.0,23.0,0.08496732026143791,20030228_easy_ham.tar.bz2,c51feb55e4b77d6c
0,553.0,87.0,1.0,0.0,0.0,0.0,0.0,0.0,0.0,0.0,0.0,0.0,0.0,48.0,0.03414634146341464,20030228_easy_ham.tar.bz2,7b0eab1dba758ac3
0,253.0,42.0,1.0,0.0,0.0,0.0,0.0,0.0,0.0,0.0,0.0,0.0,0.0,53.0,0.04938271604938271,20030228_easy_ham.tar.bz2,eee4697bde4f07a1
0,164.0,26.0,2.0,0.0,0.0,0.0,0.0,0.0,0.0,0.0,0.0,0.0,0.0,56.0,0.125,20030228_easy_ham.tar.bz2,84ebd382209f0f37
0,1037.0,171.0,5.0,0.0,0.0,0.0,0.0,0.0,0.0,0.0,0.0,0.0,0.0,41.0,0.06824512534818941,20030228_easy_ham.tar.bz2,7966f7e8af20c025
0,157.0,24.0,2.0,0.0,0.0,0.0,0.0,0.0,0.0,0.0,0.0,0.0,0.0,45.0,0.043859649122807015,20030228_easy_ham.tar.bz2,b5bec16774ade8c9
0,1175.0,187.0,2.0,0.0,0.0,0.0,0.0,0.0,0.0,0.0,0.0,0.0,0.0,42.0,0.04022346368715084,20030228_easy_ham.tar.bz2,7320ac5b3bf6cc86
0,157.0,24.0,2.0,0.0,0.0,0.0,0.0,0.0,0.0,0.0,0.0,0.0,0.0,51.0,0.043859649122807015,20030228_easy_ham.tar.bz2,df2ad223e324dc53
0,157.0,24.0,2.0,0.0,0.0,0.0,0.0,0.0,0.0,0.0,0.0,0.0,0.0,33.0,0.043859649122807015,20030228_easy_ham.tar.bz2,07e58f422c8dc94b
0,157.0,24.0,2.0,0.0,0.0,0.0,0.0,0.0,0.0,0.0,0.0,0.0,0.0,15.0,0.043859649122807015,20030228_easy_ham.tar.bz2,5bf8348c51722c33
0,157.0,24.0,2.0,0.0,0.0,0.0,0.0,0.0,0.0,0.0,0.0,0.0,0.0,18.0,0.043859649122807015,20030228_easy_ham.tar.bz2,b488508d2ac04fe4
0,157.0,24.0,2.0,0.0,0.0,0.0,0.0,0.0,0.0,0.0,0.0,0.0,0.0,40.0,0.043859649122807015,20030228_easy_ham.tar.bz2,bcc7d4a02768fbe3
0,301.0,54.0,1.0,0.0,0.0,0.0,0.0,0.0,0.0,0.0,0.0,0.0,0.0,22.0,0.11442786069651742,20030228_easy_ham.tar.bz2,5785690ee79695a8
0,157.0,24.0,2.0,0.0,0.0,0.0,0.0,0.0,0.0,0.0,0.0,0.0,0.0,9.0,0.043859649122807015,20030228_easy_ham.tar.bz2,358775454c90ab47
0,197.0,30.0,1.0,0.0,0.0,0.0,0.0,0.0,0.0,0.0,0.0,0.0,0.0,51.0,0.04861111111111111,20030228_easy_ham.tar.bz2,c981a8e82c9329be
0,334.0,54.0,1.0,0.0,0.0,0.0,0.0,0.0,0.0,0.0,0.0,0.0,0.0,9.0,0.057777777777777775,20030228_easy_ham.tar.bz2,f3634c89c8e391b4
0,216.0,36.0,1.0,0.0,0.0,0.0,0.0,0.0,0.0,0.0,0.0,0.0,0.0,32.0,0.050955414012738856,20030228_easy_ham.tar.bz2,69ccf65539123795
0,205.0,31.0,1.0,0.0,0.0,0.0,0.0,0.0,0.0,0.0,0.0,0.0,0.0,45.0,0.04,20030228_easy_ham.tar.bz2,0f4083ec3b1e5e38
0,206.0,32.0,1.0,0.0,0.0,0.0,0.0,0.0,0.0,0.0,0.0,0.0,0.0,45.0,0.046357615894039736,20030228_easy_ham.tar.bz2,a1095d1e13c2489a
0,193.0,29.0,1.0,0.0,0.0,0.0,0.0,0.0,0.0,0.0,0.0,0.0,0.0,32.0,0.04316546762589928,20030228_easy_ham.tar.bz2,57d524b069198f88
0,194.0,32.0,1.0,0.0,0.0,0.0,0.0,0.0,0.0,0.0,0.0,0.0,0.0,45.0,0.043478260869565216,20030228_easy_ham.tar.bz2,f63248073f11f219
0,206.0,35.0,1.0,0.0,0.0,0.0,0.0,0.0,0.0,0.0,0.0,0.0,0.0,47.0,0.07194244604316546,20030228_easy_ham.tar.bz2,a6911db4778a988c
0,209.0,32.0,1.0,0.0,0.0,0.0,0.0,0.0,0.0,0.0,0.0,0.0,0.0,34.0,0.039473684210526314,20030228_easy_ham.tar.bz2,975d9354fc90a335
0,196.0,31.0,1.0,0.0,0.0,0.0,0.0,0.0,0.0,0.0,0.0,0.0,0.0,30.0,0.043795620437956206,20030228_easy_ham.tar.bz2,add536f458103d28
0,213.0,35.0,1.0,0.0,0.0,0.0,0.0,0.0,0.0,0.0,0.0,0.0,0.0,38.0,0.0392156862745098,20030228_easy_ham.tar.bz2,efcd07a44b056cb8
0,191.0,29.0,1.0,0.0,0.0,0.0,0.0,0.0,0.0,0.0,0.0,0.0,0.0,46.0,0.043478260869565216,20030228_easy_ham.tar.bz2,3c1d0560b891f9d7
0,197.0,31.0,1.0,0.0,0.0,0.0,0.0,0.0,0.0,0.0,0.0,0.0,0.0,34.0,0.04195804195804196,20030228_easy_ham.tar.bz2,54f057f40dd54374
0,196.0,31.0,1.0,0.0,0.0,0.0,0.0,0.0,0.0,0.0,0.0,0.0,0.0,39.0,0.0425531914893617,20030228_easy_ham.tar.bz2,85ac070938705887
0,202.0,32.0,1.0,0.0,0.0,0.0,0.0,0.0,0.0,0.0,0.0,0.0,0.0,34.0,0.04225352112676056,20030228_easy_ham.tar.bz2,600c8f41151a01d1
0,196.0,32.0,1.0,0.0,0.0,0.0,0.0,0.0,0.0,0.0,0.0,0.0,0.0,44.0,0.06428571428571428,20030228_easy_ham.tar.bz2,baa0cb5b1762af1b
0,209.0,32.0,1.0,0.0,0.0,0.0,1.0,0.0,0.0,0.0,0.0,0.0,0.0,42.0,0.039735099337748346,20030228_easy_ham.tar.bz2,d5e7ceff49764458
0,207.0,32.0,1.0,0.0,0.0,0.0,0.0,0.0,0.0,0.0,0.0,0.0,0.0,38.0,0.06622516556291391,20030228_easy_ham.tar.bz2,06bcf59898c61166
0,196.0,32.0,1.0,0.0,0.0,0.0,0.0,0.0,0.0,0.0,0.0,0.0,0.0,44.0,0.051470588235294115,20030228_easy_ham.tar.bz2,f4e1e3702ff3f778
0,205.0,35.0,1.0,0.0,0.0,0.0,0.0,0.0,0.0,0.0,0.0,0.0,0.0,41.0,0.07692307692307693,20030228_easy_ham.tar.bz2,4e4f1b556abb8300
0,194.0,33.0,1.0,0.0,0.0,0.0,0.0,0.0,0.0,0.0,0.0,0.0,0.0,40.0,0.05755395683453238,20030228_easy_ham.tar.bz2,339772614682e701
0,194.0,28.0,1.0,0.0,0.0,0.0,0.0,0.0,0.0,0.0,0.0,0.0,0.0,38.0,0.04895104895104895,20030228_easy_ham.tar.bz2,5504eb3ab08aba11
0,206.0,32.0,1.0,0.0,0.0,0.0,0.0,0.0,0.0,0.0,0.0,0.0,0.0,42.0,0.040268456375838924,20030228_easy_ham.tar.bz2,522341f23d0b9fff
0,229.0,38.0,1.0,0.0,0.0,0.0,0.0,0.0,0.0,0.0,0.0,0.0,0.0,41.0,0.041916167664670656,20030228_easy_ham.tar.bz2,18a61cb70f9cc04c
0,191.0,29.0,1.0,0.0,0.0,0.0,0.0,0.0,0.0,0.0,0.0,0.0,0.0,33.0,0.043795620437956206,20030228_easy_ham.tar.bz2,f98adcff7d31cb38
0,193.0,30.0,1.0,0.0,0.0,0.0,0.0,0.0,0.0,0.0,0.0,0.0,0.0,34.0,0.05,20030228_easy_ham.tar.bz2,3534146acebe2451
0,205.0,34.0,1.0,0.0,0.0,0.0,0.0,0.0,0.0,0.0,0.0,0.0,0.0,27.0,0.04225352112676056,20030228_easy_ham.tar.bz2,0f663f7b726b0d7a
0,3842.0,639.0,5.0,0.0,0.0,0.0,0.0,0.0,0.0,0.0,0.0,0.0,0.0,9.0,0.03458697112155809,20030228_easy_ham.tar.bz2,6f934d769d8e8049
0,222.0,34.0,1.0,0.0,0.0,0.0,0.0,0.0,0.0,0.0,0.0,0.0,0.0,36.0,0.05673758865248227,20030228_easy_ham.tar.bz2,4d584bd23d472f62
0,219.0,36.0,1.0,0.0,0.0,0.0,0.0,0.0,0.0,0.0,0.0,0.0,0.0,37.0,0.0375,20030228_easy_ham.tar.bz2,e1f14747915ec348
0,309.0,54.0,1.0,0.0,0.0,0.0,0.0,0.0,0.0,0.0,0.0,0.0,0.0,17.0,0.04390243902439024,20030228_easy_ham.tar.bz2,58030442081596ec
0,314.0,54.0,1.0,0.0,0.0,0.0,0.0,0.0,0.0,0.0,0.0,0.0,0.0,24.0,0.06190476190476191,20030228_easy_ham.tar.bz2,5755c9109bf9dbe8
0,162.0,25.0,2.0,0.0,0.0,0.0,0.0,0.0,0.0,0.0,0.0,0.0,0.0,99.0,0.13793103448275862,20030228_easy_ham.tar.bz2,a1e37b97e8914b7e
0,111.0,19.0,1.0,0.0,0.0,0.0,0.0,0.0,0.0,0.0,0.0,0.0,0.0,55.0,0.1836734693877551,20030228_easy_ham.tar.bz2,3175d9ca7640ea2e
0,312.0,54.0,1.0,0.0,0.0,0.0,0.0,0.0,0.0,0.0,0.0,0.0,0.0,27.0,0.04265402843601896,20030228_easy_ham.tar.bz2,d7860df283790ebc
0,327.0,54.0,1.0,0.0,0.0,0.0,0.0,0.0,0.0,0.0,0.0,0.0,0.0,26.0,0.05333333333333334,20030228_easy_ham.tar.bz2,eadd4f62147c67fb
0,108.0,17.0,1.0,0.0,0.0,0.0,0.0,0.0,0.0,0.0,0.0,0.0,0.0,24.0,0.14583333333333334,20030228_easy_ham.tar.bz2,428073f072d93ae9
0,156.0,25.0,2.0,0.0,0.0,0.0,0.0,0.0,0.0,0.0,0.0,0.0,0.0,79.0,0.12345679012345678,20030228_easy_ham.tar.bz2,26c7c19546dfd5b8
0,94.0,16.0,1.0,0.0,0.0,0.0,0.0,0.0,0.0,0.0,0.0,0.0,0.0,69.0,0.14285714285714285,20030228_easy_ham.tar.bz2,93ec5fab2cbe893d
0,105.0,18.0,1.0,0.0,0.0,0.0,0.0,0.0,0.0,0.0,0.0,0.0,0.0,57.0,0.20454545454545456,20030228_easy_ham.tar.bz2,eae074a92370504c
0,504.0,87.0,1.0,0.0,0.0,0.0,0.0,0.0,0.0,0.0,0.0,0.0,0.0,41.0,0.061452513966480445,20030228_easy_ham.tar.bz2,ceb1b183ebd7056c
0,108.0,17.0,1.0,0.0,0.0,0.0,0.0,0.0,0.0,0.0,0.0,0.0,0.0,78.0,0.10416666666666667,20030228_easy_ham.tar.bz2,2b8bc730829533e9
0,539.0,87.0,1.0,0.0,0.0,0.0,0.0,0.0,0.0,0.0,0.0,0.0,0.0,34.0,0.02763819095477387,20030228_easy_ham.tar.bz2,236be98758a0fe6a
0,162.0,25.0,2.0,0.0,0.0,0.0,0.0,0.0,0.0,0.0,0.0,0.0,0.0,84.0,0.11494252873563218,20030228_easy_ham.tar.bz2,60bb5bbbd05808c6
0,288.0,54.0,1.0,0.0,0.0,0.0,0.0,0.0,0.0,0.0,0.0,0.0,0.0,53.0,0.05851063829787234,20030228_easy_ham.tar.bz2,7bb5f4299f5642b2
0,680.0,105.0,1.0,0.0,0.0,0.0,0.0,0.0,0.0,0.0,0.0,0.0,0.0,73.0,0.023076923076923078,20030228_easy_ham.tar.bz2,2dbb53ca4a2bf34c
0,187.0,31.0,1.0,0.0,0.0,0.0,0.0,0.0,0.0,0.0,0.0,0.0,0.0,35.0,0.08181818181818182,20030228_easy_ham.tar.bz2,a120f80db60ae628
0,157.0,24.0,2.0,0.0,0.0,0.0,0.0,0.0,0.0,0.0,0.0,0.0,0.0,35.0,0.043859649122807015,20030228_easy_ham.tar.bz2,9b06160e6e129979
0,236.0,42.0,1.0,0.0,0.0,0.0,0.0,0.0,0.0,0.0,0.0,0.0,0.0,32.0,0.08783783783783784,20030228_easy_ham.tar.bz2,2a9faf9909d91d88
0,163.0,27.0,2.0,0.0,0.0,0.0,0.0,0.0,0.0,0.0,0.0,0.0,0.0,55.0,0.12790697674418605,20030228_easy_ham.tar.bz2,7cf354551378fcd0
0,105.0,16.0,1.0,0.0,0.0,0.0,0.0,0.0,0.0,0.0,0.0,0.0,0.0,68.0,0.1111111111111111,20030228_easy_ham.tar.bz2,58bd7648f1084557
0,1654.0,267.0,5.0,0.0,0.0,0.0,1.0,0.0,0.0,0.0,0.0,0.0,0.0,36.0,0.041530944625407164,20030228_easy_ham.tar.bz2,d38a5e7f41331e39
0,1232.0,192.0,4.0,0.0,0.0,0.0,0.0,0.0,0.0,0.0,0.0,0.0,0.0,32.0,0.040586245772266064,20030228_easy_ham.tar.bz2,be30890a4219980e
0,107.0,18.0,1.0,0.0,0.0,0.0,0.0,0.0,0.0,0.0,0.0,0.0,0.0,150.0,0.17391304347826086,20030228_easy_ham.tar.bz2,ec3e0691535656f2
0,109.0,18.0,1.0,0.0,0.0,0.0,0.0,0.0,0.0,0.0,0.0,0.0,0.0,50.0,0.125,20030228_easy_ham.tar.bz2,a8ba5b536fbcd022
0,159.0,26.0,2.0,0.0,0.0,0.0,0.0,0.0,0.0,0.0,0.0,0.0,0.0,83.0,0.1566265060240964,20030228_easy_ham.tar.bz2,56165c42e2b23e72
0,114.0,18.0,1.0,0.0,0.0,0.0,0.0,0.0,0.0,0.0,0.0,0.0,0.0,49.0,0.16981132075471697,20030228_easy_ham.tar.bz2,350251fc0c8bab51
0,162.0,25.0,2.0,0.0,0.0,0.0,0.0,0.0,0.0,0.0,0.0,0.0,0.0,68.0,0.14942528735632185,20030228_easy_ham.tar.bz2,8a70e510f3c5fd3e
0,518.0,94.0,1.0,0.0,0.0,0.0,0.0,0.0,0.0,0.0,0.0,0.0,0.0,21.0,0.05420054200542006,20030228_easy_ham.tar.bz2,169388980cd9f5b5
0,153.0,26.0,2.0,0.0,0.0,0.0,0.0,0.0,0.0,0.0,0.0,0.0,0.0,58.0,0.15584415584415584,20030228_easy_ham.tar.bz2,9f13ef8058dc30e2
0,150.0,25.0,2.0,0.0,0.0,0.0,0.0,0.0,0.0,0.0,0.0,0.0,0.0,37.0,0.16,20030228_easy_ham.tar.bz2,ea437eb4ea073219
0,108.0,17.0,1.0,0.0,0.0,0.0,0.0,0.0,0.0,0.0,0.0,0.0,0.0,37.0,0.10416666666666667,20030228_easy_ham.tar.bz2,87c020b0ccc069e0
0,103.0,18.0,1.0,0.0,0.0,0.0,0.0,0.0,0.0,0.0,0.0,0.0,0.0,41.0,0.14285714285714285,20030228_easy_ham.tar.bz2,e65c1ad86717ee2e
0,106.0,17.0,1.0,0.0,0.0,0.0,0.0,0.0,0.0,0.0,0.0,0.0,0.0,54.0,0.15217391304347827,20030228_easy_ham.tar.bz2,0fd3bed0ea178108
0,277.0,52.0,1.0,0.0,0.0,0.0,0.0,0.0,0.0,0.0,0.0,0.0,0.0,24.0,0.06818181818181818,20030228_easy_ham.tar.bz2,1132a0e456e29d33
0,395.0,63.0,1.0,0.0,0.0,0.0,0.0,0.0,0.0,0.0,0.0,0.0,0.0,21.0,0.046263345195729534,20030228_easy_ham.tar.bz2,5419409dc6f7def9
0,100.0,17.0,1.0,0.0,0.0,0.0,0.0,0.0,0.0,0.0,0.0,0.0,0.0,30.0,0.175,20030228_easy_ham.tar.bz2,f512d1c73aeeca9f
0,300.0,54.0,1.0,0.0,0.0,0.0,0.0,0.0,0.0,0.0,0.0,0.0,0.0,15.0,0.05128205128205128,20030228_easy_ham.tar.bz2,2b4746b334958776
0,163.0,25.0,2.0,0.0,0.0,0.0,0.0,0.0,0.0,0.0,0.0,0.0,0.0,51.0,0.12643678160919541,20030228_easy_ham.tar.bz2,1fce20c0821bcf33
0,196.0,31.0,1.0,0.0,0.0,0.0,0.0,0.0,0.0,0.0,0.0,0.0,0.0,40.0,0.0425531914893617,20030228_easy_ham.tar.bz2,f0606ee7dc530c04
0,498.0,94.0,1.0,0.0,0.0,0.0,0.0,0.0,0.0,0.0,0.0,0.0,0.0,16.0,0.06303724928366762,20030228_easy_ham.tar.bz2,bca4c9482c3bde6e
0,586.0,96.0,1.0,0.0,0.0,0.0,0.0,0.0,0.0,0.0,0.0,0.0,0.0,30.0,0.07673860911270983,20030228_easy_ham.tar.bz2,578328b6cfabe688
0,536.0,98.0,1.0,0.0,0.0,0.0,0.0,0.0,0.0,0.0,0.0,0.0,0.0,17.0,0.09703504043126684,20030228_easy_ham.tar.bz2,c03a9759870fb4ce
0,381.0,61.0,2.0,0.0,0.0,0.0,0.0,0.0,0.0,0.0,0.0,0.0,0.0,18.0,0.07003891050583658,20030228_easy_ham.tar.bz2,10d8228521ff17c9
0,171.0,29.0,1.0,0.0,0.0,0.0,0.0,0.0,0.0,0.0,0.0,0.0,0.0,67.0,0.08247422680412371,20030228_easy_ham.tar.bz2,01b6d88fd2b19296
0,523.0,95.0,1.0,0.0,0.0,0.0,0.0,0.0,0.0,0.0,0.0,0.0,0.0,19.0,0.04878048780487805,20030228_easy_ham.tar.bz2,fb9ea4f302d0427e
0,215.0,37.0,1.0,0.0,0.0,0.0,0.0,0.0,0.0,0.0,0.0,0.0,0.0,25.0,0.06153846153846154,20030228_easy_ham.tar.bz2,453639088457e037
0,180.0,27.0,1.0,0.0,0.0,0.0,0.0,0.0,0.0,0.0,0.0,0.0,0.0,37.0,0.06422018348623854,20030228_easy_ham.tar.bz2,2d0ed593add7ceff
0,171.0,30.0,1.0,0.0,0.0,0.0,0.0,0.0,0.0,0.0,0.0,0.0,0.0,45.0,0.10638297872340426,20030228_easy_ham.tar.bz2,21a2489cd2fc2b4d
0,156.0,24.0,1.0,0.0,0.0,0.0,0.0,0.0,0.0,0.0,0.0,0.0,0.0,41.0,0.09302325581395349,20030228_easy_ham.tar.bz2,7c4bfe3ff6a1aff5
0,350.0,60.0,1.0,0.0,0.0,0.0,0.0,0.0,0.0,0.0,0.0,0.0,0.0,19.0,0.06751054852320675,20030228_easy_ham.tar.bz2,42c68522daed2835
0,207.0,34.0,1.0,0.0,0.0,0.0,0.0,0.0,0.0,0.0,0.0,0.0,0.0,21.0,0.08064516129032258,20030228_easy_ham.tar.bz2,137a15d7ae324086
0,539.0,95.0,1.0,0.0,0.0,0.0,0.0,0.0,0.0,0.0,0.0,0.0,0.0,10.0,0.053475935828877004,20030228_easy_ham.tar.bz2,367a5ed191f69de4
0,385.0,65.0,1.0,0.0,0.0,0.0,0.0,0.0,0.0,0.0,0.0,0.0,0.0,16.0,0.06844106463878327,20030228_easy_ham.tar.bz2,39acb05567dfde01
0,184.0,32.0,1.0,0.0,0.0,0.0,0.0,0.0,0.0,0.0,0.0,0.0,0.0,18.0,0.11214953271028037,20030228_easy_ham.tar.bz2,ffc6b7a92075644d
0,351.0,59.0,2.0,0.0,0.0,0.0,0.0,0.0,0.0,0.0,0.0,0.0,0.0,36.0,0.053811659192825115,20030228_easy_ham.tar.bz2,867d66dd1564ca87
0,586.0,96.0,1.0,0.0,0.0,0.0,0.0,0.0,0.0,0.0,0.0,0.0,0.0,30.0,0.07673860911270983,20030228_easy_ham.tar.bz2,a941c1227feab6f3
0,181.0,30.0,1.0,0.0,0.0,0.0,0.0,0.0,0.0,0.0,0.0,0.0,0.0,31.0,0.046511627906976744,20030228_easy_ham.tar.bz2,a242bba41a410f2b
0,536.0,98.0,1.0,0.0,0.0,0.0,0.0,0.0,0.0,0.0,0.0,0.0,0.0,17.0,0.09703504043126684,20030228_easy_ham.tar.bz2,2c3a2443ab9d57ee
0,395.0,63.0,1.0,0.0,0.0,0.0,0.0,0.0,0.0,0.0,0.0,0.0,0.0,21.0,0.046263345195729534,20030228_easy_ham.tar.bz2,0939d9fb790efbb7
0,482.0,95.0,1.0,0.0,0.0,0.0,0.0,0.0,0.0,0.0,0.0,0.0,0.0,25.0,0.07763975155279502,20030228_easy_ham.tar.bz2,9aad4260f0f5076d
0,233.0,40.0,1.0,0.0,0.0,0.0,0.0,0.0,1.0,0.0,0.0,0.0,0.0,21.0,0.10416666666666667,20030228_easy_ham.tar.bz2,354fad370d591420
0,498.0,94.0,1.0,0.0,0.0,0.0,0.0,0.0,0.0,0.0,0.0,0.0,0.0,16.0,0.06303724928366762,20030228_easy_ham.tar.bz2,62a5098c7e46c515
0,207.0,36.0,1.0,0.0,0.0,0.0,0.0,0.0,0.0,0.0,0.0,0.0,0.0,13.0,0.0967741935483871,20030228_easy_ham.tar.bz2,fc41dc202abcc7d0
0,135.0,22.0,2.0,0.0,0.0,0.0,0.0,0.0,0.0,0.0,0.0,0.0,0.0,5.0,0.09230769230769231,20030228_easy_ham.tar.bz2,038ff847dd85d5a8
0,837.0,151.0,5.0,0.0,0.0,0.0,0.0,0.0,0.0,0.0,0.0,0.0,0.0,7.0,0.06457242582897033,20030228_easy_ham.tar.bz2,6e272d6b45fe1827
0,1769.0,281.0,3.0,0.0,0.0,0.0,0.0,0.0,0.0,0.0,0.0,0.0,0.0,19.0,0.03843255463451394,20030228_easy_ham.tar.bz2,23da8008159604e7
0,1544.0,243.0,4.0,0.0,0.0,0.0,0.0,0.0,0.0,0.0,0.0,0.0,0.0,20.0,0.0547945205479452,20030228_easy_ham.tar.bz2,f49c514eda18ab4f
0,427.0,63.0,4.0,0.0,0.0,0.0,0.0,0.0,0.0,0.0,0.0,0.0,0.0,35.0,0.08305647840531562,20030228_easy_ham.tar.bz2,3d4cfbcd245cb890
0,126.0,22.0,1.0,0.0,0.0,0.0,0.0,0.0,0.0,0.0,0.0,0.0,0.0,31.0,0.14516129032258066,20030228_easy_ham.tar.bz2,00ac4567c5d3d4d6
0,160.0,27.0,1.0,0.0,0.0,0.0,0.0,0.0,0.0,0.0,0.0,0.0,0.0,31.0,0.1111111111111111,20030228_easy_ham.tar.bz2,18707ee65dbdf4d0
0,198.0,32.0,1.0,0.0,0.0,0.0,0.0,0.0,0.0,0.0,0.0,0.0,0.0,48.0,0.10833333333333334,20030228_easy_ham.tar.bz2,3c444916bc6d02d7
0,165.0,25.0,1.0,0.0,0.0,0.0,0.0,0.0,0.0,0.0,0.0,0.0,0.0,27.0,0.07368421052631578,20030228_easy_ham.tar.bz2,8258c4214eb55ea7
0,200.0,30.0,1.0,0.0,0.0,0.0,0.0,0.0,0.0,0.0,0.0,0.0,0.0,42.0,0.04054054054054054,20030228_easy_ham.tar.bz2,27e8e791eebdeb3c
0,734.0,126.0,7.0,0.0,0.0,0.0,0.0,0.0,0.0,0.0,0.0,0.0,0.0,13.0,0.058823529411764705,20030228_easy_ham.tar.bz2,f226540c4a23954e
0,207.0,32.0,1.0,0.0,0.0,0.0,0.0,0.0,0.0,0.0,0.0,0.0,0.0,27.0,0.07692307692307693,20030228_easy_ham.tar.bz2,701824d91e957b1a
0,233.0,40.0,1.0,0.0,0.0,0.0,0.0,0.0,1.0,0.0,0.0,0.0,0.0,21.0,0.10416666666666667,20030228_easy_ham.tar.bz2,0d5a71edc94df01f
0,395.0,63.0,1.0,0.0,0.0,0.0,0.0,0.0,0.0,0.0,0.0,0.0,0.0,21.0,0.046263345195729534,20030228_easy_ham.tar.bz2,1d839ffc9d33f7d5
0,205.0,32.0,1.0,0.0,0.0,0.0,0.0,0.0,0.0,0.0,0.0,0.0,0.0,49.0,0.08064516129032258,20030228_easy_ham.tar.bz2,f8684ade89309170
0,498.0,94.0,1.0,0.0,0.0,0.0,0.0,0.0,0.0,0.0,0.0,0.0,0.0,16.0,0.06303724928366762,20030228_easy_ham.tar.bz2,47007052fe194eec
0,523.0,95.0,1.0,0.0,0.0,0.0,0.0,0.0,0.0,0.0,0.0,0.0,0.0,19.0,0.04878048780487805,20030228_easy_ham.tar.bz2,baac42fa18838adf
0,204.0,36.0,1.0,0.0,0.0,0.0,0.0,0.0,0.0,0.0,0.0,0.0,0.0,25.0,0.11475409836065574,20030228_easy_ham.tar.bz2,3074bd32fda68b2e
0,287.0,54.0,1.0,0.0,0.0,0.0,0.0,0.0,0.0,0.0,0.0,0.0,0.0,16.0,0.07608695652173914,20030228_easy_ham.tar.bz2,298520f68a309977
0,319.0,54.0,1.0,0.0,0.0,0.0,0.0,0.0,0.0,0.0,0.0,0.0,0.0,29.0,0.046296296296296294,20030228_easy_ham.tar.bz2,153574aecbb92f38
0,482.0,95.0,1.0,0.0,0.0,0.0,0.0,0.0,0.0,0.0,0.0,0.0,0.0,25.0,0.07763975155279502,20030228_easy_ham.tar.bz2,bb2b6040a144a716
0,586.0,96.0,1.0,0.0,0.0,0.0,0.0,0.0,0.0,0.0,0.0,0.0,0.0,30.0,0.07673860911270983,20030228_easy_ham.tar.bz2,7cca8eac440d39da
0,312.0,56.0,1.0,0.0,0.0,0.0,0.0,0.0,0.0,0.0,0.0,0.0,0.0,23.0,0.04225352112676056,20030228_easy_ham.tar.bz2,a4fdf8dde8657db4
0,199.0,31.0,1.0,0.0,0.0,0.0,0.0,0.0,0.0,0.0,0.0,0.0,0.0,40.0,0.09016393442622951,20030228_easy_ham.tar.bz2,41962c91e64942cb
0,539.0,95.0,1.0,0.0,0.0,0.0,0.0,0.0,0.0,0.0,0.0,0.0,0.0,10.0,0.053475935828877004,20030228_easy_ham.tar.bz2,d6a237b34ecd4496
0,385.0,65.0,1.0,0.0,0.0,0.0,0.0,0.0,0.0,0.0,0.0,0.0,0.0,16.0,0.06844106463878327,20030228_easy_ham.tar.bz2,1ea31bb5a0305f35
0,536.0,98.0,1.0,0.0,0.0,0.0,0.0,0.0,0.0,0.0,0.0,0.0,0.0,17.0,0.09703504043126684,20030228_easy_ham.tar.bz2,922596428ae8c65c
0,298.0,47.0,2.0,0.0,0.0,0.0,0.0,0.0,0.0,0.0,0.0,0.0,0.0,10.0,0.05699481865284974,20030228_easy_ham.tar.bz2,fdc0f17949ceee3d
0,187.0,30.0,2.0,0.0,0.0,0.0,0.0,0.0,0.0,0.0,0.0,0.0,0.0,10.0,0.08823529411764706,20030228_easy_ham.tar.bz2,f34c179d96e9ab74
0,273.0,45.0,2.0,0.0,0.0,0.0,0.0,0.0,0.0,0.0,0.0,0.0,0.0,10.0,0.060240963855421686,20030228_easy_ham.tar.bz2,c8b29fda73b9f8e6
0,1750.0,272.0,3.0,0.0,0.0,0.0,0.0,0.0,0.0,0.0,0.0,0.0,0.0,43.0,0.03533026113671275,20030228_easy_ham.tar.bz2,d900ee04d014e61c
0,764.0,125.0,2.0,0.0,0.0,0.0,0.0,0.0,0.0,0.0,0.0,0.0,0.0,14.0,0.037037037037037035,20030228_easy_ham.tar.bz2,d6a0119ce14cadc5
0,1692.0,248.0,4.0,0.0,0.0,0.0,0.0,0.0,0.0,0.0,0.0,0.0,0.0,36.0,0.027711797307996833,20030228_easy_ham.tar.bz2,2c37d07a9e03601c
0,287.0,48.0,2.0,0.0,0.0,0.0,0.0,0.0,0.0,0.0,0.0,0.0,0.0,2.0,0.07142857142857142,20030228_easy_ham.tar.bz2,2753b7686ccd108d
0,154.0,25.0,2.0,0.0,0.0,0.0,0.0,0.0,0.0,0.0,0.0,0.0,0.0,78.0,0.12658227848101267,20030228_easy_ham.tar.bz2,4999e9a0dd59bc9c
0,589.0,97.0,3.0,0.0,0.0,0.0,0.0,0.0,0.0,0.0,0.0,0.0,0.0,41.0,0.05609756097560976,20030228_easy_ham.tar.bz2,5f0990e83dbede0a
0,164.0,25.0,2.0,0.0,0.0,0.0,0.0,0.0,0.0,0.0,0.0,0.0,0.0,35.0,0.12359550561797752,20030228_easy_ham.tar.bz2,5f54b5d87dd72bee
0,191.0,31.0,1.0,0.0,0.0,0.0,0.0,0.0,0.0,0.0,0.0,0.0,0.0,30.0,0.059322033898305086,20030228_easy_ham.tar.bz2,9bb64fa8bd0e37bd
0,95.0,16.0,1.0,0.0,0.0,0.0,0.0,0.0,0.0,0.0,0.0,0.0,0.0,124.0,0.2222222222222222,20030228_easy_ham.tar.bz2,16d9e92bc908bd6b
0,156.0,25.0,2.0,0.0,0.0,0.0,0.0,0.0,0.0,0.0,0.0,0.0,0.0,83.0,0.12658227848101267,20030228_easy_ham.tar.bz2,afc78679814c2e05
0,241.0,37.0,1.0,0.0,0.0,0.0,0.0,0.0,0.0,0.0,0.0,0.0,0.0,27.0,0.08441558441558442,20030228_easy_ham.tar.bz2,0aef18ff97289cdf
0,208.0,33.0,1.0,0.0,0.0,0.0,0.0,0.0,0.0,0.0,0.0,0.0,0.0,30.0,0.040268456375838924,20030228_easy_ham.tar.bz2,6b80a805a5ecece2
0,168.0,25.0,1.0,0.0,0.0,0.0,0.0,0.0,0.0,0.0,0.0,0.0,0.0,39.0,0.049586776859504134,20030228_easy_ham.tar.bz2,b3e3db5ae369c535
0,145.0,24.0,1.0,0.0,0.0,0.0,0.0,0.0,0.0,0.0,0.0,0.0,0.0,31.0,0.11538461538461539,20030228_easy_ham.tar.bz2,9124c15627afeed7
0,162.0,25.0,2.0,0.0,0.0,0.0,0.0,0.0,0.0,0.0,0.0,0.0,0.0,126.0,0.14942528735632185,20030228_easy_ham.tar.bz2,32bc2ae62a06ce1b
0,264.0,40.0,1.0,0.0,0.0,0.0,0.0,0.0,0.0,0.0,0.0,0.0,0.0,45.0,0.06741573033707865,20030228_easy_ham.tar.bz2,116e16ec09bbcdf4
0,112.0,18.0,1.0,0.0,0.0,0.0,0.0,0.0,0.0,0.0,0.0,0.0,0.0,73.0,0.16,20030228_easy_ham.tar.bz2,cdac818d29899119
0,197.0,33.0,1.0,0.0,0.0,0.0,0.0,0.0,0.0,0.0,0.0,0.0,0.0,26.0,0.09482758620689655,20030228_easy_ham.tar.bz2,06867547449a0e74
0,158.0,25.0,2.0,0.0,0.0,0.0,0.0,0.0,0.0,0.0,0.0,0.0,0.0,23.0,0.12048192771084337,20030228_easy_ham.tar.bz2,23172ca73738488d
0,157.0,24.0,2.0,0.0,0.0,0.0,0.0,0.0,0.0,0.0,0.0,0.0,0.0,38.0,0.043859649122807015,20030228_easy_ham.tar.bz2,f909af0dd9f2593f
0,150.0,25.0,2.0,0.0,0.0,0.0,0.0,0.0,0.0,0.0,0.0,0.0,0.0,88.0,0.16,20030228_easy_ham.tar.bz2,a48380e27ea0554f
0,233.0,40.0,1.0,0.0,0.0,0.0,0.0,0.0,1.0,0.0,0.0,0.0,0.0,21.0,0.10416666666666667,20030228_easy_ham.tar.bz2,6fd7880d604926c0
0,114.0,18.0,1.0,0.0,0.0,0.0,0.0,0.0,0.0,0.0,0.0,0.0,0.0,47.0,0.11320754716981132,20030228_easy_ham.tar.bz2,fe50cd8ead1e0961
0,157.0,24.0,2.0,0.0,0.0,0.0,0.0,0.0,0.0,0.0,0.0,0.0,0.0,7.0,0.043859649122807015,20030228_easy_ham.tar.bz2,00690c0511f26129
0,388.0,56.0,2.0,0.0,0.0,0.0,0.0,0.0,0.0,0.0,0.0,0.0,0.0,17.0,0.06037735849056604,20030228_easy_ham.tar.bz2,71438aea073c8ca3
0,115.0,18.0,1.0,0.0,0.0,0.0,0.0,0.0,0.0,0.0,0.0,0.0,0.0,87.0,0.14814814814814814,20030228_easy_ham.tar.bz2,66579fc74fe920d9
0,105.0,17.0,1.0,0.0,0.0,0.0,0.0,0.0,0.0,0.0,0.0,0.0,0.0,87.0,0.1111111111111111,20030228_easy_ham.tar.bz2,bc955ff845158a0e
0,158.0,25.0,2.0,0.0,0.0,0.0,0.0,0.0,0.0,0.0,0.0,0.0,0.0,115.0,0.12048192771084337,20030228_easy_ham.tar.bz2,bd6e2da282bc9cec
0,164.0,29.0,2.0,0.0,0.0,0.0,0.0,0.0,0.0,0.0,0.0,0.0,0.0,148.0,0.10588235294117647,20030228_easy_ham.tar.bz2,da0f0c56a8cf8c31
0,177.0,30.0,1.0,0.0,0.0,0.0,0.0,0.0,0.0,0.0,0.0,0.0,0.0,36.0,0.07258064516129033,20030228_easy_ham.tar.bz2,591f7efd4bc6910d
0,878.0,158.0,5.0,0.0,0.0,0.0,0.0,0.0,0.0,0.0,0.0,0.0,0.0,7.0,0.06467661691542288,20030228_easy_ham.tar.bz2,f6a8f8f5e3619363
0,106.0,16.0,1.0,0.0,0.0,0.0,0.0,0.0,0.0,0.0,0.0,0.0,0.0,43.0,0.1702127659574468,20030228_easy_ham.tar.bz2,cd0afb3d48008d25
0,103.0,18.0,1.0,0.0,0.0,0.0,0.0,0.0,0.0,0.0,0.0,0.0,0.0,48.0,0.21428571428571427,20030228_easy_ham.tar.bz2,795bb5b6c9da97a6
0,156.0,25.0,2.0,0.0,0.0,0.0,0.0,0.0,0.0,0.0,0.0,0.0,0.0,46.0,0.13580246913580246,20030228_easy_ham.tar.bz2,4ca0452c4ad8eadc
0,253.0,44.0,1.0,0.0,0.0,0.0,0.0,0.0,0.0,0.0,0.0,0.0,0.0,22.0,0.07453416149068323,20030228_easy_ham.tar.bz2,8beffc61bc9c315a
0,102.0,18.0,1.0,0.0,0.0,0.0,0.0,0.0,0.0,0.0,0.0,0.0,0.0,98.0,0.12195121951219512,20030228_easy_ham.tar.bz2,93e6b81e48239b1e
0,100.0,17.0,1.0,0.0,0.0,0.0,0.0,0.0,0.0,0.0,0.0,0.0,0.0,55.0,0.175,20030228_easy_ham.tar.bz2,c8075243cb166cda
0,114.0,18.0,1.0,0.0,0.0,0.0,0.0,0.0,0.0,0.0,0.0,0.0,0.0,43.0,0.1346153846153846,20030228_easy_ham.tar.bz2,784838c372b6de8f
0,221.0,37.0,1.0,0.0,0.0,0.0,0.0,0.0,0.0,0.0,0.0,0.0,0.0,39.0,0.06766917293233082,20030228_easy_ham.tar.bz2,88e787cff8d73d94
0,105.0,17.0,1.0,0.0,0.0,0.0,0.0,0.0,0.0,0.0,0.0,0.0,0.0,49.0,0.15555555555555556,20030228_easy_ham.tar.bz2,18b1ae26914662c5
0,523.0,95.0,1.0,0.0,0.0,0.0,0.0,0.0,0.0,0.0,0.0,0.0,0.0,19.0,0.04878048780487805,20030228_easy_ham.tar.bz2,80908f5b867340c0
0,562.0,96.0,2.0,0.0,0.0,0.0,0.0,0.0,0.0,0.0,0.0,0.0,0.0,4.0,0.06631299734748011,20030228_easy_ham.tar.bz2,1bb181f288170a3b
0,154.0,26.0,2.0,0.0,0.0,0.0,0.0,0.0,0.0,0.0,0.0,0.0,0.0,29.0,0.14102564102564102,20030228_easy_ham.tar.bz2,7bd41f00a608cd65
0,226.0,42.0,1.0,0.0,0.0,0.0,0.0,0.0,0.0,0.0,0.0,0.0,0.0,36.0,0.10071942446043165,20030228_easy_ham.tar.bz2,4a5aced4809b0e08
0,163.0,25.0,2.0,0.0,0.0,0.0,0.0,0.0,0.0,0.0,0.0,0.0,0.0,37.0,0.12643678160919541,20030228_easy_ham.tar.bz2,36f766157f521b52
0,100.0,17.0,1.0,0.0,0.0,0.0,0.0,0.0,0.0,0.0,0.0,0.0,0.0,122.0,0.175,20030228_easy_ham.tar.bz2,4706f85df5e1702d
0,498.0,94.0,1.0,0.0,0.0,0.0,0.0,0.0,0.0,0.0,0.0,0.0,0.0,16.0,0.06303724928366762,20030228_easy_ham.tar.bz2,c1a95179fe138d84
0,156.0,26.0,1.0,0.0,0.0,0.0,0.0,0.0,0.0,0.0,0.0,0.0,0.0,39.0,0.0963855421686747,20030228_easy_ham.tar.bz2,72d59fbaadb39ff9
0,334.0,54.0,1.0,0.0,0.0,0.0,0.0,0.0,0.0,0.0,0.0,0.0,0.0,39.0,0.07692307692307693,20030228_easy_ham.tar.bz2,ccd17344ed7c047b
0,177.0,27.0,1.0,0.0,0.0,0.0,0.0,0.0,0.0,0.0,0.0,0.0,0.0,33.0,0.0761904761904762,20030228_easy_ham.tar.bz2,5a52490b8f377c09
0,296.0,54.0,1.0,0.0,0.0,0.0,0.0,0.0,0.0,0.0,0.0,0.0,0.0,39.0,0.0945273631840796,20030228_easy_ham.tar.bz2,ebad86b0f5a80c80
0,102.0,17.0,1.0,0.0,0.0,0.0,0.0,0.0,0.0,0.0,0.0,0.0,0.0,106.0,0.14285714285714285,20030228_easy_ham.tar.bz2,4272acac8acc58d9
0,482.0,95.0,1.0,0.0,0.0,0.0,0.0,0.0,0.0,0.0,0.0,0.0,0.0,25.0,0.07763975155279502,20030228_easy_ham.tar.bz2,69c3726d811e2a96
0,274.0,51.0,1.0,0.0,0.0,0.0,0.0,0.0,0.0,0.0,0.0,0.0,0.0,52.0,0.05847953216374269,20030228_easy_ham.tar.bz2,bf6aa442a37b2331
0,599.0,94.0,3.0,0.0,0.0,0.0,0.0,0.0,0.0,0.0,0.0,0.0,0.0,35.0,0.07640449438202247,20030228_easy_ham.tar.bz2,97328bcd9f494460
0,107.0,17.0,1.0,0.0,0.0,0.0,0.0,0.0,0.0,0.0,0.0,0.0,0.0,76.0,0.10869565217391304,20030228_easy_ham.tar.bz2,691e709fafcef815
0,102.0,17.0,1.0,0.0,0.0,0.0,0.0,0.0,0.0,0.0,0.0,0.0,0.0,118.0,0.11904761904761904,20030228_easy_ham.tar.bz2,643a4c3e375786eb
0,105.0,17.0,1.0,0.0,0.0,0.0,0.0,0.0,0.0,0.0,0.0,0.0,0.0,47.0,0.1111111111111111,20030228_easy_ham.tar.bz2,288b6b93c96707ab
0,116.0,18.0,1.0,0.0,0.0,0.0,0.0,0.0,0.0,0.0,0.0,0.0,0.0,89.0,0.14545454545454545,20030228_easy_ham.tar.bz2,196c18b0a020f8ff
0,101.0,17.0,1.0,0.0,0.0,0.0,0.0,0.0,0.0,0.0,0.0,0.0,0.0,57.0,0.17073170731707318,20030228_easy_ham.tar.bz2,6912115fdb4a85a8
0,195.0,29.0,1.0,0.0,0.0,0.0,0.0,0.0,0.0,0.0,0.0,0.0,0.0,51.0,0.08547008547008547,20030228_easy_ham.tar.bz2,31adc57a18e6122d
0,200.0,30.0,1.0,0.0,0.0,0.0,0.0,0.0,0.0,0.0,0.0,0.0,0.0,37.0,0.04081632653061224,20030228_easy_ham.tar.bz2,5bb62913667faa14
0,201.0,31.0,1.0,0.0,0.0,0.0,0.0,0.0,0.0,0.0,0.0,0.0,0.0,49.0,0.06802721088435375,20030228_easy_ham.tar.bz2,5c23db0978d7535c
0,154.0,26.0,2.0,0.0,0.0,0.0,0.0,0.0,0.0,0.0,0.0,0.0,0.0,44.0,0.14102564102564102,20030228_easy_ham.tar.bz2,44d0e1a37888bf93
0,312.0,54.0,1.0,0.0,0.0,0.0,0.0,0.0,0.0,0.0,0.0,0.0,0.0,34.0,0.056338028169014086,20030228_easy_ham.tar.bz2,bbd9abba542ea8ac
0,259.0,44.0,1.0,0.0,0.0,0.0,0.0,0.0,0.0,0.0,0.0,0.0,0.0,19.0,0.07784431137724551,20030228_easy_ham.tar.bz2,310883b89736ebf3
0,395.0,63.0,1.0,0.0,0.0,0.0,0.0,0.0,0.0,0.0,0.0,0.0,0.0,21.0,0.046263345195729534,20030228_easy_ham.tar.bz2,fd1ef9bfaea9dd6f
0,158.0,25.0,2.0,0.0,0.0,0.0,0.0,0.0,0.0,0.0,0.0,0.0,0.0,67.0,0.12048192771084337,20030228_easy_ham.tar.bz2,c07b4709938f3924
0,103.0,17.0,1.0,0.0,0.0,0.0,0.0,0.0,0.0,0.0,0.0,0.0,0.0,57.0,0.13953488372093023,20030228_easy_ham.tar.bz2,36e1b05fa6fd0d66
0,150.0,25.0,2.0,0.0,0.0,0.0,0.0,0.0,0.0,0.0,0.0,0.0,0.0,80.0,0.16,20030228_easy_ham.tar.bz2,65b545e9f0cbfa5e
0,110.0,19.0,1.0,0.0,0.0,0.0,0.0,0.0,0.0,0.0,0.0,0.0,0.0,95.0,0.125,20030228_easy_ham.tar.bz2,5d5321fe16bf24e4
0,95.0,16.0,1.0,0.0,0.0,0.0,0.0,0.0,0.0,0.0,0.0,0.0,0.0,54.0,0.2222222222222222,20030228_easy_ham.tar.bz2,2c8d6abe3dab349e
0,105.0,18.0,1.0,0.0,0.0,0.0,0.0,0.0,0.0,0.0,0.0,0.0,0.0,43.0,0.18181818181818182,20030228_easy_ham.tar.bz2,683dd7cb66300729
0,539.0,95.0,1.0,0.0,0.0,0.0,0.0,0.0,0.0,0.0,0.0,0.0,0.0,10.0,0.053475935828877004,20030228_easy_ham.tar.bz2,e05e3c2941d3f54d
0,102.0,17.0,1.0,0.0,0.0,0.0,0.0,0.0,0.0,0.0,0.0,0.0,0.0,61.0,0.11904761904761904,20030228_easy_ham.tar.bz2,24812156af493258
0,212.0,31.0,1.0,0.0,0.0,0.0,0.0,0.0,0.0,0.0,0.0,0.0,0.0,40.0,0.07462686567164178,20030228_easy_ham.tar.bz2,f3ca28d4ae980744
0,385.0,65.0,1.0,0.0,0.0,0.0,0.0,0.0,0.0,0.0,0.0,0.0,0.0,16.0,0.06844106463878327,20030228_easy_ham.tar.bz2,5cbc073728784f89
0,109.0,18.0,1.0,0.0,0.0,0.0,0.0,0.0,0.0,0.0,0.0,0.0,0.0,125.0,0.10416666666666667,20030228_easy_ham.tar.bz2,d8fb9627374be666
0,536.0,98.0,1.0,0.0,0.0,0.0,0.0,0.0,0.0,0.0,0.0,0.0,0.0,17.0,0.09703504043126684,20030228_easy_ham.tar.bz2,85aa7c87e445fc0a
0,154.0,25.0,2.0,0.0,0.0,0.0,0.0,0.0,0.0,0.0,0.0,0.0,0.0,62.0,0.1518987341772152,20030228_easy_ham.tar.bz2,f757ad1e007aed63
0,586.0,96.0,1.0,0.0,0.0,0.0,0.0,0.0,0.0,0.0,0.0,0.0,0.0,30.0,0.07673860911270983,20030228_easy_ham.tar.bz2,296fbacd56019575
0,96.0,16.0,1.0,0.0,0.0,0.0,0.0,0.0,0.0,0.0,0.0,0.0,0.0,111.0,0.13513513513513514,20030228_easy_ham.tar.bz2,2a846ead328ef135
0,167.0,26.0,2.0,0.0,0.0,0.0,0.0,0.0,0.0,0.0,0.0,0.0,0.0,20.0,0.12087912087912088,20030228_easy_ham.tar.bz2,cd6d864355c50c90
0,1164.0,197.0,8.0,0.0,0.0,0.0,0.0,0.0,0.0,0.0,0.0,0.0,0.0,21.0,0.029023746701846966,20030228_easy_ham.tar.bz2,13b0e2eae7a5b58a
0,373.0,63.0,4.0,0.0,0.0,0.0,0.0,0.0,0.0,0.0,0.0,0.0,0.0,10.0,0.05982905982905983,20030228_easy_ham.tar.bz2,779e1147bb95df82
0,1701.0,262.0,3.0,0.0,0.0,0.0,0.0,0.0,0.0,0.0,0.0,0.0,0.0,43.0,0.04509493670886076,20030228_easy_ham.tar.bz2,798561446317daf6
0,274.0,45.0,1.0,0.0,0.0,0.0,0.0,0.0,0.0,0.0,0.0,0.0,0.0,32.0,0.059782608695652176,20030228_easy_ham.tar.bz2,a5374214feb1a2b9
0,275.0,44.0,1.0,0.0,0.0,0.0,0.0,0.0,0.0,0.0,0.0,0.0,0.0,16.0,0.09714285714285714,20030228_easy_ham.tar.bz2,d836a324f9a3a46f
0,367.0,56.0,3.0,0.0,0.0,0.0,0.0,0.0,0.0,0.0,0.0,0.0,0.0,24.0,0.07563025210084033,20030228_easy_ham.tar.bz2,57ae027757edcfdf
0,263.0,44.0,1.0,0.0,0.0,0.0,0.0,0.0,0.0,0.0,0.0,0.0,0.0,54.0,0.06547619047619048,20030228_easy_ham.tar.bz2,e878bed90f636ffc
0,208.0,32.0,1.0,0.0,0.0,0.0,0.0,0.0,0.0,0.0,0.0,0.0,0.0,45.0,0.05194805194805195,20030228_easy_ham.tar.bz2,14fe50b0ed5f35ba
0,182.0,28.0,1.0,0.0,0.0,0.0,0.0,0.0,0.0,0.0,0.0,0.0,0.0,33.0,0.08333333333333333,20030228_easy_ham.tar.bz2,dfffcc672f1e743b
0,247.0,39.0,1.0,0.0,0.0,0.0,0.0,0.0,0.0,0.0,0.0,0.0,0.0,47.0,0.09615384615384616,20030228_easy_ham.tar.bz2,8fff2cb91d14f75d
0,187.0,30.0,1.0,0.0,0.0,0.0,0.0,0.0,0.0,0.0,0.0,0.0,0.0,39.0,0.044444444444444446,20030228_easy_ham.tar.bz2,a378e681a9dc9b03
0,171.0,27.0,1.0,0.0,0.0,0.0,0.0,0.0,0.0,0.0,0.0,0.0,0.0,44.0,0.049586776859504134,20030228_easy_ham.tar.bz2,50834b0284e58865
0,500.0,80.0,4.0,0.0,0.0,0.0,0.0,0.0,0.0,0.0,0.0,0.0,0.0,35.0,0.10919540229885058,20030228_easy_ham.tar.bz2,fb849619ca2bafa9
0,302.0,54.0,1.0,0.0,0.0,0.0,0.0,0.0,0.0,0.0,0.0,0.0,0.0,16.0,0.06532663316582915,20030228_easy_ham.tar.bz2,398af5052d002001
0,635.0,102.0,3.0,0.0,0.0,0.0,0.0,0.0,0.0,0.0,0.0,0.0,0.0,24.0,0.07349665924276169,20030228_easy_ham.tar.bz2,d0e066fac65965a8
0,151.0,24.0,1.0,0.0,0.0,0.0,0.0,0.0,0.0,0.0,0.0,0.0,0.0,33.0,0.08536585365853659,20030228_easy_ham.tar.bz2,61e659dc366fd45c
0,1513.0,237.0,4.0,0.0,0.0,0.0,0.0,0.0,0.0,0.0,0.0,0.0,0.0,22.0,0.051594746716697934,20030228_easy_ham.tar.bz2,cb12efdd00ffcde0
0,162.0,27.0,1.0,0.0,0.0,0.0,0.0,0.0,0.0,0.0,0.0,0.0,0.0,26.0,0.08888888888888889,20030228_easy_ham.tar.bz2,fe77882c844a6c15
0,200.0,30.0,1.0,0.0,0.0,0.0,0.0,0.0,0.0,0.0,0.0,0.0,0.0,42.0,0.04081632653061224,20030228_easy_ham.tar.bz2,9944df68f5167390
0,1654.0,263.0,4.0,0.0,0.0,0.0,0.0,0.0,0.0,0.0,0.0,0.0,0.0,20.0,0.04572396274343776,20030228_easy_ham.tar.bz2,434bb6bcd30c2409
0,426.0,71.0,2.0,0.0,0.0,0.0,0.0,0.0,0.0,0.0,0.0,0.0,0.0,12.0,0.10247349823321555,20030228_easy_ham.tar.bz2,518be9638875e651
0,298.0,54.0,1.0,0.0,0.0,0.0,0.0,0.0,0.0,0.0,0.0,0.0,0.0,27.0,0.06,20030228_easy_ham.tar.bz2,4fad6a0cd2781901
0,1005.0,142.0,4.0,0.0,0.0,0.0,1.0,0.0,0.0,0.0,0.0,0.0,0.0,40.0,0.06401137980085349,20030228_easy_ham.tar.bz2,765c362eea107b10
0,1472.0,242.0,3.0,0.0,0.0,0.0,0.0,0.0,0.0,0.0,0.0,0.0,0.0,46.0,0.09555984555984556,20030228_easy_ham.tar.bz2,5976d654e83eccd9
0,198.0,31.0,1.0,0.0,0.0,0.0,0.0,0.0,0.0,0.0,0.0,0.0,0.0,40.0,0.058333333333333334,20030228_easy_ham.tar.bz2,cca50c9e5b2b42f3
0,456.0,72.0,4.0,0.0,0.0,0.0,0.0,0.0,0.0,0.0,0.0,0.0,0.0,20.0,0.10835913312693499,20030228_easy_ham.tar.bz2,4bbc55017af3ec57
0,555.0,85.0,3.0,0.0,0.0,0.0,0.0,0.0,0.0,0.0,0.0,0.0,0.0,48.0,0.07161803713527852,20030228_easy_ham.tar.bz2,a712bf53c072a5e6
0,543.0,85.0,3.0,0.0,0.0,0.0,0.0,0.0,0.0,0.0,0.0,0.0,0.0,27.0,0.07712082262210797,20030228_easy_ham.tar.bz2,b1e217a21f1b771b
0,4627.0,764.0,23.0,0.0,0.0,0.0,0.0,0.0,0.0,0.0,0.0,0.0,0.0,32.0,0.026611472501478415,20030228_easy_ham.tar.bz2,46f78f102c645d8b
0,388.0,64.0,2.0,0.0,0.0,0.0,0.0,0.0,0.0,0.0,0.0,0.0,0.0,7.0,0.05138339920948617,20030228_easy_ham.tar.bz2,315509346561c56a
0,1486.0,260.0,3.0,0.0,0.0,0.0,0.0,0.0,0.0,0.0,0.0,0.0,0.0,34.0,0.0444015444015444,20030228_easy_ham.tar.bz2,863e239a7677e755
0,624.0,105.0,1.0,0.0,0.0,0.0,0.0,0.0,0.0,0.0,0.0,0.0,0.0,76.0,0.02813852813852814,20030228_easy_ham.tar.bz2,a5da3c5a29860ed8
0,386.0,67.0,3.0,0.0,0.0,0.0,0.0,0.0,0.0,0.0,0.0,0.0,0.0,32.0,0.08745247148288973,20030228_easy_ham.tar.bz2,51a14bcfee16b7c1
0,210.0,33.0,1.0,0.0,0.0,0.0,0.0,0.0,0.0,0.0,0.0,0.0,0.0,39.0,0.039473684210526314,20030228_easy_ham.tar.bz2,b161b40108df563c
0,2105.0,291.0,4.0,0.0,0.0,0.0,0.0,0.0,0.0,0.0,0.0,0.0,0.0,48.0,0.045,20030228_easy_ham.tar.bz2,74dc90d643ad346d
0,213.0,37.0,1.0,0.0,0.0,0.0,0.0,0.0,0.0,0.0,0.0,0.0,0.0,52.0,0.07352941176470588,20030228_easy_ham.tar.bz2,78fb5ffe8f59d55c
0,194.0,31.0,1.0,0.0,0.0,0.0,0.0,0.0,0.0,0.0,0.0,0.0,0.0,33.0,0.08130081300813008,20030228_easy_ham.tar.bz2,92c3716304dbfb66
0,302.0,54.0,1.0,0.0,0.0,0.0,0.0,0.0,0.0,0.0,0.0,0.0,0.0,28.0,0.0594059405940594,20030228_easy_ham.tar.bz2,c1e3d8802986db8d
0,361.0,61.0,4.0,0.0,0.0,0.0,0.0,0.0,0.0,0.0,0.0,0.0,0.0,21.0,0.08641975308641975,20030228_easy_ham.tar.bz2,a14c6e7a914c06a7
0,1015.0,170.0,3.0,0.0,0.0,0.0,0.0,0.0,0.0,0.0,0.0,0.0,0.0,46.0,0.04533333333333334,20030228_easy_ham.tar.bz2,74b218a9063f0fca
0,273.0,45.0,2.0,0.0,0.0,0.0,0.0,0.0,0.0,0.0,0.0,0.0,0.0,7.0,0.0783132530120482,20030228_easy_ham.tar.bz2,bd6a10f14f80688d
0,340.0,52.0,2.0,0.0,0.0,0.0,0.0,0.0,0.0,0.0,0.0,0.0,0.0,20.0,0.05909090909090909,20030228_easy_ham.tar.bz2,68c624ddb1bb86d4
0,392.0,63.0,5.0,0.0,0.0,0.0,0.0,0.0,0.0,0.0,0.0,0.0,0.0,34.0,0.10622710622710622,20030228_easy_ham.tar.bz2,9a226224c6885bc3
0,1686.0,285.0,6.0,0.0,0.0,0.0,0.0,0.0,0.0,0.0,0.0,0.0,0.0,9.0,0.08673894912427023,20030228_easy_ham.tar.bz2,42c4bd811b859402
0,664.0,93.0,3.0,0.0,0.0,0.0,0.0,0.0,0.0,0.0,0.0,0.0,0.0,38.0,0.05708245243128964,20030228_easy_ham.tar.bz2,f79d2043d846c2e6
0,213.0,34.0,1.0,0.0,0.0,0.0,0.0,0.0,0.0,0.0,0.0,0.0,0.0,22.0,0.06923076923076923,20030228_easy_ham.tar.bz2,2c7abc5a80968913
0,211.0,32.0,1.0,0.0,0.0,0.0,0.0,0.0,0.0,0.0,0.0,0.0,0.0,47.0,0.04487179487179487,20030228_easy_ham.tar.bz2,65f258775c5094a7
0,187.0,31.0,1.0,0.0,0.0,0.0,0.0,0.0,0.0,0.0,0.0,0.0,0.0,31.0,0.045112781954887216,20030228_easy_ham.tar.bz2,a5e221b72482232f
0,165.0,29.0,1.0,0.0,0.0,0.0,0.0,0.0,0.0,0.0,0.0,0.0,0.0,31.0,0.08333333333333333,20030228_easy_ham.tar.bz2,a8c97217e8be87da
0,178.0,31.0,1.0,0.0,0.0,0.0,0.0,0.0,0.0,0.0,0.0,0.0,0.0,18.0,0.102803738317757,20030228_easy_ham.tar.bz2,79070db1fa9cac5d
0,715.0,99.0,3.0,0.0,0.0,0.0,0.0,0.0,0.0,0.0,0.0,0.0,0.0,38.0,0.07839388145315487,20030228_easy_ham.tar.bz2,5833f0e56d318aff
0,177.0,31.0,1.0,0.0,0.0,0.0,0.0,0.0,0.0,0.0,0.0,0.0,0.0,33.0,0.11009174311926606,20030228_easy_ham.tar.bz2,6b63c05e8a3efc00
0,336.0,54.0,1.0,0.0,0.0,0.0,0.0,0.0,0.0,0.0,0.0,0.0,0.0,24.0,0.04700854700854701,20030228_easy_ham.tar.bz2,c77993508c93c274
0,263.0,41.0,2.0,0.0,0.0,0.0,0.0,0.0,0.0,0.0,0.0,0.0,0.0,16.0,0.05333333333333334,20030228_easy_ham.tar.bz2,d0c20a467783799e
0,315.0,54.0,1.0,0.0,0.0,0.0,0.0,0.0,0.0,0.0,0.0,0.0,0.0,37.0,0.06018518518518518,20030228_easy_ham.tar.bz2,7f063590bff7006b
0,341.0,54.0,1.0,0.0,0.0,0.0,0.0,0.0,0.0,0.0,0.0,0.0,0.0,30.0,0.09623430962343096,20030228_easy_ham.tar.bz2,0dbdad2f3d49f53a
0,200.0,34.0,1.0,0.0,0.0,0.0,0.0,0.0,0.0,0.0,0.0,0.0,0.0,29.0,0.05714285714285714,20030228_easy_ham.tar.bz2,50fae42a3bb44e2a
0,141.0,23.0,1.0,0.0,0.0,0.0,0.0,0.0,0.0,0.0,0.0,0.0,0.0,37.0,0.11538461538461539,20030228_easy_ham.tar.bz2,529377f743b9ccf7
0,317.0,55.0,1.0,0.0,0.0,0.0,0.0,0.0,0.0,0.0,0.0,0.0,0.0,22.0,0.10697674418604651,20030228_easy_ham.tar.bz2,d69d76637cb7aa5a
0,285.0,54.0,1.0,0.0,0.0,0.0,0.0,0.0,0.0,0.0,0.0,0.0,0.0,28.0,0.18435754189944134,20030228_easy_ham.tar.bz2,49cc550d428b6446
0,1541.0,265.0,2.0,0.0,0.0,0.0,0.0,0.0,0.0,0.0,0.0,0.0,0.0,77.0,0.04580152671755725,20030228_easy_ham.tar.bz2,ddc1f5935adb285a
0,216.0,36.0,1.0,0.0,0.0,0.0,0.0,0.0,0.0,0.0,0.0,0.0,0.0,35.0,0.06293706293706294,20030228_easy_ham.tar.bz2,6851624a43adf541
0,953.0,149.0,3.0,0.0,0.0,0.0,0.0,0.0,0.0,0.0,0.0,0.0,0.0,33.0,0.08181818181818182,20030228_easy_ham.tar.bz2,741d801782ff4010
0,331.0,54.0,1.0,0.0,0.0,0.0,0.0,0.0,0.0,0.0,0.0,0.0,0.0,28.0,0.05726872246696035,20030228_easy_ham.tar.bz2,404f9b8a19fb446c
0,661.0,103.0,4.0,0.0,0.0,0.0,0.0,0.0,0.0,0.0,0.0,0.0,0.0,28.0,0.07142857142857142,20030228_easy_ham.tar.bz2,92059b92441a2b47
0,192.0,32.0,1.0,0.0,0.0,0.0,0.0,0.0,0.0,0.0,0.0,0.0,0.0,45.0,0.058823529411764705,20030228_easy_ham.tar.bz2,687b1a29c7130026
0,2067.0,329.0,4.0,0.0,0.0,0.0,0.0,0.0,0.0,0.0,0.0,0.0,0.0,45.0,0.052,20030228_easy_ham.tar.bz2,967288686e8f44bf
0,265.0,42.0,1.0,0.0,0.0,0.0,1.0,0.0,0.0,0.0,0.0,0.0,0.0,28.0,0.055248618784530384,20030228_easy_ham.tar.bz2,af6e8417260ffe87
0,339.0,52.0,2.0,0.0,0.0,0.0,0.0,0.0,0.0,0.0,0.0,0.0,0.0,8.0,0.08968609865470852,20030228_easy_ham.tar.bz2,d55fbf403f3ea6aa
0,310.0,53.0,1.0,0.0,0.0,0.0,0.0,0.0,0.0,0.0,0.0,0.0,0.0,52.0,0.0594059405940594,20030228_easy_ham.tar.bz2,ac802ff13a3a66e7
0,271.0,44.0,1.0,0.0,0.0,0.0,0.0,0.0,0.0,0.0,0.0,0.0,0.0,16.0,0.09714285714285714,20030228_easy_ham.tar.bz2,f36e02d9393e8a9c
0,222.0,37.0,1.0,0.0,0.0,0.0,0.0,0.0,0.0,0.0,0.0,0.0,0.0,28.0,0.05714285714285714,20030228_easy_ham.tar.bz2,bb439bada32bd638
0,466.0,77.0,2.0,0.0,0.0,0.0,0.0,0.0,0.0,0.0,0.0,0.0,0.0,24.0,0.06811145510835913,20030228_easy_ham.tar.bz2,da1c610cc4ff7c5d
0,6632.0,1131.0,23.0,0.0,0.0,0.0,0.0,0.0,0.0,0.0,0.0,0.0,0.0,20.0,0.040577285086801924,20030228_easy_ham.tar.bz2,aae7d50c4c569316
0,1914.0,300.0,10.0,0.0,0.0,0.0,0.0,0.0,0.0,0.0,0.0,0.0,0.0,11.0,0.06318883174136664,20030228_easy_ham.tar.bz2,fa049941059a178c
0,1757.0,281.0,8.0,0.0,0.0,0.0,0.0,0.0,0.0,0.0,0.0,0.0,0.0,22.0,0.02843601895734597,20030228_easy_ham.tar.bz2,bde5f48a2b5faf14
0,2056.0,340.0,6.0,0.0,0.0,0.0,0.0,0.0,0.0,0.0,0.0,0.0,0.0,18.0,0.037598944591029027,20030228_easy_ham.tar.bz2,a2f4441bf92402f2
0,605.0,98.0,4.0,0.0,0.0,0.0,0.0,0.0,0.0,0.0,0.0,0.0,0.0,50.0,0.05827505827505827,20030228_easy_ham.tar.bz2,8571632f7bf404cd
0,183.0,30.0,1.0,0.0,0.0,0.0,0.0,0.0,0.0,0.0,0.0,0.0,0.0,29.0,0.056074766355140186,20030228_easy_ham.tar.bz2,5870129c19ed41ab
0,727.0,114.0,3.0,0.0,0.0,0.0,0.0,0.0,0.0,0.0,0.0,0.0,0.0,12.0,0.050980392156862744,20030228_easy_ham.tar.bz2,aa7bba3e62fe5cdc
0,720.0,116.0,3.0,0.0,0.0,0.0,0.0,0.0,0.0,0.0,0.0,0.0,0.0,40.0,0.0419047619047619,20030228_easy_ham.tar.bz2,94c95d2e13b48ac9
0,160.0,26.0,1.0,0.0,0.0,0.0,0.0,0.0,0.0,0.0,0.0,0.0,0.0,37.0,0.06521739130434782,20030228_easy_ham.tar.bz2,fce4b2a57d8a7b25
0,1196.0,194.0,4.0,0.0,0.0,0.0,0.0,0.0,0.0,0.0,0.0,0.0,0.0,48.0,0.03476245654692932,20030228_easy_ham.tar.bz2,7b14b54b0dc95e14
0,238.0,39.0,1.0,0.0,0.0,0.0,0.0,0.0,0.0,0.0,0.0,0.0,0.0,37.0,0.08441558441558442,20030228_easy_ham.tar.bz2,4f606b816310ac7d
0,299.0,54.0,1.0,0.0,0.0,0.0,0.0,0.0,0.0,0.0,0.0,0.0,0.0,15.0,0.07614213197969544,20030228_easy_ham.tar.bz2,64c4ae4534a42b03
0,175.0,26.0,1.0,0.0,0.0,0.0,0.0,0.0,0.0,0.0,0.0,0.0,0.0,27.0,0.06796116504854369,20030228_easy_ham.tar.bz2,ca02781536c467a6
0,303.0,54.0,1.0,0.0,0.0,0.0,0.0,0.0,0.0,0.0,0.0,0.0,0.0,17.0,0.09852216748768473,20030228_easy_ham.tar.bz2,ecdee243f3ed2168
0,196.0,32.0,1.0,0.0,0.0,0.0,0.0,0.0,0.0,0.0,0.0,0.0,0.0,38.0,0.09322033898305085,20030228_easy_ham.tar.bz2,1335c51a146c6fa2
0,1087.0,180.0,4.0,0.0,0.0,0.0,0.0,0.0,0.0,0.0,0.0,0.0,0.0,46.0,0.049813200498132,20030228_easy_ham.tar.bz2,9f117a8afe42dced
0,190.0,33.0,1.0,0.0,0.0,0.0,0.0,0.0,0.0,0.0,0.0,0.0,0.0,46.0,0.09174311926605505,20030228_easy_ham.tar.bz2,6ea1a54b00ada687
0,258.0,41.0,1.0,0.0,0.0,0.0,0.0,0.0,0.0,0.0,0.0,0.0,0.0,33.0,0.052941176470588235,20030228_easy_ham.tar.bz2,9bc38825a96fa1c6
0,206.0,33.0,1.0,0.0,0.0,0.0,0.0,0.0,0.0,0.0,0.0,0.0,0.0,35.0,0.04697986577181208,20030228_easy_ham.tar.bz2,659b14cd86476bb1
0,215.0,35.0,1.0,0.0,0.0,0.0,0.0,0.0,0.0,0.0,0.0,0.0,0.0,32.0,0.06060606060606061,20030228_easy_ham.tar.bz2,d76b5555982628e5
0,215.0,38.0,1.0,0.0,0.0,0.0,0.0,0.0,0.0,0.0,0.0,0.0,0.0,38.0,0.05806451612903226,20030228_easy_ham.tar.bz2,766d7822370ba282
0,209.0,34.0,1.0,0.0,0.0,0.0,0.0,0.0,0.0,0.0,0.0,0.0,0.0,30.0,0.04225352112676056,20030228_easy_ham.tar.bz2,8d0b5ae06ef842c8
0,262.0,43.0,1.0,0.0,0.0,0.0,0.0,0.0,0.0,0.0,0.0,0.0,0.0,40.0,0.06626506024096386,20030228_easy_ham.tar.bz2,8297299a85fc3f12
0,231.0,35.0,1.0,0.0,0.0,0.0,0.0,0.0,0.0,0.0,0.0,0.0,0.0,34.0,0.03488372093023256,20030228_easy_ham.tar.bz2,a405c54efdf9169d
0,287.0,48.0,4.0,0.0,0.0,0.0,0.0,0.0,0.0,0.0,0.0,0.0,0.0,13.0,0.0962566844919786,20030228_easy_ham.tar.bz2,18c7226fa6af25c9
0,1321.0,209.0,4.0,0.0,0.0,0.0,0.0,0.0,0.0,0.0,0.0,0.0,0.0,24.0,0.04952581664910432,20030228_easy_ham.tar.bz2,1a9ef37e93cbf930
0,194.0,33.0,1.0,0.0,0.0,0.0,0.0,0.0,0.0,0.0,0.0,0.0,0.0,38.0,0.04411764705882353,20030228_easy_ham.tar.bz2,134e99a50c3f2c13
0,188.0,28.0,1.0,0.0,0.0,0.0,0.0,0.0,0.0,0.0,0.0,0.0,0.0,40.0,0.05185185185185185,20030228_easy_ham.tar.bz2,df39d26f875b420e
0,327.0,51.0,4.0,0.0,0.0,0.0,0.0,0.0,0.0,0.0,0.0,0.0,0.0,27.0,0.09170305676855896,20030228_easy_ham.tar.bz2,48a5f3c27e5f7dd1
0,173.0,30.0,1.0,0.0,0.0,0.0,0.0,0.0,0.0,0.0,0.0,0.0,0.0,41.0,0.07142857142857142,20030228_easy_ham.tar.bz2,04380a2976679575
0,208.0,31.0,1.0,0.0,0.0,0.0,0.0,0.0,0.0,0.0,0.0,0.0,0.0,31.0,0.05384615384615385,20030228_easy_ham.tar.bz2,9b700e6b92083cb7
0,193.0,30.0,1.0,0.0,0.0,0.0,0.0,0.0,0.0,0.0,0.0,0.0,0.0,39.0,0.05982905982905983,20030228_easy_ham.tar.bz2,d011fc8b2a13a515
0,169.0,27.0,1.0,0.0,0.0,0.0,0.0,0.0,0.0,0.0,0.0,0.0,0.0,42.0,0.06837606837606838,20030228_easy_ham.tar.bz2,0236a4db975953b7
0,193.0,31.0,1.0,0.0,0.0,0.0,0.0,0.0,0.0,0.0,0.0,0.0,0.0,44.0,0.07194244604316546,20030228_easy_ham.tar.bz2,1514c13dd13560ec
0,194.0,31.0,1.0,0.0,0.0,0.0,0.0,0.0,0.0,0.0,0.0,0.0,0.0,38.0,0.043795620437956206,20030228_easy_ham.tar.bz2,cae6dca45f1eb0e5
0,178.0,32.0,1.0,0.0,0.0,0.0,0.0,0.0,0.0,0.0,0.0,0.0,0.0,25.0,0.07142857142857142,20030228_easy_ham.tar.bz2,82da27f6926a9d1c
0,215.0,32.0,1.0,0.0,0.0,0.0,0.0,0.0,0.0,0.0,0.0,0.0,0.0,26.0,0.07462686567164178,20030228_easy_ham.tar.bz2,792b8b467d8ad7c0
0,1166.0,182.0,4.0,0.0,0.0,0.0,0.0,0.0,0.0,0.0,0.0,0.0,0.0,20.0,0.056220095693779906,20030228_easy_ham.tar.bz2,2119b0e9626576f4
0,216.0,37.0,1.0,0.0,0.0,0.0,0.0,0.0,0.0,0.0,0.0,0.0,0.0,37.0,0.045454545454545456,20030228_easy_ham.tar.bz2,567d14f25684cee2
0,196.0,31.0,1.0,0.0,0.0,0.0,0.0,0.0,0.0,0.0,0.0,0.0,0.0,30.0,0.06504065040650407,20030228_easy_ham.tar.bz2,3aaa368a1211d07e
0,559.0,88.0,4.0,0.0,0.0,0.0,0.0,0.0,0.0,0.0,0.0,0.0,0.0,37.0,0.0639386189258312,20030228_easy_ham.tar.bz2,f14ad179b5c5a256
0,155.0,26.0,1.0,0.0,0.0,0.0,0.0,0.0,0.0,0.0,0.0,0.0,0.0,31.0,0.09090909090909091,20030228_easy_ham.tar.bz2,c8a0f694f348a934
0,825.0,138.0,4.0,0.0,0.0,0.0,0.0,0.0,0.0,0.0,0.0,0.0,0.0,24.0,0.049403747870528106,20030228_easy_ham.tar.bz2,4912cb9118e39489
0,940.0,147.0,3.0,0.0,0.0,0.0,0.0,0.0,0.0,0.0,0.0,0.0,0.0,41.0,0.05082212257100149,20030228_easy_ham.tar.bz2,918dbc859cd326b7
0,772.0,133.0,7.0,0.0,0.0,0.0,0.0,0.0,0.0,0.0,0.0,0.0,0.0,5.0,0.04814004376367615,20030228_easy_ham.tar.bz2,3b5dd0f5a215245b
0,451.0,71.0,4.0,0.0,0.0,0.0,0.0,0.0,0.0,0.0,0.0,0.0,0.0,22.0,0.07951070336391437,20030228_easy_ham.tar.bz2,b5712021a632fa44
0,174.0,26.0,1.0,0.0,0.0,0.0,0.0,0.0,0.0,0.0,0.0,0.0,0.0,40.0,0.06796116504854369,20030228_easy_ham.tar.bz2,3c1d942d2f33d556
0,152.0,24.0,1.0,0.0,0.0,0.0,0.0,0.0,0.0,0.0,0.0,0.0,0.0,29.0,0.0875,20030228_easy_ham.tar.bz2,d7cbe4d6880c298f
0,201.0,30.0,1.0,0.0,0.0,0.0,0.0,0.0,0.0,0.0,0.0,0.0,0.0,48.0,0.064,20030228_easy_ham.tar.bz2,1fb6c49b900ba3ee
0,196.0,31.0,1.0,0.0,0.0,0.0,0.0,0.0,0.0,0.0,0.0,0.0,0.0,34.0,0.13043478260869565,20030228_easy_ham.tar.bz2,e7c1df86f46c5a62
0,250.0,41.0,1.0,0.0,0.0,0.0,0.0,0.0,0.0,0.0,0.0,0.0,0.0,41.0,0.08280254777070063,20030228_easy_ham.tar.bz2,3d22047587c43326
0,280.0,49.0,1.0,0.0,0.0,0.0,0.0,0.0,0.0,0.0,0.0,0.0,0.0,19.0,0.06818181818181818,20030228_easy_ham.tar.bz2,7a75ba7285e58d7e
0,2049.0,361.0,6.0,0.0,0.0,0.0,0.0,0.0,0.0,0.0,0.0,0.0,0.0,17.0,0.05160857908847185,20030228_easy_ham.tar.bz2,cfae7b4c177400e9
0,259.0,40.0,1.0,0.0,0.0,0.0,0.0,0.0,0.0,0.0,0.0,0.0,0.0,30.0,0.04093567251461988,20030228_easy_ham.tar.bz2,71e632ae38a3d2ab
0,208.0,34.0,1.0,0.0,0.0,0.0,0.0,0.0,0.0,0.0,0.0,0.0,0.0,46.0,0.05333333333333334,20030228_easy_ham.tar.bz2,f78dedd334aea5ca
0,488.0,83.0,4.0,0.0,0.0,0.0,0.0,0.0,0.0,0.0,0.0,0.0,0.0,31.0,0.05232558139534884,20030228_easy_ham.tar.bz2,897af43151829b47
0,233.0,44.0,1.0,0.0,0.0,0.0,0.0,0.0,0.0,0.0,0.0,0.0,0.0,29.0,0.1048951048951049,20030228_easy_ham.tar.bz2,3016119bd3131b0a
0,599.0,96.0,4.0,0.0,0.0,0.0,0.0,0.0,0.0,0.0,0.0,0.0,0.0,30.0,0.07390300230946882,20030228_easy_ham.tar.bz2,affea1512a47acf6
0,749.0,128.0,7.0,0.0,0.0,0.0,0.0,0.0,0.0,0.0,0.0,0.0,0.0,11.0,0.04328018223234624,20030228_easy_ham.tar.bz2,a78d3e497f60a03d
0,713.0,111.0,4.0,0.0,0.0,0.0,0.0,0.0,0.0,0.0,0.0,0.0,0.0,34.0,0.04819277108433735,20030228_easy_ham.tar.bz2,01874ea56da36dca
0,272.0,43.0,1.0,0.0,0.0,0.0,0.0,0.0,0.0,0.0,0.0,0.0,0.0,53.0,0.06629834254143646,20030228_easy_ham.tar.bz2,0589971996998ac4
0,673.0,112.0,5.0,0.0,0.0,0.0,0.0,0.0,0.0,0.0,0.0,0.0,0.0,15.0,0.07991803278688525,20030228_easy_ham.tar.bz2,4088130922fd3358
0,249.0,37.0,1.0,0.0,0.0,0.0,0.0,0.0,0.0,0.0,0.0,0.0,0.0,39.0,0.04878048780487805,20030228_easy_ham.tar.bz2,f0644d9554932cd1
0,234.0,35.0,1.0,0.0,0.0,0.0,0.0,0.0,0.0,0.0,0.0,0.0,0.0,33.0,0.08441558441558442,20030228_easy_ham.tar.bz2,831fe0be5e244bcd
0,497.0,74.0,2.0,0.0,0.0,0.0,0.0,0.0,0.0,0.0,0.0,0.0,0.0,28.0,0.03498542274052478,20030228_easy_ham.tar.bz2,cf6049755d0fd6af
0,593.0,97.0,4.0,0.0,0.0,0.0,0.0,0.0,0.0,0.0,0.0,0.0,0.0,23.0,0.06178489702517163,20030228_easy_ham.tar.bz2,5d6ee3e9a5a8f5c5
0,1471.0,229.0,4.0,0.0,0.0,0.0,0.0,0.0,0.0,0.0,0.0,0.0,0.0,24.0,0.07950191570881227,20030228_easy_ham.tar.bz2,d8f894a6cfb9aa12
0,746.0,123.0,3.0,0.0,0.0,0.0,0.0,0.0,0.0,0.0,0.0,0.0,0.0,11.0,0.035849056603773584,20030228_easy_ham.tar.bz2,dc289eb77e655709
0,385.0,63.0,2.0,0.0,0.0,0.0,0.0,0.0,0.0,0.0,0.0,0.0,0.0,7.0,0.048,20030228_easy_ham.tar.bz2,cfcfe731b5b31881
0,278.0,43.0,2.0,0.0,0.0,0.0,0.0,0.0,0.0,0.0,0.0,0.0,0.0,20.0,0.0718562874251497,20030228_easy_ham.tar.bz2,3669edcf5ea9dc9e
0,1313.0,190.0,4.0,0.0,0.0,0.0,0.0,0.0,0.0,0.0,0.0,0.0,0.0,17.0,0.02481902792140641,20030228_easy_ham.tar.bz2,2f070307c79f47c7
0,539.0,87.0,1.0,0.0,0.0,0.0,0.0,0.0,0.0,0.0,0.0,0.0,0.0,34.0,0.02763819095477387,20030228_easy_ham.tar.bz2,b2e6cd4c0b88024b
0,312.0,60.0,1.0,0.0,0.0,0.0,0.0,0.0,0.0,0.0,0.0,0.0,0.0,39.0,0.057692307692307696,20030228_easy_ham.tar.bz2,135b22535be41902
0,220.0,33.0,1.0,0.0,0.0,0.0,0.0,0.0,0.0,0.0,0.0,0.0,0.0,45.0,0.06172839506172839,20030228_easy_ham.tar.bz2,3da51a7c6d29e5d4
0,451.0,71.0,1.0,0.0,0.0,0.0,0.0,0.0,0.0,0.0,0.0,0.0,0.0,60.0,0.021148036253776436,20030228_easy_ham.tar.bz2,e71034be01fd2abf
0,208.0,33.0,1.0,0.0,0.0,0.0,0.0,0.0,0.0,0.0,0.0,0.0,0.0,36.0,0.0392156862745098,20030228_easy_ham.tar.bz2,6254512fc524f361
0,237.0,40.0,1.0,0.0,0.0,0.0,0.0,0.0,0.0,0.0,0.0,0.0,0.0,44.0,0.08552631578947369,20030228_easy_ham.tar.bz2,078367c863095a40
0,675.0,115.0,1.0,0.0,0.0,0.0,0.0,0.0,0.0,0.0,0.0,0.0,0.0,64.0,0.02217741935483871,20030228_easy_ham.tar.bz2,4e8f2600cc6026f6
0,505.0,98.0,1.0,0.0,0.0,0.0,0.0,0.0,0.0,0.0,0.0,0.0,0.0,52.0,0.02881844380403458,20030228_easy_ham.tar.bz2,b08c4b1117fb2f05
0,315.0,52.0,1.0,0.0,0.0,0.0,0.0,0.0,0.0,0.0,0.0,0.0,0.0,69.0,0.10697674418604651,20030228_easy_ham.tar.bz2,6de9d644f0c4fc50
0,504.0,87.0,1.0,0.0,0.0,0.0,0.0,0.0,0.0,0.0,0.0,0.0,0.0,41.0,0.061452513966480445,20030228_easy_ham.tar.bz2,6be12f8539ae5959
0,1667.0,289.0,4.0,0.0,0.0,0.0,0.0,0.0,0.0,0.0,0.0,0.0,0.0,43.0,0.04809286898839138,20030228_easy_ham.tar.bz2,37a87297f8d9d02e
0,240.0,40.0,1.0,0.0,0.0,0.0,0.0,0.0,0.0,0.0,0.0,0.0,0.0,56.0,0.09271523178807947,20030228_easy_ham.tar.bz2,19db15397c955905
0,538.0,94.0,1.0,0.0,0.0,0.0,0.0,0.0,0.0,0.0,0.0,0.0,0.0,51.0,0.07571801566579635,20030228_easy_ham.tar.bz2,03c81e8ead33b4e7
0,293.0,48.0,1.0,0.0,0.0,0.0,0.0,0.0,0.0,0.0,0.0,0.0,0.0,74.0,0.08080808080808081,20030228_easy_ham.tar.bz2,2126fdb4e95bdb4f
0,553.0,87.0,1.0,0.0,0.0,0.0,0.0,0.0,0.0,0.0,0.0,0.0,0.0,48.0,0.03414634146341464,20030228_easy_ham.tar.bz2,2e36629b1ff6af84
0,203.0,34.0,1.0,0.0,0.0,0.0,0.0,0.0,0.0,0.0,0.0,0.0,0.0,40.0,0.0967741935483871,20030228_easy_ham.tar.bz2,68d2bd514c153d0c
0,362.0,65.0,1.0,0.0,0.0,0.0,0.0,0.0,0.0,0.0,0.0,0.0,0.0,55.0,0.06198347107438017,20030228_easy_ham.tar.bz2,b7bf0f1cfc0fa37f
0,1047.0,155.0,3.0,0.0,0.0,0.0,0.0,0.0,0.0,0.0,0.0,0.0,0.0,39.0,0.05191256830601093,20030228_easy_ham.tar.bz2,5229845aacffd5ee
0,266.0,43.0,1.0,0.0,0.0,0.0,0.0,0.0,0.0,0.0,0.0,0.0,0.0,29.0,0.03910614525139665,20030228_easy_ham.tar.bz2,243dc4ae4001e684
0,441.0,79.0,1.0,0.0,0.0,0.0,0.0,0.0,0.0,0.0,0.0,0.0,0.0,18.0,0.032362459546925564,20030228_easy_ham.tar.bz2,b30d397cd2285251
0,624.0,105.0,1.0,0.0,0.0,0.0,0.0,0.0,0.0,0.0,0.0,0.0,0.0,76.0,0.02813852813852814,20030228_easy_ham.tar.bz2,ca670bc2c4f1f67e
0,680.0,105.0,1.0,0.0,0.0,0.0,0.0,0.0,0.0,0.0,0.0,0.0,0.0,73.0,0.023076923076923078,20030228_easy_ham.tar.bz2,341fc06b4984db3b
0,415.0,65.0,1.0,0.0,0.0,0.0,0.0,0.0,0.0,0.0,0.0,0.0,0.0,32.0,0.03678929765886288,20030228_easy_ham.tar.bz2,da43822130da08c6
0,654.0,99.0,1.0,0.0,0.0,0.0,0.0,0.0,0.0,0.0,0.0,0.0,0.0,56.0,0.0486815415821501,20030228_easy_ham.tar.bz2,b6fff5ef347747d0
0,2186.0,367.0,2.0,0.0,0.0,0.0,0.0,0.0,0.0,0.0,0.0,0.0,0.0,17.0,0.03871351995235259,20030228_easy_ham.tar.bz2,a80bfa286dd23a99
0,661.0,102.0,1.0,0.0,0.0,0.0,0.0,0.0,0.0,0.0,0.0,0.0,0.0,80.0,0.026052104208416832,20030228_easy_ham.tar.bz2,6f863e6e6f8c80a8
0,498.0,71.0,1.0,0.0,0.0,0.0,0.0,0.0,0.0,0.0,0.0,0.0,0.0,49.0,0.023936170212765957,20030228_easy_ham.tar.bz2,432cf157f1d69630
0,201.0,35.0,1.0,0.0,0.0,0.0,0.0,0.0,0.0,0.0,0.0,0.0,0.0,36.0,0.07377049180327869,20030228_easy_ham.tar.bz2,0a6ac988d1ec936c
0,117.0,20.0,1.0,0.0,0.0,0.0,0.0,0.0,0.0,0.0,0.0,0.0,0.0,34.0,0.125,20030228_easy_ham.tar.bz2,4a81a239a2d820a4
0,207.0,33.0,1.0,0.0,0.0,0.0,0.0,0.0,0.0,0.0,0.0,0.0,0.0,38.0,0.07751937984496124,20030228_easy_ham.tar.bz2,0e56877d1a2cf780
0,159.0,25.0,1.0,0.0,0.0,0.0,0.0,0.0,0.0,0.0,0.0,0.0,0.0,27.0,0.06818181818181818,20030228_easy_ham.tar.bz2,024e35a3ea7132ed
0,203.0,32.0,1.0,0.0,0.0,0.0,0.0,0.0,0.0,0.0,0.0,0.0,0.0,53.0,0.06666666666666667,20030228_easy_ham.tar.bz2,34c276f7a8d7903f
0,215.0,34.0,1.0,0.0,0.0,0.0,0.0,0.0,0.0,0.0,0.0,0.0,0.0,30.0,0.08088235294117647,20030228_easy_ham.tar.bz2,14b824ec603ca42d
0,168.0,28.0,1.0,0.0,0.0,0.0,0.0,0.0,0.0,0.0,0.0,0.0,0.0,26.0,0.07291666666666667,20030228_easy_ham.tar.bz2,ba3672b00d9bbc98
0,161.0,25.0,1.0,0.0,0.0,0.0,0.0,0.0,0.0,0.0,0.0,0.0,0.0,31.0,0.09782608695652174,20030228_easy_ham.tar.bz2,88bb89332817e71c
0,1760.0,303.0,1.0,0.0,0.0,0.0,0.0,1.0,0.0,0.0,0.0,0.0,0.0,26.0,0.11136536994660565,20030228_easy_ham.tar.bz2,8f938a321e6d0a98
0,309.0,50.0,4.0,0.0,0.0,0.0,0.0,0.0,0.0,0.0,0.0,0.0,0.0,38.0,0.06763285024154589,20030228_easy_ham.tar.bz2,66a62ad1013622cc
0,858.0,133.0,3.0,0.0,0.0,0.0,0.0,0.0,0.0,0.0,0.0,0.0,0.0,19.0,0.05813953488372093,20030228_easy_ham.tar.bz2,8296916e81c3a537
0,421.0,74.0,3.0,0.0,0.0,0.0,0.0,0.0,0.0,0.0,0.0,0.0,0.0,15.0,0.1,20030228_easy_ham.tar.bz2,a0594488cdd41538
0,7277.0,1229.0,20.0,0.0,0.0,0.0,0.0,0.0,0.0,0.0,0.0,0.0,0.0,12.0,0.0457516339869281,20030228_easy_ham.tar.bz2,d023be342aa4882b
0,1595.0,265.0,4.0,0.0,0.0,0.0,0.0,0.0,0.0,0.0,0.0,0.0,0.0,18.0,0.04936170212765958,20030228_easy_ham.tar.bz2,e3741f7d0dc64e72
0,484.0,68.0,3.0,0.0,0.0,0.0,0.0,0.0,0.0,0.0,0.0,0.0,0.0,42.0,0.1130952380952381,20030228_easy_ham.tar.bz2,3a87d5845696c7ec
0,806.0,128.0,2.0,0.0,0.0,0.0,0.0,0.0,0.0,0.0,0.0,0.0,0.0,25.0,0.05747126436781609,20030228_easy_ham.tar.bz2,55cbc7adac8ed0f5
0,288.0,49.0,1.0,0.0,0.0,0.0,0.0,0.0,0.0,0.0,0.0,0.0,0.0,23.0,0.047619047619047616,20030228_easy_ham.tar.bz2,258eaa7288d6d7ee
0,470.0,66.0,4.0,0.0,0.0,0.0,0.0,0.0,0.0,0.0,0.0,0.0,0.0,16.0,0.07580174927113703,20030228_easy_ham.tar.bz2,e571d2cf5d6d4abb
0,301.0,57.0,1.0,0.0,0.0,0.0,0.0,0.0,0.0,0.0,0.0,0.0,0.0,31.0,0.06217616580310881,20030228_easy_ham.tar.bz2,35fd4f774b7752d0
0,189.0,31.0,1.0,0.0,0.0,0.0,0.0,0.0,0.0,0.0,0.0,0.0,0.0,33.0,0.11206896551724138,20030228_easy_ham.tar.bz2,79edfd7f0c2c7526
0,349.0,60.0,3.0,0.0,0.0,0.0,0.0,0.0,0.0,0.0,0.0,0.0,0.0,39.0,0.08979591836734693,20030228_easy_ham.tar.bz2,aa1c00245614d093
0,191.0,27.0,2.0,0.0,0.0,0.0,0.0,0.0,0.0,0.0,0.0,0.0,0.0,60.0,0.06666666666666667,20030228_easy_ham.tar.bz2,ff8558ea8d4b134e
0,134.0,21.0,1.0,0.0,0.0,0.0,0.0,0.0,0.0,0.0,0.0,0.0,0.0,19.0,0.12857142857142856,20030228_easy_ham.tar.bz2,cf95896aa400d794
0,506.0,85.0,3.0,0.0,0.0,0.0,0.0,0.0,0.0,0.0,0.0,0.0,0.0,21.0,0.08991825613079019,20030228_easy_ham.tar.bz2,f9b2862b28c336e7
0,258.0,42.0,1.0,0.0,0.0,0.0,0.0,0.0,0.0,0.0,0.0,0.0,0.0,41.0,0.08433734939759036,20030228_easy_ham.tar.bz2,4280cd6345d3a345
0,280.0,49.0,1.0,0.0,0.0,0.0,0.0,0.0,0.0,0.0,0.0,0.0,0.0,19.0,0.0670391061452514,20030228_easy_ham.tar.bz2,de242a9e9f44b7bf
0,317.0,55.0,1.0,0.0,0.0,0.0,0.0,0.0,0.0,0.0,0.0,0.0,0.0,29.0,0.1291866028708134,20030228_easy_ham.tar.bz2,66c9e7ec9efd9d9b
0,248.0,38.0,1.0,0.0,0.0,0.0,0.0,0.0,0.0,0.0,0.0,0.0,0.0,31.0,0.055900621118012424,20030228_easy_ham.tar.bz2,051c10f845d0c5eb
0,201.0,34.0,1.0,0.0,0.0,0.0,0.0,0.0,0.0,0.0,0.0,0.0,0.0,37.0,0.06015037593984962,20030228_easy_ham.tar.bz2,a3745a1af821dc4c
0,703.0,124.0,4.0,0.0,0.0,0.0,0.0,0.0,0.0,0.0,0.0,0.0,0.0,46.0,0.06012024048096192,20030228_easy_ham.tar.bz2,4adbd640aad026f0
0,237.0,39.0,2.0,0.0,0.0,0.0,0.0,0.0,0.0,0.0,0.0,0.0,0.0,25.0,0.06716417910447761,20030228_easy_ham.tar.bz2,5615fd1dd09d2ed1
0,1052.0,171.0,4.0,0.0,0.0,0.0,0.0,0.0,0.0,0.0,0.0,0.0,0.0,32.0,0.05444887118193891,20030228_easy_ham.tar.bz2,bfeb8a831837998b
0,265.0,44.0,1.0,0.0,0.0,0.0,0.0,0.0,0.0,0.0,0.0,0.0,0.0,41.0,0.05142857142857143,20030228_easy_ham.tar.bz2,635350a9a375211d
0,265.0,40.0,1.0,0.0,0.0,0.0,0.0,0.0,0.0,0.0,0.0,0.0,0.0,47.0,0.05142857142857143,20030228_easy_ham.tar.bz2,7cb580ef4702cc86
0,733.0,106.0,3.0,0.0,0.0,0.0,0.0,0.0,0.0,0.0,0.0,0.0,0.0,16.0,0.1001890359168242,20030228_easy_ham.tar.bz2,3e2a8f0fa5e5e1bb
0,1063.0,162.0,5.0,0.0,0.0,0.0,0.0,0.0,0.0,0.0,0.0,0.0,0.0,23.0,0.058186738836265225,20030228_easy_ham.tar.bz2,b7735c9aa518f0ca
0,4135.0,723.0,1.0,0.0,0.0,0.0,1.0,0.0,0.0,0.0,0.0,0.0,0.0,10.0,0.04633830200907323,20030228_easy_ham.tar.bz2,0122cfffecb80e35
0,7527.0,1207.0,3.0,0.0,0.0,0.0,0.0,0.0,0.0,0.0,0.0,0.0,0.0,30.0,0.04503894344734169,20030228_easy_ham.tar.bz2,0b7a49652a8fedb3
0,370.0,61.0,4.0,0.0,0.0,0.0,0.0,0.0,0.0,0.0,0.0,0.0,0.0,56.0,0.08846153846153847,20030228_easy_ham.tar.bz2,dd75fae14725cb68
0,1116.0,178.0,3.0,0.0,0.0,0.0,0.0,0.0,0.0,0.0,0.0,0.0,0.0,51.0,0.048748353096179184,20030228_easy_ham.tar.bz2,4fbf3e0c4b8038c7
0,842.0,154.0,5.0,0.0,0.0,0.0,0.0,0.0,0.0,0.0,0.0,0.0,0.0,20.0,0.047775947281713346,20030228_easy_ham.tar.bz2,0d76cbda20886af5
0,192.0,30.0,1.0,0.0,0.0,0.0,0.0,0.0,0.0,0.0,0.0,0.0,0.0,36.0,0.09482758620689655,20030228_easy_ham.tar.bz2,d1623f6d97ccedb2
0,162.0,26.0,1.0,0.0,0.0,0.0,0.0,0.0,0.0,0.0,0.0,0.0,0.0,33.0,0.06315789473684211,20030228_easy_ham.tar.bz2,09bf3e55bbeefe06
0,207.0,35.0,1.0,0.0,0.0,0.0,0.0,0.0,0.0,0.0,0.0,0.0,0.0,33.0,0.08661417322834646,20030228_easy_ham.tar.bz2,4547f35955275446
0,621.0,102.0,4.0,0.0,0.0,0.0,0.0,0.0,0.0,0.0,0.0,0.0,0.0,30.0,0.05908096280087528,20030228_easy_ham.tar.bz2,436fd1ff9534f5b0
0,448.0,66.0,5.0,0.0,0.0,0.0,0.0,0.0,0.0,0.0,0.0,0.0,0.0,17.0,0.07523510971786834,20030228_easy_ham.tar.bz2,4accf4e1d9213f2c
0,258.0,44.0,1.0,0.0,0.0,0.0,0.0,0.0,0.0,0.0,0.0,0.0,0.0,30.0,0.08074534161490683,20030228_easy_ham.tar.bz2,318fbe5e6b1173e9
0,173.0,28.0,1.0,0.0,0.0,0.0,0.0,0.0,0.0,0.0,0.0,0.0,0.0,29.0,0.08080808080808081,20030228_easy_ham.tar.bz2,fc2b72e32ce21791
0,135.0,24.0,1.0,0.0,0.0,0.0,0.0,0.0,0.0,0.0,0.0,0.0,0.0,22.0,0.11428571428571428,20030228_easy_ham.tar.bz2,43732ddd31411705
0,538.0,82.0,4.0,0.0,0.0,0.0,0.0,0.0,0.0,0.0,0.0,0.0,0.0,36.0,0.07552083333333333,20030228_easy_ham.tar.bz2,d5b5026ec6df73ac
0,159.0,27.0,1.0,0.0,0.0,0.0,0.0,0.0,0.0,0.0,0.0,0.0,0.0,29.0,0.09411764705882353,20030228_easy_ham.tar.bz2,198f65864d54c01d
0,400.0,65.0,3.0,0.0,0.0,0.0,0.0,0.0,0.0,0.0,0.0,0.0,0.0,13.0,0.08695652173913043,20030228_easy_ham.tar.bz2,d9321e78f40ec7fc
0,211.0,33.0,1.0,0.0,0.0,0.0,0.0,0.0,0.0,0.0,0.0,0.0,0.0,39.0,0.0392156862745098,20030228_easy_ham.tar.bz2,35238dc3252bb86e
0,166.0,24.0,1.0,0.0,0.0,0.0,0.0,0.0,0.0,0.0,0.0,0.0,0.0,45.0,0.059322033898305086,20030228_easy_ham.tar.bz2,515e4275acf612f7
0,159.0,23.0,1.0,0.0,0.0,0.0,0.0,0.0,0.0,0.0,0.0,0.0,0.0,48.0,0.07692307692307693,20030228_easy_ham.tar.bz2,f4b73035b14d95fc
0,206.0,33.0,1.0,0.0,0.0,0.0,0.0,0.0,0.0,0.0,0.0,0.0,0.0,39.0,0.061224489795918366,20030228_easy_ham.tar.bz2,a9467f03828835b9
0,209.0,33.0,1.0,0.0,0.0,0.0,0.0,0.0,0.0,0.0,0.0,0.0,0.0,38.0,0.039473684210526314,20030228_easy_ham.tar.bz2,4750d9343a2874a2
0,148.0,23.0,1.0,0.0,0.0,0.0,0.0,0.0,0.0,0.0,0.0,0.0,0.0,17.0,0.1111111111111111,20030228_easy_ham.tar.bz2,9a8ebda1b8ba2727
0,6857.0,1198.0,6.0,0.0,0.0,0.0,0.0,0.0,0.0,1.0,0.0,0.0,0.0,76.0,0.048641459243777316,20030228_easy_ham.tar.bz2,fbc972f29e923277
0,470.0,73.0,4.0,0.0,0.0,0.0,0.0,0.0,0.0,0.0,0.0,0.0,0.0,21.0,0.0729483282674772,20030228_easy_ham.tar.bz2,27cd2d99fdd4c592
0,1034.0,148.0,4.0,0.0,0.0,0.0,0.0,0.0,0.0,0.0,0.0,0.0,0.0,27.0,0.04221635883905013,20030228_easy_ham.tar.bz2,59d71b753c60028b
0,266.0,41.0,1.0,0.0,0.0,0.0,0.0,0.0,0.0,0.0,0.0,0.0,0.0,25.0,0.06432748538011696,20030228_easy_ham.tar.bz2,526929e8c64f4e5d
0,410.0,66.0,4.0,0.0,0.0,0.0,0.0,0.0,0.0,0.0,0.0,0.0,0.0,26.0,0.06529209621993128,20030228_easy_ham.tar.bz2,7e96c2c9b2d05d25
0,1371.0,216.0,3.0,0.0,0.0,0.0,0.0,0.0,0.0,0.0,0.0,0.0,0.0,13.0,0.061375661375661375,20030228_easy_ham.tar.bz2,cc814d0866b6032d
0,286.0,50.0,2.0,0.0,0.0,0.0,0.0,0.0,0.0,0.0,0.0,0.0,0.0,13.0,0.06557377049180328,20030228_easy_ham.tar.bz2,623ef48a4097abe9
0,2351.0,437.0,1.0,0.0,0.0,0.0,0.0,0.0,0.0,0.0,0.0,0.0,0.0,3.0,0.03134068485200232,20030228_easy_ham.tar.bz2,85f50c74ddfb2761
0,1103.0,177.0,12.0,0.0,0.0,0.0,0.0,0.0,0.0,0.0,0.0,0.0,0.0,4.0,0.08405797101449275,20030228_easy_ham.tar.bz2,8b9ca31fbfcca557
0,864.0,144.0,4.0,0.0,0.0,0.0,0.0,0.0,0.0,0.0,0.0,0.0,0.0,77.0,0.06041335453100159,20030228_easy_ham.tar.bz2,e4590101252e6da6
0,192.0,30.0,1.0,0.0,0.0,0.0,0.0,0.0,0.0,0.0,0.0,0.0,0.0,32.0,0.10084033613445378,20030228_easy_ham.tar.bz2,a2ba8554f3ce6a13
0,253.0,35.0,1.0,0.0,0.0,0.0,0.0,0.0,0.0,0.0,0.0,0.0,0.0,33.0,0.06707317073170732,20030228_easy_ham.tar.bz2,ac8687afb978e450
0,213.0,35.0,1.0,0.0,0.0,0.0,0.0,0.0,0.0,0.0,0.0,0.0,0.0,33.0,0.07518796992481203,20030228_easy_ham.tar.bz2,c228e37368e2a5a1
0,275.0,52.0,1.0,0.0,0.0,0.0,0.0,0.0,0.0,0.0,0.0,0.0,0.0,13.0,0.07344632768361582,20030228_easy_ham.tar.bz2,cea4573410113b41
0,202.0,32.0,1.0,0.0,0.0,0.0,0.0,0.0,0.0,0.0,0.0,0.0,0.0,49.0,0.05517241379310345,20030228_easy_ham.tar.bz2,87a13d4b9f89f4f7
0,153.0,25.0,1.0,0.0,0.0,0.0,0.0,0.0,0.0,0.0,0.0,0.0,0.0,29.0,0.10344827586206896,20030228_easy_ham.tar.bz2,f3730f9550b61d2c
0,195.0,29.0,1.0,0.0,0.0,0.0,0.0,0.0,0.0,0.0,0.0,0.0,0.0,47.0,0.0625,20030228_easy_ham.tar.bz2,687ffa3340e177ec
0,319.0,54.0,1.0,0.0,0.0,0.0,0.0,0.0,0.0,0.0,0.0,0.0,0.0,18.0,0.08530805687203792,20030228_easy_ham.tar.bz2,4d3c026fe271ffa1
0,211.0,33.0,1.0,0.0,0.0,0.0,0.0,0.0,0.0,0.0,0.0,0.0,0.0,39.0,0.0392156862745098,20030228_easy_ham.tar.bz2,9d5d450466823e6e
0,307.0,54.0,1.0,0.0,0.0,0.0,0.0,0.0,0.0,0.0,0.0,0.0,0.0,20.0,0.04830917874396135,20030228_easy_ham.tar.bz2,8853973f0bd5af18
0,689.0,115.0,7.0,0.0,0.0,0.0,0.0,0.0,0.0,0.0,0.0,0.0,0.0,14.0,0.045454545454545456,20030228_easy_ham.tar.bz2,6d11edec5fcda705
0,154.0,27.0,1.0,0.0,0.0,0.0,0.0,0.0,0.0,0.0,0.0,0.0,0.0,38.0,0.12048192771084337,20030228_easy_ham.tar.bz2,9d73b5f231292899
0,215.0,31.0,1.0,0.0,0.0,0.0,0.0,0.0,0.0,0.0,0.0,0.0,0.0,53.0,0.03773584905660377,20030228_easy_ham.tar.bz2,21d290f08be8a7b1
0,189.0,30.0,1.0,0.0,0.0,0.0,0.0,0.0,0.0,0.0,0.0,0.0,0.0,13.0,0.08181818181818182,20030228_easy_ham.tar.bz2,7a192587db4aa24e
0,153.0,23.0,1.0,0.0,0.0,0.0,0.0,0.0,0.0,0.0,0.0,0.0,0.0,49.0,0.08433734939759036,20030228_easy_ham.tar.bz2,c9716b2dd2050a42
0,227.0,36.0,1.0,0.0,0.0,0.0,0.0,0.0,0.0,0.0,0.0,0.0,0.0,36.0,0.06060606060606061,20030228_easy_ham.tar.bz2,79e46ebde663de85
0,226.0,38.0,1.0,0.0,0.0,0.0,0.0,0.0,0.0,0.0,0.0,0.0,0.0,20.0,0.07971014492753623,20030228_easy_ham.tar.bz2,85d659b4162905c6
0,206.0,31.0,1.0,0.0,0.0,0.0,0.0,0.0,0.0,0.0,0.0,0.0,0.0,36.0,0.040268456375838924,20030228_easy_ham.tar.bz2,83dca4a4e2cc043e
0,167.0,26.0,1.0,0.0,0.0,0.0,0.0,0.0,0.0,0.0,0.0,0.0,0.0,42.0,0.07216494845360824,20030228_easy_ham.tar.bz2,3d2048f10568bfaa
0,197.0,33.0,1.0,0.0,0.0,0.0,0.0,0.0,0.0,0.0,0.0,0.0,0.0,38.0,0.04411764705882353,20030228_easy_ham.tar.bz2,eafb2ead88d6e23e
0,162.0,25.0,1.0,0.0,0.0,0.0,0.0,0.0,0.0,0.0,0.0,0.0,0.0,32.0,0.08602150537634409,20030228_easy_ham.tar.bz2,126c3d69d7faae3b
0,174.0,28.0,1.0,0.0,0.0,0.0,0.0,0.0,0.0,0.0,0.0,0.0,0.0,39.0,0.05737704918032787,20030228_easy_ham.tar.bz2,bd5c1d6f9446cd8d
0,155.0,26.0,1.0,0.0,0.0,0.0,0.0,0.0,0.0,0.0,0.0,0.0,0.0,34.0,0.08433734939759036,20030228_easy_ham.tar.bz2,2aaaf0ff3176f004
0,200.0,31.0,1.0,0.0,0.0,0.0,0.0,0.0,0.0,0.0,0.0,0.0,0.0,38.0,0.0547945205479452,20030228_easy_ham.tar.bz2,e7d0cae71529c054
0,6636.0,1170.0,3.0,0.0,0.0,0.0,1.0,0.0,0.0,0.0,0.0,0.0,0.0,48.0,0.03213496686081543,20030228_easy_ham.tar.bz2,313b9cb3cb9b1c81
0,467.0,73.0,1.0,0.0,0.0,0.0,0.0,0.0,0.0,0.0,0.0,0.0,0.0,50.0,0.054945054945054944,20030228_easy_ham.tar.bz2,6cac89aaea32a801
0,255.0,40.0,1.0,0.0,0.0,0.0,0.0,0.0,0.0,0.0,0.0,0.0,0.0,23.0,0.053475935828877004,20030228_easy_ham.tar.bz2,bf0d0b94e9606763
0,322.0,49.0,1.0,0.0,0.0,0.0,0.0,0.0,0.0,0.0,0.0,0.0,1.0,41.0,0.06382978723404255,20030228_easy_ham.tar.bz2,b1508f470f386f5d
0,534.0,90.0,1.0,0.0,0.0,0.0,0.0,0.0,0.0,0.0,0.0,0.0,1.0,34.0,0.04785894206549118,20030228_easy_ham.tar.bz2,43663d8a94c61ef9
0,3627.0,532.0,1.0,0.0,0.0,0.0,0.0,0.0,0.0,0.0,0.0,0.0,1.0,76.0,0.0392156862745098,20030228_easy_ham.tar.bz2,58c1ab8ec78adaa1
0,9080.0,1467.0,2.0,0.0,0.0,0.0,1.0,0.0,0.0,0.0,0.0,0.0,0.0,41.0,0.04043700340522134,20030228_easy_ham.tar.bz2,c2622b67b8e9e45b
0,858.0,157.0,2.0,0.0,0.0,0.0,0.0,0.0,0.0,0.0,0.0,0.0,1.0,18.0,0.015060240963855422,20030228_easy_ham.tar.bz2,af3ac79f21091aba
0,1495.0,250.0,3.0,0.0,0.0,0.0,0.0,0.0,0.0,0.0,0.0,0.0,1.0,21.0,0.04884547069271759,20030228_easy_ham.tar.bz2,4455ea62d54960f2
0,357.0,59.0,1.0,0.0,0.0,0.0,0.0,0.0,0.0,0.0,0.0,0.0,0.0,38.0,0.05514705882352941,20030228_easy_ham.tar.bz2,3a681f2fb49f987f
0,3480.0,528.0,1.0,0.0,0.0,0.0,0.0,0.0,0.0,0.0,0.0,0.0,1.0,77.0,0.08357879234167893,20030228_easy_ham.tar.bz2,c6c2ba8167e894c4
0,1006.0,147.0,1.0,0.0,0.0,0.0,0.0,0.0,0.0,0.0,0.0,0.0,1.0,79.0,0.10914051841746249,20030228_easy_ham.tar.bz2,6ac23a726bb0ee9e
0,1008.0,182.0,1.0,0.0,0.0,0.0,0.0,0.0,0.0,0.0,0.0,0.0,0.0,21.0,0.026041666666666668,20030228_easy_ham.tar.bz2,33460b6af96fa3bb
0,685.0,126.0,1.0,0.0,0.0,0.0,0.0,0.0,0.0,0.0,0.0,0.0,0.0,25.0,0.04061895551257253,20030228_easy_ham.tar.bz2,609648accc29225d
0,3145.0,513.0,2.0,0.0,0.0,0.0,0.0,0.0,0.0,0.0,0.0,0.0,0.0,35.0,0.046296296296296294,20030228_easy_ham.tar.bz2,ec210a71d1d40f32
0,538.0,96.0,0.0,0.0,0.0,0.0,0.0,0.0,0.0,0.0,0.0,0.0,0.0,21.0,0.10569105691056911,20030228_easy_ham.tar.bz2,38f052b4c49902f0
0,1366.0,175.0,4.0,0.0,0.0,0.0,0.0,0.0,0.0,0.0,0.0,0.0,0.0,33.0,0.04935064935064935,20030228_easy_ham.tar.bz2,aca1fb51e4871cc7
0,678.0,121.0,1.0,0.0,0.0,0.0,0.0,0.0,0.0,0.0,0.0,0.0,0.0,21.0,0.052941176470588235,20030228_easy_ham.tar.bz2,a5da0564e6d80957
0,1339.0,230.0,1.0,0.0,0.0,0.0,0.0,0.0,0.0,0.0,0.0,0.0,0.0,21.0,0.03581800580832527,20030228_easy_ham.tar.bz2,724a0b6dc4e3f256
0,264.0,36.0,1.0,0.0,0.0,0.0,0.0,0.0,0.0,0.0,0.0,0.0,1.0,24.0,0.055900621118012424,20030228_easy_ham.tar.bz2,db7d5336c17a4b4b
0,1829.0,305.0,3.0,0.0,0.0,0.0,0.0,0.0,0.0,0.0,0.0,0.0,0.0,21.0,0.10993975903614457,20030228_easy_ham.tar.bz2,e33a3b13ce8d9dcc
0,1077.0,188.0,0.0,0.0,0.0,0.0,0.0,0.0,0.0,0.0,0.0,0.0,0.0,21.0,0.08344733242134063,20030228_easy_ham.tar.bz2,6077dc2e25eb2c57
0,1212.0,196.0,1.0,0.0,0.0,0.0,0.0,0.0,0.0,0.0,0.0,0.0,1.0,83.0,0.048458149779735685,20030228_easy_ham.tar.bz2,3fe77b6d4c9c2875
0,1287.0,231.0,1.0,0.0,0.0,0.0,0.0,0.0,0.0,0.0,0.0,0.0,0.0,29.0,0.016798418972332016,20030228_easy_ham.tar.bz2,f137b1d8ceff14b4
0,859.0,139.0,1.0,0.0,0.0,0.0,0.0,0.0,0.0,0.0,0.0,0.0,1.0,58.0,0.05015197568389058,20030228_easy_ham.tar.bz2,10eeeb9fb7e8fc05
0,608.0,96.0,1.0,0.0,0.0,0.0,0.0,0.0,0.0,0.0,0.0,0.0,0.0,25.0,0.06779661016949153,20030228_easy_ham.tar.bz2,7119a41afcf8294b
0,1717.0,297.0,1.0,0.0,0.0,0.0,0.0,0.0,0.0,0.0,0.0,0.0,1.0,57.0,0.07841483979763912,20030228_easy_ham.tar.bz2,27cf689439ad5038
0,686.0,116.0,1.0,0.0,0.0,0.0,0.0,0.0,0.0,0.0,0.0,0.0,0.0,34.0,0.055876685934489405,20030228_easy_ham.tar.bz2,d3e1a28cdfd9b1ba
0,427.0,75.0,1.0,0.0,0.0,0.0,0.0,0.0,0.0,0.0,0.0,0.0,0.0,38.0,0.06896551724137931,20030228_easy_ham.tar.bz2,2e228640f64b704e
0,649.0,107.0,1.0,0.0,0.0,0.0,0.0,0.0,0.0,0.0,0.0,0.0,1.0,34.0,0.07127429805615551,20030228_easy_ham.tar.bz2,bb789cd5a205b1b7
0,404.0,70.0,1.0,0.0,0.0,0.0,0.0,0.0,0.0,0.0,0.0,0.0,0.0,34.0,0.04421768707482993,20030228_easy_ham.tar.bz2,7c3816b514d78339
0,1010.0,184.0,1.0,0.0,0.0,0.0,0.0,0.0,0.0,0.0,0.0,0.0,0.0,22.0,0.02102496714848883,20030228_easy_ham.tar.bz2,28b6c2562857d792
0,435.0,73.0,1.0,0.0,0.0,0.0,0.0,0.0,0.0,0.0,0.0,0.0,0.0,38.0,0.0804953560371517,20030228_easy_ham.tar.bz2,027ff3aa84aae164
0,359.0,57.0,1.0,0.0,0.0,0.0,0.0,0.0,0.0,0.0,0.0,0.0,0.0,8.0,0.09859154929577464,20030228_easy_ham.tar.bz2,83f3d67f1f773110
0,555.0,84.0,4.0,0.0,0.0,0.0,0.0,0.0,0.0,0.0,0.0,0.0,0.0,45.0,0.03561643835616438,20030228_easy_ham.tar.bz2,9882c702c21dc171
0,419.0,67.0,1.0,0.0,0.0,0.0,0.0,0.0,0.0,0.0,0.0,0.0,0.0,31.0,0.06875,20030228_easy_ham.tar.bz2,8252457384e97d11
0,3583.0,597.0,3.0,0.0,0.0,0.0,1.0,0.0,0.0,0.0,0.0,0.0,0.0,27.0,0.029538904899135448,20030228_easy_ham.tar.bz2,10788abaf2b62d25
0,1440.0,247.0,2.0,0.0,0.0,0.0,0.0,0.0,0.0,0.0,0.0,0.0,0.0,21.0,0.019550342130987292,20030228_easy_ham.tar.bz2,224de1bc55779564
0,1668.0,210.0,4.0,0.0,0.0,0.0,0.0,0.0,0.0,0.0,0.0,0.0,0.0,23.0,0.06720977596741344,20030228_easy_ham.tar.bz2,34c8b4e058aee935
0,1114.0,177.0,2.0,0.0,0.0,0.0,0.0,0.0,0.0,0.0,0.0,0.0,1.0,35.0,0.05821474773609314,20030228_easy_ham.tar.bz2,497da9e0b30446a6
0,823.0,122.0,1.0,0.0,0.0,0.0,0.0,0.0,0.0,0.0,0.0,0.0,1.0,31.0,0.07586206896551724,20030228_easy_ham.tar.bz2,8750f548e6f14181
0,446.0,67.0,1.0,0.0,0.0,0.0,0.0,0.0,0.0,0.0,0.0,0.0,0.0,31.0,0.0668693009118541,20030228_easy_ham.tar.bz2,b763b79a82020990
0,351.0,54.0,1.0,0.0,0.0,0.0,0.0,0.0,0.0,0.0,0.0,0.0,0.0,30.0,0.04905660377358491,20030228_easy_ham.tar.bz2,45d2d2381a96a403
0,605.0,103.0,1.0,0.0,0.0,0.0,0.0,0.0,0.0,0.0,0.0,0.0,0.0,15.0,0.04271356783919598,20030228_easy_ham.tar.bz2,e748783456971371
0,1584.0,261.0,1.0,0.0,0.0,0.0,0.0,0.0,0.0,0.0,0.0,0.0,0.0,31.0,0.03807106598984772,20030228_easy_ham.tar.bz2,47cf6a213474d51b
0,905.0,149.0,2.0,0.0,0.0,0.0,0.0,0.0,0.0,0.0,0.0,0.0,0.0,25.0,0.0392156862745098,20030228_easy_ham.tar.bz2,d87b6bcadd16769b
0,1004.0,168.0,0.0,0.0,0.0,0.0,0.0,0.0,0.0,0.0,0.0,0.0,1.0,61.0,0.02674591381872214,20030228_easy_ham.tar.bz2,436122a0d3173be0
0,2487.0,399.0,0.0,0.0,0.0,0.0,0.0,0.0,0.0,0.0,0.0,0.0,1.0,61.0,0.037377450980392156,20030228_easy_ham.tar.bz2,1410ef8938935082
0,576.0,84.0,1.0,0.0,0.0,0.0,0.0,0.0,0.0,0.0,0.0,0.0,0.0,31.0,0.02962962962962963,20030228_easy_ham.tar.bz2,a948fd612faabde8
0,562.0,82.0,1.0,0.0,0.0,0.0,0.0,0.0,0.0,0.0,0.0,0.0,0.0,56.0,0.03526448362720403,20030228_easy_ham.tar.bz2,a6c55d20fbada126
0,4706.0,765.0,1.0,0.0,0.0,0.0,0.0,0.0,0.0,0.0,0.0,1.0,0.0,59.0,0.018660812294182216,20030228_easy_ham.tar.bz2,9652d20567d8ec60
0,292.0,49.0,1.0,0.0,0.0,0.0,0.0,0.0,0.0,0.0,0.0,0.0,0.0,46.0,0.045662100456621,20030228_easy_ham.tar.bz2,3d84ec03e040db86
0,1558.0,253.0,2.0,0.0,0.0,0.0,0.0,0.0,0.0,0.0,0.0,0.0,1.0,67.0,0.0472027972027972,20030228_easy_ham.tar.bz2,6c8269a6664041e5
0,519.0,82.0,2.0,0.0,0.0,0.0,0.0,0.0,0.0,0.0,0.0,0.0,0.0,22.0,0.04404145077720207,20030228_easy_ham.tar.bz2,c9ea1f3562520b74
0,452.0,72.0,3.0,0.0,0.0,0.0,0.0,0.0,0.0,0.0,0.0,0.0,0.0,20.0,0.053125,20030228_easy_ham.tar.bz2,ce309c66ea78378b
0,623.0,102.0,2.0,0.0,0.0,0.0,0.0,0.0,0.0,0.0,0.0,0.0,0.0,31.0,0.0255863539445629,20030228_easy_ham.tar.bz2,29d259edc182f87b
0,934.0,154.0,2.0,0.0,0.0,0.0,0.0,0.0,0.0,0.0,0.0,0.0,0.0,26.0,0.035919540229885055,20030228_easy_ham.tar.bz2,5c1e558cf55ff3fa
0,1359.0,224.0,2.0,0.0,0.0,0.0,0.0,0.0,0.0,0.0,0.0,1.0,0.0,21.0,0.04245283018867924,20030228_easy_ham.tar.bz2,3144ae2d743cce51
0,470.0,78.0,1.0,0.0,0.0,0.0,0.0,0.0,0.0,0.0,0.0,0.0,0.0,21.0,0.043835616438356165,20030228_easy_ham.tar.bz2,9d6fc55d1f748669
0,931.0,127.0,2.0,0.0,0.0,0.0,0.0,0.0,0.0,0.0,0.0,0.0,0.0,25.0,0.04340567612687813,20030228_easy_ham.tar.bz2,add9458367af5d96
0,1526.0,243.0,1.0,0.0,0.0,0.0,0.0,1.0,0.0,0.0,0.0,0.0,0.0,20.0,0.037998146431881374,20030228_easy_ham.tar.bz2,128fc0e9d6318f06
0,1119.0,187.0,2.0,0.0,0.0,0.0,0.0,0.0,0.0,0.0,0.0,0.0,0.0,25.0,0.05562273276904474,20030228_easy_ham.tar.bz2,15421aa060ec168c
0,341.0,55.0,1.0,0.0,0.0,0.0,0.0,0.0,0.0,0.0,0.0,0.0,0.0,24.0,0.03018867924528302,20030228_easy_ham.tar.bz2,18d05640f91868b5
0,1034.0,186.0,1.0,0.0,0.0,0.0,0.0,0.0,0.0,0.0,0.0,1.0,0.0,28.0,0.04150943396226415,20030228_easy_ham.tar.bz2,083c6469d21040cd
0,1955.0,304.0,3.0,0.0,0.0,0.0,0.0,1.0,0.0,0.0,0.0,0.0,1.0,24.0,0.044294294294294295,20030228_easy_ham.tar.bz2,d0e59290dd000388
0,397.0,67.0,1.0,0.0,0.0,0.0,0.0,0.0,0.0,0.0,0.0,1.0,0.0,24.0,0.06020066889632107,20030228_easy_ham.tar.bz2,716a958c28c94efd
0,933.0,145.0,1.0,0.0,0.0,0.0,0.0,0.0,0.0,0.0,0.0,0.0,1.0,53.0,0.05112781954887218,20030228_easy_ham.tar.bz2,3f027d534d9eec95
0,1431.0,265.0,1.0,0.0,0.0,0.0,0.0,1.0,0.0,0.0,0.0,0.0,0.0,24.0,0.054976303317535544,20030228_easy_ham.tar.bz2,41274f9275208c30
0,2469.0,377.0,3.0,0.0,0.0,0.0,0.0,0.0,0.0,0.0,0.0,0.0,1.0,21.0,0.041448058761804824,20030228_easy_ham.tar.bz2,bf05b893ff6f3d1b
0,7050.0,1121.0,24.0,0.0,0.0,0.0,0.0,0.0,0.0,0.0,0.0,0.0,0.0,42.0,0.13935144609991235,20030228_hard_ham.tar.bz2,96ff764985eaa3f6
0,14724.0,2335.0,2.0,0.0,0.0,0.0,0.0,0.0,1.0,0.0,0.0,0.0,0.0,52.0,0.13391544117647058,20030228_hard_ham.tar.bz2,72bcca040b380309
0,299.0,49.0,0.0,0.0,0.0,0.0,0.0,0.0,0.0,0.0,0.0,0.0,0.0,44.0,0.02608695652173913,20030228_hard_ham.tar.bz2,fe9884d75522f779
0,5987.0,881.0,5.0,0.0,0.0,0.0,0.0,1.0,0.0,0.0,0.0,0.0,1.0,34.0,0.10650887573964497,20030228_hard_ham.tar.bz2,e5d5da5f411f6fde
0,20661.0,3195.0,50.0,0.0,0.0,0.0,0.0,0.0,0.0,0.0,0.0,0.0,1.0,30.0,0.14857408761550223,20030228_hard_ham.tar.bz2,bba5a387c1f99475
0,4789.0,662.0,11.0,0.0,0.0,0.0,0.0,0.0,0.0,0.0,0.0,1.0,0.0,60.0,0.07618794796920626,20030228_hard_ham.tar.bz2,742489bf9b3a05db
0,3621.0,440.0,2.0,0.0,0.0,0.0,0.0,0.0,0.0,0.0,0.0,1.0,1.0,44.0,0.106829454406715,20030228_hard_ham.tar.bz2,62390b6ee1ae9b02
0,15450.0,2128.0,6.0,0.0,0.0,0.0,0.0,0.0,0.0,0.0,0.0,0.0,1.0,54.0,0.04159892894711677,20030228_hard_ham.tar.bz2,38e52e5d625b6568
0,1803.0,253.0,6.0,0.0,0.0,0.0,0.0,0.0,0.0,0.0,0.0,1.0,0.0,74.0,0.06524822695035461,20030228_hard_ham.tar.bz2,a5eec13b1f6b2b3b
0,11378.0,1520.0,8.0,0.0,0.0,0.0,0.0,0.0,0.0,0.0,0.0,0.0,1.0,61.0,0.05189174986862848,20030228_hard_ham.tar.bz2,cefd5d38167a739f
0,9181.0,887.0,0.0,0.0,0.0,0.0,0.0,0.0,0.0,0.0,0.0,0.0,1.0,53.0,0.0846082522021326,20030228_hard_ham.tar.bz2,9710908a7a81ceb3
0,4472.0,221.0,0.0,0.0,0.0,0.0,0.0,0.0,1.0,0.0,0.0,0.0,1.0,53.0,0.1633835457705678,20030228_hard_ham.tar.bz2,f25ca5bca1059a9e
0,11061.0,1535.0,37.0,0.0,0.0,0.0,0.0,0.0,0.0,0.0,0.0,0.0,1.0,36.0,0.15250781568574148,20030228_hard_ham.tar.bz2,2620f13a6cc8b469
0,4786.0,673.0,23.0,0.0,0.0,0.0,0.0,0.0,0.0,0.0,0.0,0.0,0.0,31.0,0.0824607329842932,20030228_hard_ham.tar.bz2,b33ac57d71696c54
0,18244.0,2859.0,5.0,0.0,0.0,0.0,1.0,0.0,0.0,1.0,0.0,0.0,1.0,47.0,0.06733387298550297,20030228_hard_ham.tar.bz2,61eb90a0cf96f050
0,13817.0,2163.0,8.0,0.0,0.0,0.0,0.0,0.0,1.0,0.0,0.0,0.0,1.0,47.0,0.08842523596621957,20030228_hard_ham.tar.bz2,323c54a3a88a4d62
0,2785.0,226.0,1.0,0.0,0.0,0.0,0.0,0.0,0.0,0.0,0.0,1.0,1.0,29.0,0.06884377758164166,20030228_hard_ham.tar.bz2,ce00a8e707c46633
0,15617.0,1476.0,0.0,0.0,0.0,0.0,0.0,0.0,0.0,0.0,0.0,0.0,1.0,25.0,0.08164840253125483,20030228_hard_ham.tar.bz2,26035c8f9c7056c2
0,9525.0,1423.0,6.0,0.0,0.0,0.0,0.0,0.0,0.0,1.0,0.0,0.0,1.0,48.0,0.10376656245347625,20030228_hard_ham.tar.bz2,f89ae437824ceec9
0,6625.0,394.0,0.0,0.0,0.0,0.0,0.0,0.0,0.0,0.0,0.0,0.0,1.0,64.0,0.11933534743202417,20030228_hard_ham.tar.bz2,8f68389af728a4fc
0,19886.0,2137.0,1.0,0.0,0.0,0.0,0.0,0.0,0.0,1.0,0.0,0.0,1.0,47.0,0.09338176663418092,20030228_hard_ham.tar.bz2,732b052e0414da23
0,7668.0,814.0,1.0,0.0,0.0,0.0,0.0,0.0,0.0,0.0,0.0,0.0,1.0,55.0,0.08312958435207823,20030228_hard_ham.tar.bz2,b989b7261bc596e7
0,8947.0,1344.0,7.0,0.0,0.0,0.0,0.0,1.0,0.0,0.0,0.0,0.0,1.0,38.0,0.08114856429463171,20030228_hard_ham.tar.bz2,c0bd065a7a328cf9
0,7865.0,610.0,0.0,0.0,0.0,0.0,0.0,0.0,0.0,0.0,0.0,0.0,1.0,36.0,0.11290866194809572,20030228_hard_ham.tar.bz2,20e399302b7bc744
0,6327.0,348.0,0.0,0.0,0.0,0.0,0.0,0.0,0.0,0.0,0.0,0.0,1.0,71.0,0.11953173136167591,20030228_hard_ham.tar.bz2,d0c1b4f8563c75f8
0,9051.0,847.0,0.0,0.0,0.0,0.0,0.0,0.0,0.0,0.0,0.0,0.0,1.0,48.0,0.07621082621082621,20030228_hard_ham.tar.bz2,b5508ef831081263
0,6483.0,807.0,0.0,0.0,0.0,0.0,0.0,0.0,0.0,0.0,0.0,0.0,1.0,70.0,0.1002957784350632,20030228_hard_ham.tar.bz2,89312c51a9648f42
0,6579.0,716.0,0.0,0.0,0.0,0.0,0.0,0.0,0.0,0.0,0.0,0.0,1.0,31.0,0.08955223880597014,20030228_hard_ham.tar.bz2,053d34da9688a01a
0,3215.0,210.0,0.0,0.0,0.0,0.0,0.0,0.0,0.0,0.0,0.0,0.0,1.0,42.0,0.10321324245374879,20030228_hard_ham.tar.bz2,27bc151904140b93
0,8259.0,925.0,0.0,0.0,0.0,0.0,0.0,1.0,0.0,0.0,0.0,0.0,1.0,52.0,0.07879333633498424,20030228_hard_ham.tar.bz2,345d967b58d6c208
0,4747.0,664.0,23.0,0.0,0.0,0.0,0.0,0.0,0.0,0.0,0.0,0.0,0.0,30.0,0.07944845699277742,20030228_hard_ham.tar.bz2,371ec50202434d63
0,15097.0,2473.0,7.0,0.0,0.0,0.0,0.0,0.0,0.0,0.0,0.0,0.0,1.0,40.0,0.07452907452907453,20030228_hard_ham.tar.bz2,7f9f13130da31bcd
0,13235.0,1074.0,13.0,0.0,0.0,0.0,0.0,0.0,0.0,0.0,0.0,0.0,1.0,48.0,0.07100478468899521,20030228_hard_ham.tar.bz2,1dbc0c0b612b7e58
0,4250.0,479.0,0.0,0.0,0.0,0.0,0.0,0.0,0.0,0.0,0.0,0.0,1.0,57.0,0.05908009516256939,20030228_hard_ham.tar.bz2,0cff24fdf241569a
0,3557.0,302.0,0.0,0.0,0.0,0.0,0.0,0.0,0.0,0.0,0.0,0.0,1.0,66.0,0.23669064748201438,20030228_hard_ham.tar.bz2,fe422c4b5b7df271
0,7363.0,480.0,0.0,0.0,0.0,0.0,0.0,0.0,0.0,0.0,0.0,0.0,1.0,60.0,0.1253904506916555,20030228_hard_ham.tar.bz2,d37a80eda0911062
0,2860.0,230.0,1.0,0.0,0.0,0.0,0.0,0.0,0.0,0.0,0.0,1.0,1.0,29.0,0.07062876830318691,20030228_hard_ham.tar.bz2,de669114197dbde6
0,7818.0,821.0,1.0,0.0,0.0,0.0,0.0,0.0,0.0,0.0,0.0,0.0,1.0,51.0,0.08307764928015104,20030228_hard_ham.tar.bz2,ba297418037eab16
0,503.0,46.0,0.0,1.0,0.0,0.0,0.0,0.0,0.0,0.0,0.0,0.0,0.0,29.0,0.03468208092485549,20030228_hard_ham.tar.bz2,00fd61a11302eba8
0,7548.0,896.0,0.0,0.0,0.0,0.0,0.0,0.0,0.0,0.0,0.0,0.0,1.0,40.0,0.0874789714011055,20030228_hard_ham.tar.bz2,b0d7c86e889b7883
0,6201.0,395.0,0.0,0.0,0.0,0.0,0.0,0.0,0.0,0.0,0.0,0.0,1.0,67.0,0.12290794979079497,20030228_hard_ham.tar.bz2,5d56f30e3315b689
0,11693.0,802.0,2.0,0.0,0.0,0.0,0.0,0.0,0.0,0.0,0.0,0.0,1.0,51.0,0.07086106935795576,20030228_hard_ham.tar.bz2,3ae26a68febb9fd9
0,2505.0,227.0,0.0,0.0,0.0,0.0,0.0,0.0,0.0,0.0,0.0,0.0,1.0,23.0,0.09927797833935018,20030228_hard_ham.tar.bz2,77b6f609ed5986f9
0,4447.0,173.0,0.0,0.0,0.0,0.0,0.0,0.0,0.0,0.0,0.0,0.0,1.0,53.0,0.13577023498694518,20030228_hard_ham.tar.bz2,eb375311cc463a88
0,6966.0,841.0,0.0,0.0,0.0,0.0,0.0,0.0,0.0,0.0,0.0,0.0,1.0,31.0,0.08143939393939394,20030228_hard_ham.tar.bz2,77be8827c66806a1
0,9537.0,935.0,0.0,0.0,0.0,0.0,0.0,0.0,0.0,0.0,0.0,0.0,1.0,53.0,0.08026030368763558,20030228_hard_ham.tar.bz2,10132e6edcf2861c
0,11263.0,1745.0,4.0,0.0,0.0,0.0,0.0,0.0,0.0,0.0,0.0,0.0,1.0,43.0,0.08154819863680624,20030228_hard_ham.tar.bz2,5ad90c337d5294d7
0,6972.0,856.0,0.0,0.0,0.0,0.0,0.0,0.0,0.0,0.0,0.0,0.0,1.0,48.0,0.10076095512988717,20030228_hard_ham.tar.bz2,d8c300a0f42e83cf
0,8552.0,1031.0,0.0,0.0,0.0,0.0,0.0,0.0,0.0,0.0,0.0,0.0,1.0,46.0,0.0728862973760933,20030228_hard_ham.tar.bz2,ff313922d3e1740d
0,5059.0,554.0,0.0,0.0,0.0,0.0,0.0,0.0,0.0,0.0,0.0,0.0,1.0,94.0,0.08457892818082391,20030228_hard_ham.tar.bz2,d7ede20cd51f85d9
0,10741.0,1610.0,7.0,0.0,0.0,0.0,0.0,0.0,0.0,0.0,0.0,0.0,1.0,50.0,0.09691689008042896,20030228_hard_ham.tar.bz2,f1b882acf562a30f
0,4419.0,617.0,21.0,0.0,0.0,0.0,0.0,0.0,0.0,0.0,0.0,0.0,0.0,28.0,0.08984375,20030228_hard_ham.tar.bz2,adb8254da4f17763
0,6787.0,435.0,0.0,0.0,0.0,0.0,0.0,0.0,0.0,0.0,0.0,0.0,1.0,56.0,0.144047035766781,20030228_hard_ham.tar.bz2,0680c1e977a97a40
0,6173.0,643.0,1.0,0.0,0.0,0.0,0.0,0.0,1.0,0.0,0.0,0.0,1.0,47.0,0.10405405405405406,20030228_hard_ham.tar.bz2,12a3e2b18ae8a12f
0,2848.0,230.0,1.0,0.0,0.0,0.0,0.0,0.0,0.0,0.0,0.0,1.0,1.0,29.0,0.07062876830318691,20030228_hard_ham.tar.bz2,01b9c66834b12d5c
0,8086.0,886.0,1.0,0.0,0.0,0.0,0.0,0.0,0.0,0.0,0.0,0.0,1.0,58.0,0.08561263064265065,20030228_hard_ham.tar.bz2,2fbfa6f1e3e3bee7
0,11819.0,1828.0,6.0,0.0,0.0,0.0,0.0,0.0,0.0,0.0,0.0,0.0,1.0,50.0,0.08618444418136617,20030228_hard_ham.tar.bz2,b2c99796c20b5c08
0,9181.0,1307.0,8.0,0.0,0.0,0.0,0.0,0.0,0.0,0.0,0.0,0.0,1.0,51.0,0.0933641975308642,20030228_hard_ham.tar.bz2,f46b9b4b1264736e
0,9224.0,895.0,0.0,0.0,0.0,0.0,0.0,0.0,0.0,0.0,0.0,0.0,1.0,55.0,0.07420169997702734,20030228_hard_ham.tar.bz2,9b854b95919fac32
0,5907.0,376.0,0.0,0.0,0.0,0.0,0.0,0.0,0.0,0.0,0.0,0.0,1.0,59.0,0.12986301369863013,20030228_hard_ham.tar.bz2,d890b19c9f1c74b9
0,6521.0,813.0,0.0,0.0,0.0,0.0,0.0,0.0,0.0,0.0,0.0,0.0,1.0,53.0,0.0948437082554101,20030228_hard_ham.tar.bz2,b91471d2ba0715e6
0,9613.0,1368.0,0.0,0.0,0.0,0.0,0.0,1.0,0.0,0.0,0.0,0.0,1.0,32.0,0.050293378038558254,20030228_hard_ham.tar.bz2,fbd8fecd1cea43a6
0,2848.0,230.0,1.0,0.0,0.0,0.0,0.0,0.0,0.0,0.0,0.0,1.0,1.0,29.0,0.07062876830318691,20030228_hard_ham.tar.bz2,2d0ebc8d23981d98
0,1816.0,159.0,1.0,0.0,0.0,0.0,0.0,0.0,0.0,0.0,0.0,1.0,1.0,21.0,0.07874015748031496,20030228_hard_ham.tar.bz2,a755e55966b9b286
0,17736.0,2889.0,7.0,0.0,0.0,0.0,0.0,0.0,0.0,0.0,0.0,0.0,1.0,42.0,0.06618880585633674,20030228_hard_ham.tar.bz2,d20e63da720a59d6
0,5239.0,721.0,27.0,0.0,0.0,0.0,0.0,0.0,0.0,0.0,0.0,0.0,0.0,28.0,0.07972732661529341,20030228_hard_ham.tar.bz2,c41874c14bb1d6ba
0,4662.0,446.0,1.0,0.0,0.0,0.0,0.0,0.0,0.0,0.0,0.0,0.0,1.0,46.0,0.12269938650306748,20030228_hard_ham.tar.bz2,d0227eecbc26875b
0,9036.0,1295.0,9.0,0.0,0.0,0.0,0.0,0.0,0.0,1.0,0.0,0.0,1.0,52.0,0.09919188718111234,20030228_hard_ham.tar.bz2,9f31b0f7ef788712
0,13281.0,2133.0,8.0,0.0,0.0,0.0,1.0,0.0,1.0,0.0,0.0,0.0,1.0,42.0,0.08158168574401665,20030228_hard_ham.tar.bz2,027e90dd9a905aa8
0,7452.0,484.0,0.0,0.0,0.0,0.0,0.0,0.0,0.0,0.0,0.0,0.0,1.0,58.0,0.13058568329718004,20030228_hard_ham.tar.bz2,8487ae23387cf143
0,8169.0,910.0,1.0,0.0,0.0,0.0,0.0,0.0,0.0,0.0,0.0,0.0,1.0,42.0,0.08322295805739514,20030228_hard_ham.tar.bz2,b76a26a6de86957a
0,11926.0,1770.0,8.0,0.0,0.0,0.0,0.0,0.0,0.0,0.0,0.0,0.0,1.0,43.0,0.08702344304996448,20030228_hard_ham.tar.bz2,6c259b74492ab2e9
0,9271.0,880.0,0.0,0.0,0.0,0.0,0.0,0.0,0.0,0.0,0.0,0.0,1.0,45.0,0.07741203178206583,20030228_hard_ham.tar.bz2,51aeb44a459bd1fa
0,5482.0,452.0,0.0,0.0,0.0,0.0,0.0,0.0,0.0,0.0,0.0,0.0,1.0,57.0,0.07955555555555556,20030228_hard_ham.tar.bz2,74dccc95126772b9
0,6095.0,396.0,0.0,0.0,0.0,0.0,0.0,0.0,0.0,0.0,0.0,0.0,1.0,70.0,0.15376166941241076,20030228_hard_ham.tar.bz2,6c7fe49f1fa441ee
0,6645.0,820.0,0.0,0.0,0.0,0.0,0.0,0.0,0.0,0.0,0.0,0.0,1.0,66.0,0.10758082497212931,20030228_hard_ham.tar.bz2,0d68d5e90e502c06
0,10377.0,1099.0,0.0,0.0,0.0,0.0,0.0,0.0,0.0,0.0,0.0,0.0,1.0,64.0,0.0739866194411649,20030228_hard_ham.tar.bz2,6dd1473eecd8e17f
0,4227.0,588.0,20.0,0.0,0.0,0.0,0.0,0.0,0.0,0.0,0.0,0.0,0.0,29.0,0.0927719821162444,20030228_hard_ham.tar.bz2,9d6d3d3e7c19c7c8
0,12984.0,2076.0,8.0,0.0,0.0,0.0,0.0,0.0,0.0,0.0,0.0,0.0,1.0,46.0,0.08472028347471276,20030228_hard_ham.tar.bz2,1a6aeb8ce1eeff88
0,3381.0,339.0,0.0,0.0,0.0,0.0,0.0,0.0,0.0,0.0,0.0,0.0,1.0,55.0,0.07369758576874205,20030228_hard_ham.tar.bz2,2e33f27fc3a2b926
0,6598.0,700.0,1.0,0.0,0.0,0.0,0.0,0.0,1.0,0.0,0.0,0.0,1.0,72.0,0.0928659286592866,20030228_hard_ham.tar.bz2,ed233da9d38403d7
0,8423.0,957.0,1.0,0.0,0.0,0.0,0.0,0.0,0.0,1.0,0.0,0.0,1.0,60.0,0.082675529705027,20030228_hard_ham.tar.bz2,7d867e2a68dcd664
0,9939.0,1463.0,8.0,0.0,0.0,0.0,0.0,0.0,0.0,0.0,0.0,0.0,1.0,46.0,0.10552691867124857,20030228_hard_ham.tar.bz2,1c9f5df96e412c08
0,13681.0,2105.0,6.0,0.0,0.0,0.0,0.0,0.0,0.0,0.0,0.0,0.0,1.0,40.0,0.06436530043772383,20030228_hard_ham.tar.bz2,e6e5ac493ac1ec33
0,20250.0,1250.0,0.0,0.0,0.0,0.0,0.0,0.0,0.0,0.0,0.0,0.0,0.0,0.0,0.0,20030228_hard_ham.tar.bz2,88187911737809e8
0,8964.0,855.0,0.0,0.0,0.0,0.0,0.0,0.0,0.0,0.0,0.0,0.0,1.0,49.0,0.08763011377390463,20030228_hard_ham.tar.bz2,0e6b7dfcfe0b2f8c
0,4519.0,173.0,0.0,0.0,0.0,0.0,0.0,0.0,0.0,0.0,0.0,0.0,1.0,65.0,0.18726114649681527,20030228_hard_ham.tar.bz2,82a2e8b933e0969e
0,6964.0,856.0,0.0,0.0,0.0,0.0,0.0,0.0,0.0,0.0,0.0,0.0,1.0,41.0,0.10443119979269241,20030228_hard_ham.tar.bz2,0346098b46b76954
0,6443.0,915.0,36.0,0.0,0.0,0.0,0.0,0.0,0.0,1.0,0.0,0.0,0.0,31.0,0.07818930041152264,20030228_hard_ham.tar.bz2,410507adc7e3a7c8
0,12047.0,1648.0,41.0,0.0,0.0,0.0,0.0,0.0,0.0,0.0,0.0,0.0,1.0,47.0,0.15141104294478527,20030228_hard_ham.tar.bz2,9bff0eee6ec3ccec
0,11524.0,1875.0,8.0,0.0,0.0,0.0,0.0,0.0,0.0,0.0,0.0,0.0,1.0,43.0,0.09445534838076546,20030228_hard_ham.tar.bz2,19e8b00ae44a406a
0,10160.0,1571.0,6.0,0.0,0.0,0.0,0.0,0.0,0.0,0.0,0.0,0.0,1.0,40.0,0.0769857433808554,20030228_hard_ham.tar.bz2,726ef03f102d493a
0,2848.0,230.0,1.0,0.0,0.0,0.0,0.0,0.0,0.0,0.0,0.0,1.0,1.0,29.0,0.07062876830318691,20030228_hard_ham.tar.bz2,63e19b00a095df67
0,15977.0,1529.0,0.0,0.0,0.0,0.0,0.0,0.0,0.0,0.0,0.0,0.0,1.0,25.0,0.07114624505928854,20030228_hard_ham.tar.bz2,ca992a02902b4c4c
0,7166.0,389.0,0.0,0.0,0.0,0.0,0.0,0.0,0.0,0.0,0.0,0.0,1.0,58.0,0.1469665271966527,20030228_hard_ham.tar.bz2,f58b422b49a35929
0,8457.0,548.0,0.0,0.0,0.0,0.0,0.0,0.0,0.0,0.0,0.0,0.0,1.0,63.0,0.1150271107668474,20030228_hard_ham.tar.bz2,2b1d4d568ddb753d
0,5809.0,630.0,0.0,0.0,0.0,0.0,0.0,0.0,0.0,0.0,0.0,0.0,1.0,28.0,0.08891838088918382,20030228_hard_ham.tar.bz2,0377fd70061257ae
0,8007.0,850.0,1.0,0.0,0.0,0.0,0.0,0.0,0.0,0.0,0.0,0.0,1.0,41.0,0.09725109725109725,20030228_hard_ham.tar.bz2,9f358859f4224834
0,9588.0,1457.0,7.0,0.0,0.0,0.0,0.0,0.0,0.0,0.0,0.0,0.0,1.0,45.0,0.10302939412117576,20030228_hard_ham.tar.bz2,e25b4526278a7912
0,10556.0,1154.0,0.0,0.0,0.0,0.0,0.0,0.0,0.0,1.0,0.0,0.0,1.0,43.0,0.07401097861063789,20030228_hard_ham.tar.bz2,bb6d8d31ddcf528b
0,6907.0,880.0,0.0,0.0,0.0,0.0,0.0,0.0,0.0,0.0,0.0,0.0,1.0,53.0,0.10063897763578275,20030228_hard_ham.tar.bz2,725b9be532ebc349
0,4636.0,537.0,0.0,0.0,0.0,0.0,0.0,0.0,0.0,1.0,0.0,0.0,1.0,42.0,0.07962891379976807,20030228_hard_ham.tar.bz2,947985d3075db106
0,6071.0,695.0,0.0,0.0,0.0,0.0,0.0,0.0,0.0,0.0,0.0,0.0,1.0,45.0,0.10341555977229601,20030228_hard_ham.tar.bz2,0eefb076bacf2cb2
0,7210.0,782.0,0.0,0.0,0.0,0.0,0.0,0.0,0.0,0.0,0.0,0.0,1.0,47.0,0.08663160808192638,20030228_hard_ham.tar.bz2,58d74e6980d847fd
0,1199.0,162.0,4.0,0.0,0.0,0.0,0.0,0.0,0.0,0.0,0.0,0.0,0.0,31.0,0.1145124716553288,20030228_hard_ham.tar.bz2,30cd4bf6ca0334aa
0,4783.0,671.0,23.0,0.0,0.0,0.0,0.0,0.0,0.0,0.0,0.0,0.0,0.0,30.0,0.0770481144343303,20030228_hard_ham.tar.bz2,525b77b201f3483e
0,1265.0,44.0,0.0,0.0,0.0,0.0,0.0,0.0,0.0,0.0,0.0,0.0,1.0,27.0,0.20284697508896798,20030228_hard_ham.tar.bz2,6a7a8854316dfcb9
0,9004.0,865.0,4.0,0.0,0.0,0.0,0.0,0.0,1.0,0.0,0.0,0.0,1.0,30.0,0.0874141876430206,20030228_hard_ham.tar.bz2,5f7230228d6078e5
0,12853.0,1892.0,7.0,0.0,0.0,0.0,0.0,0.0,1.0,0.0,0.0,0.0,1.0,51.0,0.08626511273281777,20030228_hard_ham.tar.bz2,3b8ed0918ad5f795
0,3382.0,339.0,0.0,0.0,0.0,0.0,0.0,0.0,0.0,0.0,0.0,0.0,1.0,55.0,0.07428571428571429,20030228_hard_ham.tar.bz2,e5dad5a3ace3b228
0,7881.0,873.0,1.0,0.0,0.0,0.0,0.0,0.0,0.0,0.0,0.0,0.0,1.0,45.0,0.09874198908141467,20030228_hard_ham.tar.bz2,ec87a0fcd1fef1a5
0,2848.0,230.0,1.0,0.0,0.0,0.0,0.0,0.0,0.0,0.0,0.0,1.0,1.0,29.0,0.07062876830318691,20030228_hard_ham.tar.bz2,17f24a447a521a2b
0,11903.0,1852.0,5.0,0.0,0.0,0.0,1.0,0.0,0.0,0.0,0.0,0.0,1.0,45.0,0.09112903225806451,20030228_hard_ham.tar.bz2,a5e8886f73617f9f
0,12277.0,1989.0,8.0,0.0,0.0,0.0,0.0,0.0,0.0,0.0,0.0,0.0,1.0,45.0,0.08737419945105215,20030228_hard_ham.tar.bz2,75893a2815fa1190
0,8806.0,1309.0,7.0,0.0,0.0,0.0,0.0,0.0,0.0,0.0,0.0,0.0,1.0,41.0,0.10664049721949624,20030228_hard_ham.tar.bz2,5009eb7b45879c76
0,4925.0,602.0,0.0,0.0,0.0,0.0,0.0,0.0,0.0,0.0,0.0,0.0,1.0,43.0,0.07028112449799197,20030228_hard_ham.tar.bz2,57b1b2eaea9f7bde
0,10345.0,1544.0,5.0,0.0,0.0,0.0,0.0,0.0,0.0,0.0,0.0,0.0,1.0,41.0,0.08626974483596597,20030228_hard_ham.tar.bz2,b27aa1ab447e3000
0,9074.0,856.0,0.0,0.0,0.0,0.0,0.0,0.0,0.0,0.0,0.0,0.0,1.0,55.0,0.0845700824499411,20030228_hard_ham.tar.bz2,c1b59d23ffbb22f0
0,6972.0,797.0,0.0,0.0,0.0,0.0,0.0,0.0,0.0,0.0,0.0,0.0,1.0,40.0,0.07051623203831825,20030228_hard_ham.tar.bz2,58e9abac7646f901
0,6722.0,829.0,0.0,0.0,0.0,0.0,0.0,0.0,0.0,0.0,0.0,0.0,1.0,76.0,0.10982976386600769,20030228_hard_ham.tar.bz2,a5bb0347907a98f9
0,3398.0,277.0,0.0,0.0,0.0,0.0,0.0,0.0,0.0,0.0,0.0,0.0,1.0,65.0,0.1849925705794948,20030228_hard_ham.tar.bz2,4d8056b7053dfa57
0,4375.0,506.0,0.0,0.0,0.0,0.0,0.0,0.0,0.0,0.0,0.0,0.0,1.0,77.0,0.09372419488026425,20030228_hard_ham.tar.bz2,dd06d679fcd9f961
0,4564.0,176.0,0.0,0.0,0.0,0.0,0.0,0.0,0.0,0.0,0.0,0.0,1.0,62.0,0.18929016189290163,20030228_hard_ham.tar.bz2,62ae06bcc650de22
0,7417.0,834.0,0.0,0.0,0.0,0.0,0.0,0.0,0.0,0.0,0.0,0.0,1.0,40.0,0.07872823618470856,20030228_hard_ham.tar.bz2,a4e66306376739b9
0,3259.0,324.0,0.0,0.0,0.0,0.0,0.0,0.0,0.0,0.0,0.0,0.0,1.0,43.0,0.1229012760241773,20030228_hard_ham.tar.bz2,61675819c7d70a90
0,4075.0,609.0,24.0,0.0,0.0,0.0,0.0,0.0,0.0,0.0,0.0,0.0,0.0,28.0,0.05269100489273617,20030228_hard_ham.tar.bz2,1fe9576f81c4a007
0,19952.0,3238.0,15.0,0.0,0.0,0.0,0.0,0.0,0.0,1.0,0.0,0.0,1.0,50.0,0.11404626215219578,20030228_hard_ham.tar.bz2,8d566e5be5b5e33d
0,5751.0,313.0,0.0,0.0,0.0,0.0,0.0,0.0,0.0,0.0,0.0,0.0,1.0,52.0,0.17754952311078503,20030228_hard_ham.tar.bz2,198b3ef030c82daa
0,8490.0,539.0,0.0,0.0,0.0,0.0,0.0,0.0,0.0,0.0,0.0,0.0,1.0,63.0,0.13078393881453154,20030228_hard_ham.tar.bz2,27b2916aaa3e6c6a
0,6697.0,701.0,1.0,0.0,0.0,0.0,0.0,0.0,0.0,0.0,0.0,0.0,1.0,56.0,0.10976349302607641,20030228_hard_ham.tar.bz2,af9f0ce30cc055a6
0,7537.0,874.0,1.0,0.0,0.0,0.0,0.0,0.0,0.0,0.0,0.0,0.0,1.0,47.0,0.08831646734130635,20030228_hard_ham.tar.bz2,0e745e47cebbd9ff
0,2848.0,230.0,1.0,0.0,0.0,0.0,0.0,0.0,0.0,0.0,0.0,1.0,1.0,29.0,0.07062876830318691,20030228_hard_ham.tar.bz2,6b44d1778470f659
0,5058.0,776.0,3.0,0.0,0.0,0.0,0.0,0.0,0.0,0.0,0.0,0.0,1.0,76.0,0.06672135630298058,20030228_hard_ham.tar.bz2,71cad3e4cb222c67
0,12790.0,2041.0,8.0,0.0,0.0,0.0,0.0,0.0,0.0,1.0,0.0,0.0,1.0,44.0,0.07627118644067797,20030228_hard_ham.tar.bz2,9e76d50ba53f6e16
0,9040.0,1363.0,0.0,0.0,0.0,0.0,0.0,0.0,0.0,1.0,0.0,0.0,1.0,39.0,0.0495892911469425,20030228_hard_ham.tar.bz2,e143f8ea11c82139
0,2848.0,230.0,1.0,0.0,0.0,0.0,0.0,0.0,0.0,0.0,0.0,1.0,1.0,29.0,0.07062876830318691,20030228_hard_ham.tar.bz2,8d341af2285cf69f
0,4052.0,598.0,26.0,0.0,0.0,0.0,1.0,0.0,0.0,0.0,0.0,0.0,0.0,28.0,0.05585106382978723,20030228_hard_ham.tar.bz2,7a82707ae91b8315
0,9721.0,1390.0,7.0,0.0,0.0,0.0,0.0,0.0,0.0,0.0,0.0,0.0,1.0,56.0,0.09860788863109049,20030228_hard_ham.tar.bz2,c1c9f224ec5e370e
0,8440.0,521.0,0.0,0.0,0.0,0.0,0.0,0.0,0.0,0.0,0.0,0.0,1.0,62.0,0.12593762337149625,20030228_hard_ham.tar.bz2,d98fe75154796de0
0,2848.0,230.0,1.0,0.0,0.0,0.0,0.0,0.0,0.0,0.0,0.0,1.0,1.0,29.0,0.07062876830318691,20030228_hard_ham.tar.bz2,5659d866d14568ad
0,7183.0,802.0,1.0,0.0,0.0,0.0,1.0,0.0,0.0,0.0,0.0,0.0,1.0,45.0,0.09601759100903982,20030228_hard_ham.tar.bz2,4c2e01d386b68f26
0,14950.0,2426.0,8.0,0.0,0.0,0.0,1.0,0.0,0.0,0.0,0.0,0.0,1.0,41.0,0.0746542090317853,20030228_hard_ham.tar.bz2,e618920815eab474
0,11448.0,1790.0,9.0,0.0,0.0,0.0,0.0,0.0,0.0,0.0,0.0,0.0,1.0,49.0,0.08737386167856263,20030228_hard_ham.tar.bz2,7a8f4cb44958830c
0,11381.0,1518.0,5.0,0.0,0.0,0.0,0.0,0.0,0.0,0.0,0.0,0.0,1.0,45.0,0.09543348775645268,20030228_hard_ham.tar.bz2,0e41cdf9ed5a601b
0,12637.0,1897.0,8.0,0.0,0.0,0.0,0.0,0.0,0.0,0.0,0.0,0.0,1.0,42.0,0.08614564831261101,20030228_hard_ham.tar.bz2,d67c83cf589a0912
0,3269.0,467.0,19.0,0.0,0.0,0.0,0.0,0.0,0.0,0.0,0.0,0.0,0.0,29.0,0.06534744592728946,20030228_hard_ham.tar.bz2,2720e52e6b82faeb
0,6502.0,814.0,0.0,0.0,0.0,0.0,0.0,0.0,0.0,0.0,0.0,0.0,1.0,69.0,0.09922646038943718,20030228_hard_ham.tar.bz2,c3cc40d7b03fc83c
0,9263.0,888.0,0.0,0.0,0.0,0.0,0.0,0.0,0.0,0.0,0.0,0.0,1.0,47.0,0.07673098751418843,20030228_hard_ham.tar.bz2,a4e617e13674c536
0,8995.0,1106.0,21.0,0.0,0.0,0.0,1.0,0.0,0.0,0.0,0.0,0.0,0.0,36.0,0.16858305324606404,20030228_hard_ham.tar.bz2,5260a1add025a253
0,4341.0,594.0,14.0,0.0,0.0,0.0,0.0,0.0,0.0,0.0,0.0,0.0,1.0,30.0,0.04025974025974026,20030228_hard_ham.tar.bz2,23ddd7db39e89724
0,3459.0,359.0,7.0,0.0,0.0,0.0,0.0,0.0,0.0,0.0,0.0,0.0,1.0,67.0,0.11129207383279044,20030228_hard_ham.tar.bz2,5860bf6ba0e87076
0,1141.0,175.0,4.0,0.0,0.0,0.0,0.0,0.0,0.0,0.0,0.0,0.0,1.0,27.0,0.16688396349413298,20030228_hard_ham.tar.bz2,87d7dfe0bb6752e5
0,2240.0,339.0,2.0,0.0,0.0,0.0,0.0,0.0,0.0,0.0,0.0,0.0,0.0,49.0,0.1016260162601626,20030228_hard_ham.tar.bz2,5b854a50af51b3a9
0,816.0,121.0,2.0,0.0,0.0,0.0,0.0,0.0,0.0,0.0,0.0,0.0,0.0,26.0,0.09386973180076628,20030228_hard_ham.tar.bz2,527ea0a475eb0397
0,1601.0,240.0,2.0,0.0,0.0,0.0,0.0,0.0,0.0,0.0,0.0,0.0,0.0,66.0,0.13873873873873874,20030228_hard_ham.tar.bz2,69e8bf9670ee60a1
0,3631.0,383.0,7.0,0.0,0.0,0.0,0.0,0.0,0.0,0.0,0.0,0.0,1.0,31.0,0.160075329566855,20030228_hard_ham.tar.bz2,cfdbec5e57976adb
0,4399.0,620.0,3.0,0.0,0.0,0.0,0.0,0.0,0.0,0.0,0.0,0.0,0.0,40.0,0.09358465608465609,20030228_hard_ham.tar.bz2,fc246d50040ae01d
0,11146.0,1370.0,2.0,0.0,0.0,0.0,0.0,0.0,0.0,0.0,0.0,0.0,1.0,29.0,0.06882527764742687,20030228_hard_ham.tar.bz2,b9f076a6cf8a4f73
0,28648.0,4683.0,27.0,0.0,0.0,0.0,0.0,0.0,0.0,0.0,0.0,0.0,1.0,59.0,0.05243991260014567,20030228_hard_ham.tar.bz2,0c69d5bf7d543911
0,4293.0,713.0,4.0,0.0,0.0,0.0,0.0,0.0,0.0,0.0,0.0,0.0,0.0,35.0,0.06294573643410853,20030228_hard_ham.tar.bz2,00bc48864310a3fe
0,1267.0,99.0,0.0,0.0,0.0,0.0,0.0,0.0,0.0,0.0,0.0,0.0,1.0,18.0,0.06609808102345416,20030228_hard_ham.tar.bz2,18ca7de25d6bbd7b
0,15253.0,2492.0,1.0,0.0,0.0,0.0,0.0,0.0,0.0,0.0,0.0,0.0,1.0,23.0,0.09072127908021198,20030228_hard_ham.tar.bz2,f5fd2f4dca1b3f1b
0,6343.0,638.0,1.0,0.0,0.0,0.0,0.0,0.0,0.0,0.0,0.0,0.0,1.0,51.0,0.09451732256979482,20030228_hard_ham.tar.bz2,41b17bd9692bdee1
0,23344.0,3527.0,32.0,0.0,0.0,0.0,0.0,0.0,0.0,0.0,0.0,0.0,0.0,78.0,0.06935098159168011,20030228_hard_ham.tar.bz2,8095ebcb09175426
0,5022.0,773.0,3.0,0.0,0.0,0.0,0.0,0.0,0.0,0.0,0.0,0.0,1.0,71.0,0.09088343211967259,20030228_hard_ham.tar.bz2,1b0549e031921867
0,1184.0,203.0,0.0,0.0,0.0,0.0,0.0,0.0,0.0,0.0,0.0,0.0,0.0,10.0,0.01997780244173141,20030228_hard_ham.tar.bz2,b0b07009b0b3b9c2
0,7165.0,1145.0,3.0,0.0,0.0,0.0,0.0,0.0,0.0,0.0,0.0,0.0,0.0,49.0,0.06693862414240682,20030228_hard_ham.tar.bz2,5ee416b5de953d93
0,3659.0,390.0,1.0,0.0,0.0,0.0,0.0,0.0,0.0,1.0,0.0,0.0,1.0,17.0,0.14158462259728083,20030228_hard_ham.tar.bz2,c8e9218cb70bdb16
0,12280.0,972.0,0.0,0.0,0.0,0.0,0.0,0.0,0.0,1.0,0.0,1.0,1.0,27.0,0.06753376688344172,20030228_hard_ham.tar.bz2,cb9ae1121e35baa9
0,3481.0,358.0,1.0,0.0,0.0,0.0,0.0,0.0,0.0,1.0,0.0,0.0,1.0,21.0,0.15217391304347827,20030228_hard_ham.tar.bz2,fa6fc50b6022c055
0,3488.0,359.0,1.0,0.0,0.0,0.0,0.0,0.0,0.0,1.0,0.0,0.0,1.0,21.0,0.152,20030228_hard_ham.tar.bz2,e5207c52d4411cb1
0,6228.0,999.0,0.0,0.0,0.0,0.0,0.0,0.0,0.0,0.0,0.0,0.0,1.0,12.0,0.05620316402997502,20030228_hard_ham.tar.bz2,3699f464c7789662
0,24737.0,3047.0,54.0,0.0,0.0,0.0,0.0,0.0,0.0,0.0,0.0,0.0,1.0,29.0,0.0679558763448182,20030228_hard_ham.tar.bz2,d547f403b0debf97
0,14908.0,2009.0,85.0,0.0,0.0,0.0,0.0,0.0,0.0,0.0,0.0,0.0,0.0,32.0,0.07267313630348478,20030228_hard_ham.tar.bz2,04d65ced5bc4583a
0,2278.0,366.0,2.0,0.0,0.0,0.0,0.0,0.0,0.0,0.0,0.0,0.0,1.0,0.0,0.052256532066508314,20030228_hard_ham.tar.bz2,54e7b4ecbe12d581
0,23980.0,2817.0,54.0,0.0,0.0,0.0,0.0,0.0,0.0,0.0,0.0,0.0,1.0,15.0,0.06857720349382805,20030228_hard_ham.tar.bz2,85b6981a9df7baf3
0,3410.0,343.0,1.0,0.0,0.0,0.0,0.0,0.0,0.0,1.0,0.0,0.0,1.0,21.0,0.1566202988150438,20030228_hard_ham.tar.bz2,08c1da7ab747c7d3
0,4246.0,663.0,1.0,0.0,0.0,0.0,0.0,0.0,0.0,0.0,0.0,0.0,0.0,34.0,0.04642409033877039,20030228_hard_ham.tar.bz2,91d7f0b499ce1bd8
0,2002.0,278.0,8.0,0.0,0.0,0.0,0.0,0.0,0.0,0.0,0.0,0.0,1.0,90.0,0.13395847287340926,20030228_hard_ham.tar.bz2,33fc7d2503848f0c
0,23511.0,2766.0,62.0,0.0,0.0,0.0,0.0,0.0,0.0,0.0,0.0,0.0,1.0,33.0,0.07676676450666065,20030228_hard_ham.tar.bz2,57a723878f70c9e1
0,8826.0,1405.0,18.0,0.0,0.0,0.0,0.0,0.0,0.0,0.0,1.0,0.0,1.0,39.0,0.10183688464364438,20030228_hard_ham.tar.bz2,1a8b4af8abd1a711
0,8314.0,1363.0,10.0,0.0,0.0,0.0,0.0,1.0,1.0,1.0,0.0,0.0,0.0,52.0,0.06873719060381522,20030228_hard_ham.tar.bz2,9b88eed99576bfcb
0,6972.0,975.0,1.0,0.0,0.0,0.0,0.0,0.0,0.0,1.0,0.0,0.0,1.0,37.0,0.06653704903866926,20030228_hard_ham.tar.bz2,ec72b927f4445aa9
0,261.0,37.0,2.0,1.0,0.0,0.0,0.0,0.0,0.0,0.0,0.0,0.0,0.0,46.0,0.03296703296703297,20030228_hard_ham.tar.bz2,bec8354468c9f4d0
0,12487.0,1959.0,0.0,0.0,0.0,0.0,0.0,0.0,0.0,0.0,0.0,0.0,1.0,29.0,0.059346846846846844,20030228_hard_ham.tar.bz2,2a257006e8a16102
0,1084.0,164.0,1.0,0.0,0.0,0.0,0.0,0.0,0.0,0.0,0.0,0.0,0.0,72.0,0.7486702127659575,20030228_hard_ham.tar.bz2,0d97cbc3336a556d
0,7213.0,984.0,9.0,0.0,0.0,0.0,0.0,0.0,0.0,0.0,0.0,0.0,1.0,18.0,0.20772099144549244,20030228_hard_ham.tar.bz2,28d755b57b9d3bbd
0,7051.0,1114.0,20.0,0.0,0.0,0.0,0.0,0.0,0.0,0.0,0.0,0.0,0.0,27.0,0.10398230088495575,20030228_hard_ham.tar.bz2,c2ef348f9ff69490
0,12668.0,1970.0,22.0,0.0,0.0,0.0,1.0,0.0,0.0,0.0,0.0,0.0,0.0,96.0,0.0785132382892057,20030228_hard_ham.tar.bz2,3d680514a0abf6be
0,6422.0,1223.0,1.0,0.0,0.0,0.0,0.0,0.0,0.0,0.0,0.0,0.0,1.0,32.0,0.4011956160743939,20030228_hard_ham.tar.bz2,b15a5009c597bc53
0,1508.0,212.0,6.0,0.0,0.0,0.0,0.0,0.0,0.0,0.0,0.0,0.0,0.0,33.0,0.05771495877502945,20030228_hard_ham.tar.bz2,f7d0dd82d84e58a6
0,8672.0,1333.0,18.0,0.0,0.0,0.0,0.0,0.0,0.0,0.0,0.0,0.0,0.0,102.0,0.0723625557206538,20030228_hard_ham.tar.bz2,e9cc63cbe6292fe7
0,6461.0,1019.0,7.0,0.0,0.0,0.0,0.0,0.0,1.0,0.0,0.0,0.0,1.0,10.0,0.1172991621488418,20030228_hard_ham.tar.bz2,6b09a74a929585fa
0,9511.0,1390.0,7.0,0.0,0.0,0.0,0.0,0.0,0.0,0.0,0.0,0.0,1.0,50.0,0.11304479418886199,20030228_hard_ham.tar.bz2,b4faf6a91177655f
0,6710.0,944.0,7.0,0.0,0.0,0.0,1.0,0.0,0.0,0.0,0.0,0.0,1.0,17.0,0.0976338157592465,20030228_hard_ham.tar.bz2,ae5bb11ac25bd73f
0,4357.0,572.0,6.0,0.0,0.0,0.0,0.0,0.0,0.0,0.0,0.0,0.0,1.0,34.0,0.10518573004781169,20030228_hard_ham.tar.bz2,d20607a2f8a9f67c
0,1560.0,198.0,0.0,0.0,0.0,0.0,0.0,0.0,0.0,0.0,0.0,0.0,1.0,55.0,0.07910750507099391,20030228_hard_ham.tar.bz2,8d5ac3594973147b
0,1396.0,186.0,2.0,0.0,0.0,0.0,0.0,0.0,0.0,0.0,0.0,0.0,1.0,39.0,0.12371134020618557,20030228_hard_ham.tar.bz2,da2ce2526ebcd2ad
0,35756.0,1665.0,2.0,0.0,0.0,0.0,0.0,0.0,1.0,0.0,0.0,0.0,1.0,30.0,0.0696786090621707,20030228_hard_ham.tar.bz2,64b4e8dd419daf9c
0,2308.0,279.0,6.0,0.0,0.0,0.0,0.0,0.0,1.0,0.0,0.0,0.0,1.0,60.0,0.11032531824611033,20030228_hard_ham.tar.bz2,3d9d59b81442f619
0,1680.0,205.0,8.0,0.0,0.0,0.0,0.0,0.0,0.0,0.0,0.0,0.0,0.0,30.0,0.0412573673870334,20030228_hard_ham.tar.bz2,358f39990b57d03b
0,1173.0,190.0,3.0,0.0,0.0,0.0,0.0,0.0,0.0,0.0,0.0,0.0,1.0,40.0,0.049160671462829736,20030228_hard_ham.tar.bz2,8950c0d3479487fa
0,15906.0,1293.0,0.0,0.0,0.0,0.0,0.0,0.0,0.0,0.0,0.0,0.0,1.0,53.0,0.06281122679945676,20030228_hard_ham.tar.bz2,05eb8876f3047b0b
0,2123.0,287.0,4.0,0.0,0.0,0.0,0.0,0.0,0.0,0.0,0.0,0.0,1.0,67.0,0.14166031987814165,20030228_hard_ham.tar.bz2,8ec18f5923a3f612
0,12308.0,1644.0,3.0,0.0,0.0,0.0,0.0,0.0,0.0,0.0,0.0,0.0,1.0,93.0,0.103576290063111,20030228_hard_ham.tar.bz2,8eb0088ec3b30af6
0,10825.0,2089.0,2.0,0.0,0.0,0.0,0.0,0.0,1.0,0.0,0.0,0.0,0.0,52.0,0.03224212476837554,20030228_hard_ham.tar.bz2,0f71c56a2ef90b68
0,2123.0,358.0,12.0,0.0,0.0,0.0,0.0,0.0,0.0,0.0,0.0,0.0,0.0,40.0,0.1324067300658376,20030228_hard_ham.tar.bz2,f84bfa05ffb0fc67
0,1226.0,179.0,0.0,0.0,0.0,0.0,0.0,0.0,0.0,0.0,0.0,0.0,1.0,14.0,0.15508684863523572,20030228_hard_ham.tar.bz2,bebfb889847e1a4f
0,1272.0,127.0,0.0,0.0,0.0,0.0,0.0,0.0,0.0,0.0,0.0,0.0,0.0,18.0,0.1896838602329451,20030228_hard_ham.tar.bz2,e5458d7aa98295b0
0,26734.0,3892.0,38.0,0.0,0.0,0.0,0.0,0.0,0.0,0.0,0.0,0.0,1.0,26.0,0.07529217085531079,20030228_hard_ham.tar.bz2,6706e0577d0636a7
0,657.0,100.0,0.0,0.0,0.0,0.0,0.0,0.0,0.0,0.0,0.0,0.0,1.0,20.0,0.07563025210084033,20030228_hard_ham.tar.bz2,296f56b4d599a12b
0,1055.0,132.0,0.0,0.0,0.0,0.0,0.0,0.0,0.0,0.0,0.0,0.0,0.0,44.0,0.31239092495637,20030228_hard_ham.tar.bz2,dfc9acaea7790cbf
0,20693.0,3028.0,4.0,0.0,0.0,0.0,0.0,0.0,0.0,0.0,0.0,0.0,1.0,99.0,0.053006494866959984,20030228_hard_ham.tar.bz2,766d2eabd5efff8e
0,1699.0,250.0,2.0,0.0,0.0,0.0,0.0,0.0,0.0,0.0,0.0,0.0,0.0,24.0,0.0660377358490566,20030228_hard_ham.tar.bz2,a827ab88f211196b
0,8307.0,1092.0,3.0,0.0,0.0,0.0,0.0,0.0,0.0,1.0,0.0,0.0,1.0,43.0,0.0975609756097561,20030228_hard_ham.tar.bz2,e53682d1677881ef
0,2212.0,369.0,12.0,0.0,0.0,0.0,0.0,0.0,0.0,0.0,0.0,0.0,0.0,40.0,0.13006993006993006,20030228_hard_ham.tar.bz2,810c549c33681ea6
0,4503.0,540.0,7.0,0.0,0.0,0.0,0.0,0.0,0.0,0.0,0.0,0.0,0.0,29.0,0.052428681572860444,20030228_hard_ham.tar.bz2,96714deae588e7e6
0,1697.0,269.0,1.0,0.0,0.0,0.0,0.0,1.0,0.0,0.0,0.0,0.0,1.0,31.0,0.03676470588235294,20030228_hard_ham.tar.bz2,0bc3d7629f7ccd89
0,2884.0,377.0,5.0,0.0,0.0,0.0,0.0,0.0,0.0,0.0,0.0,0.0,0.0,40.0,0.07133838383838384,20030228_hard_ham.tar.bz2,9134471265206f85
0,2540.0,374.0,4.0,0.0,0.0,0.0,0.0,0.0,0.0,0.0,0.0,0.0,0.0,38.0,0.15158777711204313,20030228_hard_ham.tar.bz2,e2c56f3b146f3b3b
0,6135.0,423.0,1.0,0.0,0.0,0.0,0.0,0.0,0.0,0.0,0.0,0.0,1.0,31.0,0.08207132388861749,20030228_hard_ham.tar.bz2,e2e1271fae6394d5
0,1634.0,252.0,3.0,0.0,0.0,0.0,0.0,0.0,0.0,0.0,0.0,0.0,0.0,50.0,0.06839032527105922,20030228_hard_ham.tar.bz2,a64cdbca0c469c78
0,4147.0,509.0,0.0,0.0,0.0,0.0,0.0,0.0,0.0,0.0,0.0,0.0,1.0,47.0,0.0749802683504341,20030228_hard_ham.tar.bz2,3c385583a8737291
0,27052.0,3364.0,69.0,0.0,0.0,0.0,0.0,0.0,0.0,0.0,0.0,0.0,1.0,24.0,0.0794945219123506,20030228_hard_ham.tar.bz2,37b57de1048b5f48
0,2588.0,275.0,1.0,0.0,0.0,0.0,0.0,0.0,0.0,0.0,0.0,0.0,1.0,31.0,0.10007199424046076,20030228_hard_ham.tar.bz2,3f96c2466fe8e785
0,605.0,111.0,1.0,0.0,0.0,0.0,0.0,0.0,0.0,0.0,0.0,0.0,0.0,56.0,0.02754237288135593,20030228_hard_ham.tar.bz2,f79da8b6de3fec20
0,25941.0,3186.0,68.0,0.0,0.0,0.0,0.0,0.0,0.0,0.0,0.0,0.0,1.0,44.0,0.0775539662751788,20030228_hard_ham.tar.bz2,3d6e308b840cf0f3
0,8182.0,1235.0,6.0,0.0,0.0,0.0,0.0,0.0,0.0,0.0,0.0,0.0,1.0,54.0,0.6110436893203883,20030228_hard_ham.tar.bz2,6959c8a5762801f2
0,5897.0,902.0,3.0,0.0,0.0,0.0,1.0,0.0,0.0,1.0,0.0,0.0,0.0,71.0,0.04779496652043408,20030228_hard_ham.tar.bz2,deeaff68df34279c
0,194814.0,23997.0,3134.0,0.0,0.0,0.0,0.0,0.0,0.0,0.0,0.0,0.0,0.0,27.0,0.05801976708795874,20030228_hard_ham.tar.bz2,7a7079f5df02215b
0,754.0,126.0,2.0,0.0,0.0,0.0,0.0,0.0,0.0,1.0,0.0,0.0,0.0,29.0,0.04639175257731959,20030228_hard_ham.tar.bz2,16c8aec6cad8bda7
0,1918.0,244.0,2.0,0.0,0.0,0.0,0.0,0.0,0.0,0.0,0.0,0.0,1.0,40.0,0.07352941176470588,20030228_hard_ham.tar.bz2,f40ef48c76aa1142
0,1902.0,293.0,0.0,2.0,0.0,0.0,0.0,0.0,0.0,0.0,0.0,0.0,0.0,35.0,0.02943237561317449,20030228_hard_ham.tar.bz2,1d86c197c2bce61f
0,4755.0,375.0,1.0,0.0,0.0,0.0,0.0,0.0,0.0,0.0,0.0,1.0,1.0,39.0,0.03721488595438175,20030228_hard_ham.tar.bz2,302b5cc4fb600d3b
0,6098.0,1005.0,3.0,0.0,0.0,0.0,0.0,0.0,0.0,0.0,0.0,0.0,0.0,40.0,0.07548012505582849,20030228_hard_ham.tar.bz2,a5c81c39f77a5334
0,1274.0,178.0,3.0,0.0,0.0,0.0,0.0,0.0,0.0,0.0,0.0,0.0,0.0,26.0,0.0689252336448598,20030228_hard_ham.tar.bz2,55210bcc1820700d
0,2604.0,412.0,2.0,0.0,0.0,0.0,0.0,0.0,0.0,0.0,0.0,0.0,0.0,55.0,0.04712041884816754,20030228_hard_ham.tar.bz2,9f2be97b1b3613fc
0,9461.0,1433.0,1.0,0.0,0.0,0.0,0.0,0.0,0.0,1.0,0.0,0.0,1.0,38.0,0.05421313506815366,20030228_hard_ham.tar.bz2,115fb5cb030fc404
0,10049.0,1508.0,19.0,0.0,0.0,0.0,0.0,0.0,0.0,0.0,0.0,0.0,0.0,79.0,0.06135458167330677,20030228_hard_ham.tar.bz2,a93f8185ef74062c
0,4007.0,393.0,0.0,18.0,0.0,0.0,0.0,0.0,0.0,0.0,0.0,0.0,1.0,46.0,0.22907268170426065,20030228_hard_ham.tar.bz2,e1084f41cda9319e
0,1899.0,336.0,0.0,1.0,0.0,0.0,0.0,0.0,0.0,0.0,0.0,0.0,0.0,68.0,0.022354694485842028,20030228_hard_ham.tar.bz2,dd33158725550f81
0,5938.0,796.0,3.0,0.0,0.0,0.0,0.0,0.0,0.0,1.0,0.0,1.0,1.0,25.0,0.11925495887760039,20030228_hard_ham.tar.bz2,a47c099aee2e3a21
0,7610.0,501.0,0.0,0.0,0.0,0.0,0.0,0.0,0.0,0.0,0.0,0.0,1.0,32.0,0.08257244938467646,20030228_hard_ham.tar.bz2,cc94d2d9b8a707a7
0,3449.0,480.0,4.0,0.0,0.0,0.0,1.0,0.0,0.0,0.0,0.0,0.0,0.0,30.0,0.05398110661268556,20030228_hard_ham.tar.bz2,1f83bd4733a07e7b
0,6628.0,887.0,11.0,0.0,0.0,0.0,0.0,0.0,0.0,0.0,0.0,1.0,1.0,63.0,0.04923076923076923,20030228_hard_ham.tar.bz2,dafe7e126b096bbb
0,6665.0,686.0,1.0,0.0,0.0,0.0,0.0,0.0,0.0,0.0,0.0,0.0,1.0,33.0,0.062264150943396226,20030228_hard_ham.tar.bz2,1a31f82f49477830
0,17151.0,2524.0,29.0,0.0,0.0,0.0,0.0,0.0,0.0,0.0,0.0,0.0,1.0,41.0,0.07680748038069794,20030228_hard_ham.tar.bz2,58e73e29e1749e54
0,7353.0,1169.0,10.0,0.0,0.0,0.0,0.0,0.0,0.0,0.0,0.0,0.0,0.0,53.0,0.07142857142857142,20030228_hard_ham.tar.bz2,580d726284313b1a
0,6789.0,1007.0,5.0,0.0,0.0,0.0,1.0,0.0,0.0,0.0,0.0,1.0,1.0,40.0,0.09041553560242221,20030228_hard_ham.tar.bz2,82bcaf3862372d7f
0,11533.0,1497.0,4.0,0.0,0.0,0.0,0.0,0.0,0.0,0.0,0.0,0.0,1.0,43.0,0.057108863771564544,20030228_hard_ham.tar.bz2,14066c5e756921fc
0,19140.0,3021.0,6.0,0.0,0.0,0.0,1.0,0.0,0.0,1.0,0.0,0.0,0.0,33.0,0.06484618511993495,20030228_hard_ham.tar.bz2,050eaed1fb75ccae
